Fraud_Case_ID,Transaction_ID,Fraud_Flag,Risk_Score,Detection_Method,Case_Status
2000001,10254170,0,0.063,Rule,Closed
2000002,10103616,1,0.069,ML Model,Confirmed
2000003,10236236,0,0.063,Rule,Closed
2000004,10125137,0,0.683,Manual,Confirmed
2000005,10249691,0,0.69,Rule,Confirmed
2000006,10277016,1,0.871,Manual,Closed
2000007,10195087,0,0.562,Rule,Open
2000008,10059830,0,0.415,Manual,Closed
2000009,10270406,0,0.241,Manual,Closed
2000010,10017009,0,0.558,Rule,Confirmed
2000011,10262966,0,0.055,Manual,Closed
2000012,10348908,0,0.573,ML Model,Confirmed
2000013,10243853,0,0.748,Manual,False Positive
2000014,10201713,0,0.846,Manual,Closed
2000015,10217797,0,0.084,ML Model,False Positive
2000016,10234738,0,0.147,ML Model,Confirmed
2000017,10260735,0,0.623,Rule,Open
2000018,10158079,0,0.312,Manual,Open
2000019,10241333,0,0.116,Manual,Open
2000020,10268258,0,0.224,ML Model,Confirmed
2000021,10368703,0,0.344,Rule,Open
2000022,10289956,0,0.159,Manual,Closed
2000023,10312841,0,0.309,ML Model,Open
2000024,10360436,0,0.192,Rule,Open
2000025,10003815,0,0.572,ML Model,False Positive
2000026,10315152,1,0.091,Manual,Confirmed
2000027,10111910,0,0.259,Manual,Open
2000028,10095465,0,0.02,Rule,False Positive
2000029,10296113,0,0.528,ML Model,Open
2000030,10031632,0,0.358,ML Model,Closed
2000031,10265028,0,0.165,Manual,Confirmed
2000032,10022767,0,0.406,Rule,Closed
2000033,10170282,0,0.109,ML Model,Open
2000034,10382488,0,0.528,Rule,Confirmed
2000035,10303064,0,0.463,Rule,Open
2000036,10353540,0,0.073,Rule,False Positive
2000037,10063657,0,0.413,Manual,False Positive
2000038,10053793,1,0.238,ML Model,False Positive
2000039,10127245,1,0.747,Rule,Open
2000040,10047854,0,0.867,Rule,Open
2000041,10245891,0,0.328,ML Model,Open
2000042,10007424,0,0.159,Rule,False Positive
2000043,10338197,0,0.347,Manual,False Positive
2000044,10022365,1,0.288,Manual,Open
2000045,10298400,0,0.939,Manual,Closed
2000046,10172048,0,0.447,Rule,Closed
2000047,10110397,0,0.239,ML Model,False Positive
2000048,10229153,0,0.64,Rule,Open
2000049,10302136,0,0.979,Manual,Closed
2000050,10081092,0,0.378,ML Model,False Positive
2000051,10249351,0,0.255,ML Model,Open
2000052,10147312,0,0.64,Manual,Confirmed
2000053,10374956,0,0.37,Rule,Confirmed
2000054,10006615,0,0.907,ML Model,False Positive
2000055,10123584,0,0.765,Rule,Confirmed
2000056,10107874,0,0.516,ML Model,False Positive
2000057,10273763,0,0.922,Rule,Closed
2000058,10197511,0,0.475,Manual,Closed
2000059,10397173,0,0.059,Manual,Closed
2000060,10397525,1,0.691,ML Model,Confirmed
2000061,10288980,0,0.414,ML Model,False Positive
2000062,10286897,0,0.033,Rule,False Positive
2000063,10027109,0,0.749,ML Model,False Positive
2000064,10335043,0,0.837,Rule,Confirmed
2000065,10206945,0,0.413,Manual,Closed
2000066,10196629,0,0.415,ML Model,Closed
2000067,10076868,0,0.759,ML Model,Open
2000068,10100456,0,0.884,Rule,Confirmed
2000069,10104372,0,0.734,Manual,Closed
2000070,10317541,0,0.708,Manual,Open
2000071,10064366,0,0.669,Rule,Open
2000072,10125312,1,0.233,Rule,False Positive
2000073,10352718,0,0.64,Manual,False Positive
2000074,10132124,0,0.173,Manual,Confirmed
2000075,10363840,0,0.512,ML Model,Closed
2000076,10271448,0,0.168,Rule,Open
2000077,10255912,0,0.192,Rule,False Positive
2000078,10001260,0,0.699,Manual,Open
2000079,10329363,0,0.723,ML Model,Confirmed
2000080,10087084,0,0.763,ML Model,Closed
2000081,10348993,0,0.652,ML Model,False Positive
2000082,10348357,0,0.518,Manual,Open
2000083,10184993,0,0.934,ML Model,Open
2000084,10188617,0,0.853,Rule,Closed
2000085,10202210,0,0.887,Manual,Open
2000086,10124058,0,0.325,Manual,Confirmed
2000087,10117919,0,0.513,Manual,Confirmed
2000088,10325281,0,0.095,Manual,Confirmed
2000089,10312480,0,0.131,ML Model,False Positive
2000090,10010976,0,0.318,ML Model,Closed
2000091,10265658,1,0.02,Rule,Closed
2000092,10091714,0,0.362,Rule,False Positive
2000093,10251428,0,0.247,Rule,Confirmed
2000094,10323600,1,0.981,Manual,Open
2000095,10149997,0,0.155,Manual,False Positive
2000096,10357467,1,0.846,ML Model,Confirmed
2000097,10057947,0,0.927,ML Model,False Positive
2000098,10163253,0,0.943,Manual,Open
2000099,10029641,0,0.764,Manual,Closed
2000100,10269617,1,0.759,ML Model,Confirmed
2000101,10049344,0,0.002,ML Model,Closed
2000102,10394056,0,0.783,Rule,Closed
2000103,10197882,0,0.042,Rule,Open
2000104,10180018,0,0.274,Manual,False Positive
2000105,10365848,0,0.6,ML Model,Open
2000106,10183908,0,0.832,Rule,Open
2000107,10112468,0,0.293,ML Model,False Positive
2000108,10215878,0,0.659,Rule,Confirmed
2000109,10312736,1,0.897,Rule,Open
2000110,10332585,0,0.644,Rule,Closed
2000111,10291917,0,0.133,Rule,Open
2000112,10206587,0,0.545,Rule,Closed
2000113,10006040,0,0.532,Rule,Open
2000114,10326963,0,0.391,ML Model,Closed
2000115,10248776,0,0.762,Manual,Confirmed
2000116,10273587,0,0.294,Manual,Closed
2000117,10158755,0,0.209,ML Model,Confirmed
2000118,10101404,0,0.503,Rule,Closed
2000119,10044076,0,0.332,Rule,Confirmed
2000120,10190949,0,0.434,Manual,Open
2000121,10064743,0,0.149,Manual,Confirmed
2000122,10137500,0,0.454,Manual,Confirmed
2000123,10357088,0,0.879,ML Model,Confirmed
2000124,10077599,0,0.652,ML Model,Open
2000125,10002107,0,0.517,Manual,Open
2000126,10160252,0,0.787,ML Model,False Positive
2000127,10109134,0,0.446,Rule,Closed
2000128,10101614,0,0.652,ML Model,Closed
2000129,10187012,1,0.847,ML Model,Confirmed
2000130,10292609,0,0.421,ML Model,Open
2000131,10029827,0,0.231,Manual,Open
2000132,10128309,0,0.247,ML Model,False Positive
2000133,10144592,0,0.14,ML Model,Confirmed
2000134,10314653,0,0.728,Manual,Closed
2000135,10313989,0,0.506,ML Model,False Positive
2000136,10199762,0,0.63,Manual,Confirmed
2000137,10235151,0,0.197,ML Model,False Positive
2000138,10301707,1,0.138,Manual,Open
2000139,10395916,0,0.798,Manual,Open
2000140,10214030,0,0.481,ML Model,Closed
2000141,10232957,0,0.619,Manual,Open
2000142,10107067,0,0.052,ML Model,Confirmed
2000143,10237437,0,0.677,ML Model,Confirmed
2000144,10120317,0,0.761,ML Model,False Positive
2000145,10159913,0,0.03,ML Model,Closed
2000146,10312280,0,0.522,Manual,Closed
2000147,10396224,0,0.484,Manual,Confirmed
2000148,10041512,0,0.386,ML Model,Closed
2000149,10292190,0,0.678,ML Model,Closed
2000150,10396256,0,0.818,ML Model,Closed
2000151,10332170,0,0.59,Manual,Open
2000152,10085773,0,0.828,Manual,False Positive
2000153,10213971,0,0.186,ML Model,False Positive
2000154,10052899,1,0.481,Rule,Open
2000155,10336569,0,0.288,Manual,False Positive
2000156,10237925,0,0.284,Manual,Confirmed
2000157,10006030,0,0.559,Manual,Open
2000158,10154163,0,0.381,Rule,Confirmed
2000159,10009954,0,0.029,Rule,False Positive
2000160,10182753,0,0.868,ML Model,Closed
2000161,10132349,0,0.88,ML Model,Closed
2000162,10380640,0,0.043,Manual,Confirmed
2000163,10035361,0,0.61,Rule,Closed
2000164,10002780,0,0.662,ML Model,Confirmed
2000165,10049715,0,0.789,Rule,Confirmed
2000166,10153892,0,0.684,ML Model,Confirmed
2000167,10004392,0,0.97,Manual,Confirmed
2000168,10341439,0,0.646,Manual,False Positive
2000169,10003616,0,0.153,ML Model,False Positive
2000170,10160917,0,0.431,Rule,Closed
2000171,10179338,0,0.427,Rule,Closed
2000172,10060036,0,0.908,Manual,False Positive
2000173,10320791,0,0.409,Rule,Confirmed
2000174,10036571,0,0.493,Manual,Confirmed
2000175,10224343,0,0.66,Rule,Open
2000176,10369564,0,0.929,ML Model,Open
2000177,10169778,0,0.692,Manual,Closed
2000178,10157531,0,0.493,Manual,Open
2000179,10176874,0,0.294,ML Model,Open
2000180,10129666,0,0.891,Manual,Open
2000181,10044065,1,0.09,ML Model,Confirmed
2000182,10103173,0,0.114,Rule,Open
2000183,10299587,0,0.177,Rule,Confirmed
2000184,10360448,0,0.265,Manual,Confirmed
2000185,10106685,0,0.257,ML Model,Confirmed
2000186,10173019,0,0.058,Rule,Open
2000187,10256957,0,0.173,Manual,Closed
2000188,10122138,0,0.155,ML Model,Closed
2000189,10030331,0,0.514,Manual,Open
2000190,10345633,0,0.877,Manual,Closed
2000191,10169602,0,0.945,ML Model,False Positive
2000192,10053447,0,0.67,Rule,Closed
2000193,10122106,0,0.781,Rule,Closed
2000194,10154509,0,0.617,Rule,Closed
2000195,10057229,0,0.243,Rule,Confirmed
2000196,10329811,1,0.184,ML Model,Closed
2000197,10101825,0,0.935,ML Model,Closed
2000198,10164804,0,0.813,Rule,Confirmed
2000199,10041898,0,0.124,ML Model,False Positive
2000200,10231090,1,0.315,Manual,False Positive
2000201,10089199,0,0.891,Rule,Closed
2000202,10383890,0,0.88,Rule,Open
2000203,10123785,1,0.592,Manual,Open
2000204,10233369,0,0.09,Rule,Confirmed
2000205,10002274,0,0.731,Manual,Open
2000206,10373253,0,0.485,ML Model,Confirmed
2000207,10256063,0,0.324,Rule,Open
2000208,10123677,0,0.114,Rule,Open
2000209,10027421,0,0.272,Manual,False Positive
2000210,10312305,0,0.447,Rule,Open
2000211,10112422,0,0.701,Rule,Confirmed
2000212,10043342,0,0.158,Rule,False Positive
2000213,10195994,1,0.412,ML Model,Closed
2000214,10306168,0,0.294,ML Model,Confirmed
2000215,10286046,0,0.819,ML Model,Open
2000216,10222343,0,0.699,Manual,Open
2000217,10270879,0,0.126,Manual,False Positive
2000218,10197000,0,0.586,ML Model,Confirmed
2000219,10353382,0,0.758,Manual,Confirmed
2000220,10050014,0,0.886,Manual,Closed
2000221,10155126,0,0.399,Rule,False Positive
2000222,10065970,0,0.493,Manual,Confirmed
2000223,10196656,0,0.063,Manual,Closed
2000224,10070500,0,0.023,ML Model,Confirmed
2000225,10299907,0,0.066,Rule,Open
2000226,10294464,0,0.081,ML Model,Confirmed
2000227,10083396,0,0.265,Manual,Closed
2000228,10126324,0,0.137,Rule,Confirmed
2000229,10301071,0,0.764,ML Model,Open
2000230,10388779,0,0.087,ML Model,Closed
2000231,10259283,0,0.845,Manual,Closed
2000232,10368617,0,0.199,Manual,False Positive
2000233,10259426,0,0.748,Rule,False Positive
2000234,10246665,0,0.305,Rule,False Positive
2000235,10375409,0,0.951,ML Model,Open
2000236,10365708,0,0.574,Rule,False Positive
2000237,10066255,0,0.024,ML Model,Closed
2000238,10196082,0,0.509,ML Model,False Positive
2000239,10233760,0,0.657,Rule,False Positive
2000240,10081330,0,0.855,ML Model,Closed
2000241,10315617,0,0.868,Manual,Closed
2000242,10362076,0,0.876,Rule,Open
2000243,10361536,0,0.038,Rule,False Positive
2000244,10196323,0,0.373,Rule,Open
2000245,10127663,0,0.309,Manual,Confirmed
2000246,10157160,0,0.087,Manual,False Positive
2000247,10397288,0,0.751,Manual,Open
2000248,10111296,0,0.382,Rule,False Positive
2000249,10164024,0,0.45,ML Model,Confirmed
2000250,10136372,0,0.35,ML Model,Open
2000251,10236054,0,0.715,Manual,Closed
2000252,10372736,0,0.597,Rule,Closed
2000253,10352755,0,0.129,Rule,False Positive
2000254,10084801,0,0.987,Rule,False Positive
2000255,10138654,1,0.169,Rule,Open
2000256,10158940,0,0.034,Manual,Closed
2000257,10306359,0,0.522,ML Model,Open
2000258,10282685,0,0.498,Rule,Open
2000259,10125167,0,0.223,Manual,Open
2000260,10223191,1,0.351,ML Model,Confirmed
2000261,10112908,0,0.675,ML Model,Confirmed
2000262,10111066,1,0.286,ML Model,Open
2000263,10112635,0,0.019,ML Model,Closed
2000264,10282120,0,0.628,Rule,Open
2000265,10155045,0,0.867,Rule,False Positive
2000266,10078450,0,0.2,Rule,Closed
2000267,10000934,0,0.765,Manual,Confirmed
2000268,10351497,0,0.82,ML Model,False Positive
2000269,10376123,0,0.663,Rule,Closed
2000270,10104360,0,0.83,Manual,Closed
2000271,10067287,1,0.218,Rule,Closed
2000272,10346897,0,0.266,Manual,Confirmed
2000273,10059746,0,0.877,ML Model,False Positive
2000274,10220873,0,0.92,ML Model,False Positive
2000275,10098006,0,0.898,Manual,Closed
2000276,10023568,0,0.23,Manual,False Positive
2000277,10073489,0,0.133,ML Model,Closed
2000278,10162382,0,0.952,ML Model,Open
2000279,10167795,0,0.003,Manual,Confirmed
2000280,10350481,0,0.738,ML Model,Confirmed
2000281,10182469,0,0.848,ML Model,Confirmed
2000282,10167422,0,0.361,Rule,False Positive
2000283,10233312,0,0.118,Rule,Open
2000284,10225697,1,0.614,Rule,Confirmed
2000285,10236152,0,0.888,Rule,Confirmed
2000286,10393360,0,0.267,Manual,False Positive
2000287,10171998,0,0.885,Rule,Closed
2000288,10101207,0,0.651,Rule,Open
2000289,10149959,0,0.158,ML Model,False Positive
2000290,10160100,0,0.535,Manual,Confirmed
2000291,10085596,0,0.071,Rule,Open
2000292,10342442,0,0.581,Rule,Closed
2000293,10354623,0,0.997,ML Model,Open
2000294,10249156,0,0.498,Manual,False Positive
2000295,10363008,0,0.887,Rule,Confirmed
2000296,10000496,1,0.563,Rule,Confirmed
2000297,10300742,1,0.702,Rule,Closed
2000298,10374244,0,0.472,Rule,Confirmed
2000299,10060421,0,0.938,ML Model,False Positive
2000300,10272723,0,0.547,ML Model,Closed
2000301,10029310,0,0.049,ML Model,Open
2000302,10030789,0,0.371,ML Model,Open
2000303,10088268,0,0.038,Rule,Confirmed
2000304,10281169,0,0.358,Rule,Open
2000305,10250207,0,0.778,ML Model,False Positive
2000306,10019705,0,0.28,ML Model,Confirmed
2000307,10241058,0,0.818,Manual,Confirmed
2000308,10354191,0,0.517,Manual,Open
2000309,10382581,0,0.518,ML Model,False Positive
2000310,10142164,0,0.916,Manual,False Positive
2000311,10071339,0,0.463,Rule,Confirmed
2000312,10256772,0,0.649,ML Model,Open
2000313,10104038,0,0.337,Rule,Confirmed
2000314,10360830,0,0.331,Manual,Closed
2000315,10084620,1,0.163,ML Model,Confirmed
2000316,10203163,0,0.769,Rule,Confirmed
2000317,10369232,0,0.158,Manual,Open
2000318,10018499,0,0.011,ML Model,False Positive
2000319,10087685,0,0.055,Rule,Confirmed
2000320,10308230,0,0.59,Rule,Confirmed
2000321,10271523,0,0.915,Manual,False Positive
2000322,10194054,0,0.339,Manual,Open
2000323,10351933,0,0.955,ML Model,False Positive
2000324,10214065,0,0.996,ML Model,Confirmed
2000325,10379127,0,0.888,Rule,Open
2000326,10138653,0,0.077,Rule,Confirmed
2000327,10003194,0,0.222,ML Model,Open
2000328,10045656,0,0.052,Manual,False Positive
2000329,10038617,0,0.353,ML Model,Open
2000330,10139111,0,0.319,Rule,False Positive
2000331,10357629,0,0.328,Manual,Closed
2000332,10045648,0,0.372,Rule,False Positive
2000333,10388163,0,0.801,ML Model,Closed
2000334,10217581,0,0.542,Rule,Closed
2000335,10133200,0,0.102,Manual,Open
2000336,10146519,0,0.811,Rule,Confirmed
2000337,10199108,0,0.016,Manual,Confirmed
2000338,10044300,0,0.467,ML Model,Confirmed
2000339,10064118,0,0.269,Rule,Confirmed
2000340,10116353,0,0.765,ML Model,Confirmed
2000341,10166766,1,0.307,ML Model,Open
2000342,10064238,0,0.766,Manual,Closed
2000343,10363525,0,0.53,ML Model,Closed
2000344,10309125,0,0.126,Manual,False Positive
2000345,10130030,0,0.292,ML Model,False Positive
2000346,10041927,0,0.847,Manual,Open
2000347,10300567,1,0.994,Rule,Open
2000348,10135580,0,0.011,Rule,Confirmed
2000349,10042556,0,0.901,Manual,Confirmed
2000350,10144182,0,0.961,Rule,Closed
2000351,10363124,0,0.616,Rule,Confirmed
2000352,10296441,1,0.904,Rule,Closed
2000353,10007961,0,0.087,Rule,False Positive
2000354,10358758,0,0.271,Manual,Confirmed
2000355,10199600,0,0.983,ML Model,False Positive
2000356,10161341,0,0.835,Rule,False Positive
2000357,10019604,0,0.525,Rule,Closed
2000358,10207561,0,0.191,Manual,Open
2000359,10265726,0,0.309,ML Model,Closed
2000360,10074031,0,0.048,Rule,Closed
2000361,10078382,0,0.514,ML Model,Confirmed
2000362,10129417,0,0.266,Rule,Confirmed
2000363,10087016,0,0.968,ML Model,Confirmed
2000364,10010547,0,0.976,ML Model,False Positive
2000365,10212246,0,0.988,Rule,False Positive
2000366,10155516,0,0.271,ML Model,Closed
2000367,10295572,0,0.533,Manual,False Positive
2000368,10085880,1,0.705,Manual,Confirmed
2000369,10110309,0,0.083,ML Model,Closed
2000370,10391721,0,0.038,Rule,Closed
2000371,10251545,0,0.165,Manual,Closed
2000372,10351179,0,0.13,ML Model,Confirmed
2000373,10318194,0,0.456,ML Model,Closed
2000374,10149941,0,0.486,ML Model,Confirmed
2000375,10031542,0,0.388,Manual,False Positive
2000376,10330792,0,0.069,ML Model,Open
2000377,10301661,0,0.571,Manual,False Positive
2000378,10141043,0,0.595,Rule,Open
2000379,10367946,0,0.281,Rule,Closed
2000380,10267899,0,0.174,ML Model,False Positive
2000381,10340359,1,0.069,Manual,Open
2000382,10006191,0,0.518,Rule,Confirmed
2000383,10049906,0,0.535,ML Model,Confirmed
2000384,10070181,0,0.831,Manual,Open
2000385,10308271,0,0.288,Rule,Confirmed
2000386,10041123,0,0.168,ML Model,False Positive
2000387,10121673,0,0.423,Rule,Confirmed
2000388,10248367,0,0.03,Rule,Closed
2000389,10076246,0,0.516,Rule,Confirmed
2000390,10129844,0,0.58,Manual,False Positive
2000391,10253930,0,0.158,Manual,Closed
2000392,10188642,0,0.384,Rule,Open
2000393,10118684,0,0.862,ML Model,Closed
2000394,10170659,0,0.363,Manual,Open
2000395,10150738,0,0.746,Rule,False Positive
2000396,10317916,0,0.059,Manual,Confirmed
2000397,10284203,1,0.745,ML Model,Open
2000398,10323691,0,0.812,ML Model,Confirmed
2000399,10034317,0,0.88,Rule,Open
2000400,10039555,0,0.285,Manual,Confirmed
2000401,10163468,0,0.469,Rule,Confirmed
2000402,10339959,1,0.955,Manual,Confirmed
2000403,10037733,0,0.63,ML Model,False Positive
2000404,10331393,0,0.623,ML Model,False Positive
2000405,10249357,0,0.24,Rule,Open
2000406,10095440,0,0.296,ML Model,False Positive
2000407,10345267,0,0.248,Rule,Confirmed
2000408,10322243,0,0.711,Rule,Closed
2000409,10349411,0,0.036,Manual,Closed
2000410,10050001,0,0.781,Rule,Closed
2000411,10292641,0,0.935,Rule,Closed
2000412,10356224,0,0.902,ML Model,False Positive
2000413,10157419,0,0.234,ML Model,Closed
2000414,10162398,0,0.867,Rule,False Positive
2000415,10321950,0,0.98,ML Model,Open
2000416,10053362,0,0.096,ML Model,Closed
2000417,10359516,0,0.312,Rule,Closed
2000418,10317190,0,0.272,Rule,Closed
2000419,10377700,0,0.404,ML Model,Open
2000420,10313977,0,0.067,Manual,Open
2000421,10012184,0,0.525,ML Model,Closed
2000422,10153240,0,0.537,Rule,Confirmed
2000423,10385102,0,0.484,Manual,Closed
2000424,10227959,0,0.659,ML Model,Open
2000425,10370138,0,0.901,ML Model,Open
2000426,10372344,0,0.154,Manual,False Positive
2000427,10127235,0,0.253,Manual,Open
2000428,10001498,0,0.218,Manual,Open
2000429,10165755,0,0.63,Manual,Closed
2000430,10229523,1,0.03,Manual,Closed
2000431,10347907,0,0.76,ML Model,Confirmed
2000432,10321717,0,0.783,Manual,Closed
2000433,10079963,0,0.082,Manual,Open
2000434,10381170,0,0.05,ML Model,Confirmed
2000435,10087398,0,0.521,ML Model,False Positive
2000436,10191234,0,0.257,Manual,Open
2000437,10206037,0,0.179,ML Model,False Positive
2000438,10349532,0,0.373,Rule,Confirmed
2000439,10076268,0,0.933,Rule,Open
2000440,10253165,0,0.271,Manual,False Positive
2000441,10108886,0,0.777,Manual,Confirmed
2000442,10049461,0,0.099,ML Model,Closed
2000443,10337236,0,0.106,Manual,Open
2000444,10054397,0,0.84,Rule,Open
2000445,10076524,0,0.34,Manual,Closed
2000446,10045534,0,0.28,Rule,False Positive
2000447,10119153,0,0.066,Manual,Confirmed
2000448,10297369,0,0.873,ML Model,Open
2000449,10123660,0,0.998,Rule,Closed
2000450,10187783,0,0.29,Rule,Confirmed
2000451,10203058,0,0.272,Rule,Closed
2000452,10241802,0,0.443,Rule,Open
2000453,10375586,0,0.378,Rule,Closed
2000454,10241706,0,0.21,ML Model,Closed
2000455,10301167,0,0.851,Rule,Closed
2000456,10220056,0,0.289,Rule,False Positive
2000457,10320123,0,0.834,Rule,Open
2000458,10120917,0,0.917,Manual,Closed
2000459,10198500,0,0.176,ML Model,False Positive
2000460,10071540,1,0.157,ML Model,False Positive
2000461,10301108,0,0.803,Rule,Closed
2000462,10064269,0,0.653,Manual,Confirmed
2000463,10130689,0,0.63,Rule,Open
2000464,10254477,0,0.309,Manual,Closed
2000465,10287195,0,0.022,Rule,Closed
2000466,10299826,0,0.197,Rule,False Positive
2000467,10207140,0,0.408,Rule,False Positive
2000468,10336173,0,0.425,Manual,Closed
2000469,10235062,0,0.882,Rule,Closed
2000470,10112351,0,0.836,Manual,Open
2000471,10001965,0,0.499,Manual,Closed
2000472,10289795,0,0.662,ML Model,Closed
2000473,10303960,0,0.875,ML Model,Confirmed
2000474,10231746,0,0.111,Manual,Confirmed
2000475,10193889,0,0.215,Manual,False Positive
2000476,10068898,0,0.887,Manual,Closed
2000477,10320773,0,0.383,Rule,False Positive
2000478,10017998,0,0.773,ML Model,False Positive
2000479,10311853,0,0.989,Manual,Open
2000480,10104571,0,0.392,ML Model,Open
2000481,10175673,0,0.077,Manual,Closed
2000482,10330383,0,0.895,Rule,Confirmed
2000483,10333297,0,0.007,Manual,False Positive
2000484,10272822,1,0.53,Manual,Closed
2000485,10024527,0,0.256,Manual,Confirmed
2000486,10262784,0,0.777,ML Model,Confirmed
2000487,10087117,0,0.679,Rule,Open
2000488,10165427,0,0.324,Rule,False Positive
2000489,10069279,0,0.064,Rule,Open
2000490,10128329,0,0.347,ML Model,False Positive
2000491,10262206,0,0.834,ML Model,Open
2000492,10224681,0,0.471,Manual,Closed
2000493,10016773,0,0.732,ML Model,Closed
2000494,10352833,1,0.568,Rule,False Positive
2000495,10162353,0,0.561,Manual,False Positive
2000496,10137487,0,0.712,Manual,Closed
2000497,10306749,1,0.374,Manual,Confirmed
2000498,10100724,0,0.543,Rule,False Positive
2000499,10278420,0,0.164,Manual,Closed
2000500,10186619,0,0.35,ML Model,Closed
2000501,10045959,0,0.135,Rule,Open
2000502,10190673,0,0.672,Rule,False Positive
2000503,10219703,0,0.139,ML Model,Open
2000504,10021766,0,0.376,ML Model,Open
2000505,10369602,0,0.215,Manual,Confirmed
2000506,10035096,0,0.048,ML Model,Confirmed
2000507,10382732,1,0.806,Manual,Open
2000508,10200750,0,0.476,Rule,Confirmed
2000509,10391449,0,0.911,Rule,Confirmed
2000510,10208380,0,0.567,Rule,False Positive
2000511,10278017,0,0.139,Manual,Confirmed
2000512,10089726,0,0.642,Manual,Closed
2000513,10275572,0,0.971,Rule,Open
2000514,10205494,0,0.402,Manual,Open
2000515,10080994,0,0.2,Rule,Open
2000516,10399769,0,0.407,Manual,Closed
2000517,10333492,0,0.122,ML Model,Open
2000518,10243230,0,0.412,Manual,Open
2000519,10399326,0,0.256,Manual,Open
2000520,10181527,0,0.104,Rule,False Positive
2000521,10335342,0,0.901,Manual,Closed
2000522,10192066,0,0.49,Rule,False Positive
2000523,10069261,0,0.185,ML Model,Closed
2000524,10164708,1,0.835,Manual,Confirmed
2000525,10095919,0,0.967,ML Model,Confirmed
2000526,10328584,0,0.592,Rule,Confirmed
2000527,10192404,0,0.242,Rule,False Positive
2000528,10110455,1,0.383,Manual,False Positive
2000529,10275339,0,0.157,Rule,Closed
2000530,10246046,0,0.918,ML Model,Closed
2000531,10095312,0,0.928,Rule,False Positive
2000532,10043205,0,0.616,Manual,Closed
2000533,10111790,0,0.372,Rule,Open
2000534,10304494,0,0.655,Manual,False Positive
2000535,10271671,0,0.304,Rule,Closed
2000536,10040300,0,0.122,ML Model,Open
2000537,10316762,0,0.593,Manual,Closed
2000538,10300910,1,0.348,Rule,Open
2000539,10175184,0,0.848,ML Model,False Positive
2000540,10132533,0,0.17,ML Model,Closed
2000541,10373470,0,0.412,ML Model,Closed
2000542,10156473,0,0.938,Rule,Closed
2000543,10018730,0,0.334,ML Model,Confirmed
2000544,10196191,0,0.148,ML Model,False Positive
2000545,10011255,0,0.204,Rule,Confirmed
2000546,10169266,0,0.955,Rule,Confirmed
2000547,10141025,0,0.305,ML Model,Open
2000548,10040238,0,0.134,Rule,Confirmed
2000549,10390940,0,0.583,Manual,Closed
2000550,10389936,0,0.505,Manual,False Positive
2000551,10197411,1,0.04,Rule,Closed
2000552,10192272,0,0.596,Manual,False Positive
2000553,10266232,0,0.264,Rule,Open
2000554,10367311,0,0.407,Manual,Closed
2000555,10065054,0,0.137,Rule,Open
2000556,10276972,0,0.742,Rule,Open
2000557,10176468,0,0.189,ML Model,Confirmed
2000558,10305298,0,0.335,ML Model,Confirmed
2000559,10152069,1,0.579,Rule,Closed
2000560,10393224,0,0.394,Rule,Closed
2000561,10018159,0,0.126,Manual,False Positive
2000562,10009977,0,0.814,Manual,Confirmed
2000563,10056041,0,0.639,ML Model,Confirmed
2000564,10000259,0,0.528,Rule,Open
2000565,10088038,1,0.541,Rule,Confirmed
2000566,10129896,0,0.804,ML Model,Closed
2000567,10374653,0,0.762,ML Model,Confirmed
2000568,10289608,0,0.086,Rule,Closed
2000569,10241918,0,0.38,Rule,Closed
2000570,10042919,0,0.484,Rule,False Positive
2000571,10225034,0,0.954,Rule,Confirmed
2000572,10165386,0,0.838,ML Model,False Positive
2000573,10019714,0,0.641,Rule,Closed
2000574,10194889,0,0.733,Rule,Confirmed
2000575,10131641,0,0.859,Manual,Open
2000576,10025030,0,0.862,Manual,Closed
2000577,10266455,0,0.309,Manual,Closed
2000578,10128647,0,0.822,Rule,Closed
2000579,10183497,0,0.936,Rule,False Positive
2000580,10028675,0,0.949,Rule,Confirmed
2000581,10376711,0,0.616,Manual,Open
2000582,10097481,0,0.216,ML Model,False Positive
2000583,10119913,0,0.027,Rule,False Positive
2000584,10071309,0,0.109,Manual,Confirmed
2000585,10134758,0,0.041,Rule,Open
2000586,10265786,0,0.808,Manual,Closed
2000587,10230676,0,0.934,ML Model,Open
2000588,10247758,0,0.261,Manual,Confirmed
2000589,10015232,0,0.45,Manual,Closed
2000590,10342229,0,0.856,Manual,Open
2000591,10024145,0,0.053,Rule,False Positive
2000592,10131499,0,0.768,Rule,Confirmed
2000593,10289693,0,0.282,Rule,Confirmed
2000594,10211219,1,0.834,Manual,Open
2000595,10235729,0,0.225,Rule,Closed
2000596,10225447,0,0.633,ML Model,Confirmed
2000597,10124441,0,0.908,Manual,Open
2000598,10115410,0,0.848,Rule,Closed
2000599,10299342,0,0.062,ML Model,False Positive
2000600,10139601,0,0.22,Manual,False Positive
2000601,10308488,0,0.168,Manual,False Positive
2000602,10206230,0,0.797,Rule,Closed
2000603,10247864,0,0.835,Rule,Confirmed
2000604,10005248,1,0.116,Manual,Confirmed
2000605,10039592,0,0.994,Manual,Open
2000606,10379433,0,0.402,ML Model,Open
2000607,10318142,1,0.585,Rule,Open
2000608,10321977,0,0.723,Manual,Open
2000609,10180078,0,0.929,Rule,Open
2000610,10133733,0,0.617,Rule,False Positive
2000611,10166427,0,0.342,Rule,False Positive
2000612,10058907,0,0.008,ML Model,Closed
2000613,10177484,0,0.624,Rule,Confirmed
2000614,10073728,0,0.388,ML Model,Closed
2000615,10049729,0,0.505,ML Model,False Positive
2000616,10078713,0,0.068,ML Model,False Positive
2000617,10392903,0,0.257,Manual,Open
2000618,10089099,0,0.846,Rule,False Positive
2000619,10314896,0,0.204,ML Model,Confirmed
2000620,10300674,0,0.146,Manual,False Positive
2000621,10319509,0,0.706,Manual,Closed
2000622,10233169,0,0.354,Manual,Closed
2000623,10345819,0,0.611,Rule,Confirmed
2000624,10069361,0,0.859,Manual,False Positive
2000625,10187614,0,0.219,Rule,Confirmed
2000626,10078000,0,0.478,ML Model,Closed
2000627,10138101,0,0.072,Rule,Confirmed
2000628,10195043,0,0.219,Rule,Confirmed
2000629,10358018,0,0.525,ML Model,Closed
2000630,10182217,0,0.057,Manual,Open
2000631,10175186,1,0.801,Rule,Confirmed
2000632,10267245,0,0.793,ML Model,Confirmed
2000633,10056748,0,0.264,ML Model,Confirmed
2000634,10273424,0,0.123,Rule,False Positive
2000635,10050898,0,0.591,Manual,Open
2000636,10360863,0,0.573,Rule,Open
2000637,10076220,0,0.74,Manual,False Positive
2000638,10283389,0,0.733,Manual,Open
2000639,10306634,0,0.675,Manual,Confirmed
2000640,10140612,0,0.822,Rule,Closed
2000641,10106763,0,0.36,Manual,Open
2000642,10075781,0,0.092,Rule,Open
2000643,10198707,0,0.398,Rule,Open
2000644,10221417,0,0.798,Manual,Closed
2000645,10356139,0,0.822,ML Model,False Positive
2000646,10355829,1,0.192,Rule,Open
2000647,10098688,0,0.356,Manual,Confirmed
2000648,10052659,0,0.202,Rule,Closed
2000649,10155825,0,0.733,ML Model,Closed
2000650,10005299,0,0.127,Manual,Closed
2000651,10042107,0,0.698,Rule,Confirmed
2000652,10150242,0,0.121,Manual,Confirmed
2000653,10192598,0,0.948,Rule,Confirmed
2000654,10376206,0,0.311,ML Model,Open
2000655,10048534,0,0.13,Rule,Closed
2000656,10260514,0,0.89,ML Model,Open
2000657,10309546,0,0.473,Manual,False Positive
2000658,10281445,0,0.941,Manual,Open
2000659,10090274,0,0.464,ML Model,Closed
2000660,10085339,0,0.25,Manual,False Positive
2000661,10289389,0,0.951,Manual,Closed
2000662,10344741,1,0.927,ML Model,Open
2000663,10388173,0,0.866,Rule,Open
2000664,10141460,0,0.646,Rule,Closed
2000665,10219902,0,0.638,Manual,Open
2000666,10291500,1,0.92,ML Model,Open
2000667,10203292,1,0.799,Manual,False Positive
2000668,10369086,0,0.408,Rule,False Positive
2000669,10364339,1,0.091,Manual,Open
2000670,10007615,0,0.844,ML Model,False Positive
2000671,10313404,0,0.356,Manual,Open
2000672,10054339,0,0.132,ML Model,Closed
2000673,10132996,0,0.331,ML Model,Open
2000674,10064803,0,0.463,ML Model,Closed
2000675,10349694,0,0.943,Manual,Closed
2000676,10162472,0,0.453,Rule,False Positive
2000677,10350059,0,0.064,ML Model,Open
2000678,10164160,0,0.552,ML Model,False Positive
2000679,10331554,0,0.331,ML Model,Open
2000680,10148636,0,0.854,ML Model,Closed
2000681,10252120,0,0.147,Manual,False Positive
2000682,10009404,0,0.563,Rule,Closed
2000683,10151161,0,0.537,Rule,Open
2000684,10133538,0,0.485,ML Model,Confirmed
2000685,10009108,0,0.699,Manual,Open
2000686,10197136,0,0.624,Manual,Closed
2000687,10285916,0,0.017,Rule,False Positive
2000688,10276850,0,0.207,Manual,Confirmed
2000689,10199406,0,0.155,ML Model,False Positive
2000690,10237910,1,0.055,Rule,Closed
2000691,10010865,0,0.542,Manual,Confirmed
2000692,10022684,0,0.936,Rule,False Positive
2000693,10334402,0,0.085,ML Model,Confirmed
2000694,10260153,0,0.05,ML Model,Confirmed
2000695,10020123,0,0.732,ML Model,Open
2000696,10364822,0,0.306,ML Model,Open
2000697,10186626,0,0.757,Manual,Closed
2000698,10021829,0,0.84,Manual,False Positive
2000699,10003093,0,0.656,Manual,False Positive
2000700,10338876,0,0.123,ML Model,Confirmed
2000701,10281464,0,0.755,Manual,Open
2000702,10204991,0,0.203,Manual,Closed
2000703,10153803,0,0.861,Rule,Open
2000704,10253256,0,0.879,Manual,False Positive
2000705,10303834,0,0.154,Manual,False Positive
2000706,10280030,0,0.561,ML Model,Open
2000707,10299780,1,0.739,Manual,Closed
2000708,10147061,0,0.91,Manual,False Positive
2000709,10051080,0,0.18,Manual,False Positive
2000710,10179189,0,0.588,Manual,Closed
2000711,10107349,0,0.853,Manual,False Positive
2000712,10319525,0,0.207,Rule,Confirmed
2000713,10268075,0,0.379,Manual,Open
2000714,10366601,0,0.016,ML Model,Closed
2000715,10105445,0,0.556,ML Model,False Positive
2000716,10367031,0,0.503,Rule,False Positive
2000717,10146387,0,0.36,ML Model,False Positive
2000718,10041292,0,0.383,Manual,False Positive
2000719,10185313,0,0.503,Rule,False Positive
2000720,10292201,0,0.755,Rule,Confirmed
2000721,10273870,0,0.258,Rule,Open
2000722,10005616,0,0.924,ML Model,Closed
2000723,10152529,0,0.943,Rule,Closed
2000724,10123435,0,0.924,ML Model,Closed
2000725,10164401,1,0.806,Rule,Open
2000726,10323546,0,0.959,ML Model,Open
2000727,10005055,0,0.919,ML Model,Confirmed
2000728,10122894,0,0.342,ML Model,Confirmed
2000729,10363994,0,0.214,Rule,Open
2000730,10108714,0,0.957,ML Model,False Positive
2000731,10192483,0,0.567,Manual,Open
2000732,10107917,0,0.708,ML Model,False Positive
2000733,10120411,0,0.801,Manual,Closed
2000734,10345153,0,0.927,Manual,Closed
2000735,10088436,1,0.322,ML Model,False Positive
2000736,10039390,0,0.973,Rule,False Positive
2000737,10078197,0,0.468,Rule,Closed
2000738,10159749,0,0.305,Rule,Open
2000739,10064067,0,0.613,Manual,Confirmed
2000740,10271989,0,0.057,Manual,False Positive
2000741,10124890,0,0.98,Rule,Confirmed
2000742,10186315,0,0.569,Manual,Closed
2000743,10174809,0,0.882,ML Model,False Positive
2000744,10053495,0,0.333,ML Model,False Positive
2000745,10022934,0,0.71,Rule,Open
2000746,10272674,0,0.933,Manual,Open
2000747,10268000,0,0.974,Rule,False Positive
2000748,10224549,1,0.904,Manual,False Positive
2000749,10097466,1,0.604,ML Model,Confirmed
2000750,10365910,0,0.011,Manual,False Positive
2000751,10342697,0,0.784,ML Model,Confirmed
2000752,10287079,0,0.747,Manual,False Positive
2000753,10198629,0,0.252,Rule,Closed
2000754,10110507,0,0.64,ML Model,Confirmed
2000755,10334166,0,0.892,ML Model,Confirmed
2000756,10205190,0,0.196,ML Model,Confirmed
2000757,10163899,0,0.882,ML Model,Open
2000758,10387587,0,0.244,ML Model,Closed
2000759,10219846,1,0.438,Rule,False Positive
2000760,10364615,0,0.186,ML Model,False Positive
2000761,10108224,0,0.579,Manual,False Positive
2000762,10029308,0,0.45,ML Model,Closed
2000763,10118061,0,0.895,ML Model,False Positive
2000764,10084452,0,0.143,Rule,Confirmed
2000765,10263506,0,0.142,Manual,False Positive
2000766,10021617,0,0.768,Rule,Confirmed
2000767,10175619,0,0.97,Manual,Open
2000768,10020349,0,0.478,ML Model,False Positive
2000769,10378163,0,0.868,Manual,Open
2000770,10057392,0,0.963,Manual,False Positive
2000771,10258388,0,0.531,ML Model,False Positive
2000772,10392992,0,0.073,ML Model,Closed
2000773,10188949,0,0.286,Rule,Confirmed
2000774,10097406,0,0.697,ML Model,False Positive
2000775,10150880,0,0.387,Manual,Confirmed
2000776,10250831,0,0.045,Manual,Closed
2000777,10117220,0,0.206,ML Model,Confirmed
2000778,10248206,0,0.657,Rule,Closed
2000779,10095437,0,0.74,Manual,False Positive
2000780,10052112,0,0.822,Manual,Confirmed
2000781,10016178,0,0.928,ML Model,Open
2000782,10363756,0,0.454,ML Model,False Positive
2000783,10159717,0,0.484,Rule,Closed
2000784,10051406,0,0.916,Manual,Confirmed
2000785,10373245,0,0.337,Rule,Open
2000786,10199939,0,0.571,ML Model,Closed
2000787,10131513,0,0.672,Rule,Open
2000788,10076680,0,0.949,ML Model,False Positive
2000789,10131011,0,0.77,Rule,False Positive
2000790,10281454,0,0.267,ML Model,Confirmed
2000791,10090694,0,0.538,Manual,Open
2000792,10162374,0,0.335,ML Model,Open
2000793,10101691,0,0.004,ML Model,Open
2000794,10246676,0,0.443,Manual,False Positive
2000795,10057269,0,0.134,Rule,False Positive
2000796,10036167,0,0.919,Manual,Closed
2000797,10194460,0,0.704,ML Model,Closed
2000798,10218642,0,0.526,Rule,Closed
2000799,10189340,0,0.286,ML Model,Open
2000800,10222051,0,0.748,Rule,Open
2000801,10137372,0,0.791,Rule,False Positive
2000802,10033573,0,0.119,ML Model,Closed
2000803,10087151,0,0.527,ML Model,Open
2000804,10332131,0,0.998,Rule,Closed
2000805,10095280,0,0.35,Manual,Open
2000806,10117425,0,0.826,Manual,Closed
2000807,10352797,0,0.645,ML Model,False Positive
2000808,10203408,0,0.802,ML Model,Closed
2000809,10130429,0,0.178,ML Model,False Positive
2000810,10265269,0,0.779,Manual,False Positive
2000811,10205317,0,0.827,ML Model,False Positive
2000812,10150882,0,0.374,ML Model,Open
2000813,10028927,0,0.533,ML Model,False Positive
2000814,10064897,0,0.893,ML Model,Confirmed
2000815,10224510,0,0.375,Manual,Closed
2000816,10010959,0,0.442,Rule,False Positive
2000817,10331553,0,0.053,Manual,Confirmed
2000818,10215137,0,0.267,Manual,Confirmed
2000819,10225683,0,0.552,Manual,Open
2000820,10004993,0,0.097,Rule,Open
2000821,10116431,0,0.906,Manual,Open
2000822,10104889,0,0.84,Rule,Open
2000823,10371339,0,0.736,Rule,False Positive
2000824,10136851,0,0.708,Manual,Open
2000825,10215310,0,0.919,Manual,Closed
2000826,10069516,0,0.171,Manual,Confirmed
2000827,10122514,0,0.593,Manual,Closed
2000828,10324035,0,0.269,ML Model,False Positive
2000829,10197846,0,0.762,ML Model,False Positive
2000830,10192158,0,0.582,ML Model,Confirmed
2000831,10116179,0,0.597,ML Model,Closed
2000832,10240819,1,0.575,Manual,Open
2000833,10090879,0,0.601,Manual,False Positive
2000834,10163718,0,0.579,Rule,Open
2000835,10150526,0,0.233,Manual,Closed
2000836,10093200,0,0.961,Manual,Open
2000837,10146506,1,0.635,Manual,Open
2000838,10182872,0,0.608,ML Model,Confirmed
2000839,10124845,0,0.141,ML Model,False Positive
2000840,10038443,0,0.982,Manual,Closed
2000841,10387805,0,0.006,Manual,Open
2000842,10273114,0,0.914,ML Model,Open
2000843,10300601,0,0.505,Rule,False Positive
2000844,10291826,0,0.853,Rule,Open
2000845,10102025,0,0.857,Rule,Open
2000846,10326700,0,0.069,Rule,False Positive
2000847,10090195,0,0.915,ML Model,Open
2000848,10360350,0,0.395,ML Model,Confirmed
2000849,10102334,0,0.486,Manual,Confirmed
2000850,10081441,0,0.031,ML Model,False Positive
2000851,10115964,0,0.414,ML Model,False Positive
2000852,10002115,0,0.598,Rule,Open
2000853,10393560,0,0.611,Rule,Confirmed
2000854,10360190,0,0.823,Manual,Open
2000855,10120252,0,0.787,Rule,Confirmed
2000856,10227407,0,0.146,ML Model,Closed
2000857,10086219,0,0.893,Manual,False Positive
2000858,10307288,0,0.991,Manual,False Positive
2000859,10156863,0,0.562,Manual,Open
2000860,10261899,0,0.024,Rule,Closed
2000861,10077894,0,0.238,Rule,Closed
2000862,10001807,0,0.202,ML Model,Confirmed
2000863,10387926,0,0.5,Manual,False Positive
2000864,10341951,0,0.761,Rule,Confirmed
2000865,10055688,0,0.869,Rule,Confirmed
2000866,10004915,0,0.214,ML Model,Open
2000867,10183122,0,0.047,Manual,Open
2000868,10093680,0,0.461,Manual,Confirmed
2000869,10010639,0,0.328,ML Model,Open
2000870,10345008,0,0.982,Rule,False Positive
2000871,10214746,0,0.356,Rule,Confirmed
2000872,10159082,0,0.981,Manual,False Positive
2000873,10208602,0,0.871,Rule,False Positive
2000874,10299528,0,0.542,Manual,Open
2000875,10394987,1,0.988,Rule,Open
2000876,10057463,0,0.053,Manual,False Positive
2000877,10394159,0,0.66,Rule,Closed
2000878,10351871,0,0.575,ML Model,Closed
2000879,10104117,0,0.891,ML Model,Confirmed
2000880,10340720,0,0.318,Rule,Open
2000881,10081019,0,0.943,ML Model,False Positive
2000882,10384932,0,0.673,ML Model,Open
2000883,10294687,0,0.522,Manual,Open
2000884,10022860,0,0.015,ML Model,False Positive
2000885,10179657,0,0.405,Rule,Confirmed
2000886,10389555,0,0.375,Manual,Confirmed
2000887,10039270,0,0.958,Manual,Closed
2000888,10345517,1,0.017,Rule,Open
2000889,10164477,0,0.881,Rule,Closed
2000890,10164611,0,0.688,ML Model,Closed
2000891,10124811,0,0.866,Rule,Confirmed
2000892,10289195,0,0.853,ML Model,Closed
2000893,10345841,0,0.077,Rule,Closed
2000894,10279826,1,0.099,Manual,Closed
2000895,10214676,0,0.394,ML Model,Closed
2000896,10023724,0,0.789,Manual,Closed
2000897,10065739,0,0.66,Manual,Open
2000898,10145412,0,0.16,ML Model,Closed
2000899,10302057,1,0.831,Manual,Closed
2000900,10311014,0,0.83,Manual,Confirmed
2000901,10305325,0,0.636,Rule,False Positive
2000902,10377593,0,0.87,Manual,Closed
2000903,10288810,0,0.1,ML Model,Closed
2000904,10080384,0,0.816,Rule,Closed
2000905,10188724,1,0.581,Manual,False Positive
2000906,10205063,0,0.164,Manual,Closed
2000907,10229109,0,0.903,Rule,Confirmed
2000908,10365197,0,0.843,Manual,Confirmed
2000909,10365130,0,0.289,Rule,False Positive
2000910,10008751,0,0.152,Manual,Open
2000911,10295737,0,0.002,Rule,False Positive
2000912,10176058,1,0.572,Rule,Closed
2000913,10288802,0,0.927,ML Model,False Positive
2000914,10250070,0,0.964,Rule,Open
2000915,10220962,0,0.771,Manual,Closed
2000916,10187763,0,0.85,ML Model,Confirmed
2000917,10139977,0,0.763,Manual,Confirmed
2000918,10073278,0,0.515,Rule,Confirmed
2000919,10262615,0,0.351,ML Model,Confirmed
2000920,10142218,0,0.206,Rule,Closed
2000921,10294558,0,0.099,ML Model,Open
2000922,10249254,0,0.545,Rule,False Positive
2000923,10315263,0,0.752,Manual,Closed
2000924,10097257,0,0.94,Manual,Open
2000925,10175109,0,0.738,Rule,Open
2000926,10177331,0,0.439,ML Model,Closed
2000927,10182870,0,0.878,ML Model,False Positive
2000928,10100187,0,0.914,Manual,False Positive
2000929,10005057,1,0.87,ML Model,False Positive
2000930,10323146,0,0.477,Manual,Confirmed
2000931,10076582,0,0.545,ML Model,Open
2000932,10089474,0,0.734,ML Model,Confirmed
2000933,10154007,0,0.293,Manual,False Positive
2000934,10126048,0,0.045,Manual,Confirmed
2000935,10285344,1,0.04,Rule,False Positive
2000936,10188888,0,0.926,Rule,Open
2000937,10156203,0,0.206,Rule,Closed
2000938,10180050,0,0.267,Rule,Open
2000939,10384287,0,0.715,Manual,Open
2000940,10117120,0,0.28,Rule,Closed
2000941,10081757,0,0.729,Rule,False Positive
2000942,10182276,0,0.077,Rule,False Positive
2000943,10394261,0,0.418,Rule,False Positive
2000944,10224564,0,0.193,ML Model,Closed
2000945,10024781,0,0.041,Manual,Open
2000946,10078761,0,0.255,ML Model,Open
2000947,10249288,0,0.481,Rule,Open
2000948,10068666,0,0.849,Rule,Confirmed
2000949,10123693,0,0.197,Rule,Closed
2000950,10300101,0,0.739,Manual,Open
2000951,10360584,0,0.862,Rule,Closed
2000952,10369145,0,0.018,Manual,Closed
2000953,10310903,0,0.105,Manual,Confirmed
2000954,10381959,0,0.821,ML Model,Open
2000955,10366687,0,0.333,Manual,Closed
2000956,10332801,0,0.246,Manual,False Positive
2000957,10367655,1,0.093,ML Model,Confirmed
2000958,10188014,0,0.433,Rule,Confirmed
2000959,10334196,0,0.858,ML Model,Confirmed
2000960,10042753,0,0.793,ML Model,Confirmed
2000961,10284790,0,0.295,Manual,Confirmed
2000962,10125213,0,0.647,Manual,Confirmed
2000963,10250328,0,0.357,Rule,Closed
2000964,10239189,0,0.764,Manual,Open
2000965,10274594,0,0.651,Manual,Confirmed
2000966,10185000,0,0.264,Manual,Confirmed
2000967,10337167,0,0.261,ML Model,False Positive
2000968,10125439,0,0.825,ML Model,False Positive
2000969,10255080,0,0.563,Manual,Closed
2000970,10041062,0,0.993,Rule,Confirmed
2000971,10212052,0,0.974,Rule,Confirmed
2000972,10091468,0,0.97,ML Model,Open
2000973,10366662,0,0.105,Manual,False Positive
2000974,10374448,0,0.117,ML Model,Open
2000975,10317617,0,0.178,Rule,Open
2000976,10036531,0,0.43,Manual,Closed
2000977,10161763,0,0.429,Manual,Open
2000978,10389351,0,0.568,Rule,False Positive
2000979,10192058,0,0.481,ML Model,Closed
2000980,10385587,0,0.691,Rule,False Positive
2000981,10113084,0,0.549,ML Model,Open
2000982,10155568,0,0.938,Rule,Confirmed
2000983,10319283,0,0.352,Rule,Open
2000984,10258750,0,0.083,Rule,False Positive
2000985,10397204,0,0.452,Rule,Closed
2000986,10089087,0,0.09,Rule,Closed
2000987,10288800,0,0.152,ML Model,Confirmed
2000988,10369748,1,0.167,Manual,Open
2000989,10249710,0,0.532,ML Model,Confirmed
2000990,10317955,0,0.375,Manual,Open
2000991,10363193,0,0.584,Rule,False Positive
2000992,10377821,0,0.99,Rule,False Positive
2000993,10163100,0,0.28,ML Model,Closed
2000994,10266357,0,0.594,Rule,False Positive
2000995,10319137,1,0.173,Rule,Open
2000996,10266150,0,0.697,ML Model,False Positive
2000997,10148752,0,0.253,Manual,Confirmed
2000998,10039769,0,0.336,ML Model,False Positive
2000999,10223755,1,0.654,Manual,Closed
2001000,10325449,0,0.055,Rule,Open
2001001,10059260,0,0.515,Rule,Confirmed
2001002,10060425,0,0.72,Manual,Confirmed
2001003,10066176,1,0.277,ML Model,False Positive
2001004,10208594,0,0.933,ML Model,Closed
2001005,10111531,0,0.423,Manual,False Positive
2001006,10186015,0,0.666,Rule,False Positive
2001007,10221796,0,0.051,Rule,Confirmed
2001008,10257313,0,0.647,Manual,False Positive
2001009,10016436,0,0.598,ML Model,Closed
2001010,10370536,0,0.555,Manual,False Positive
2001011,10379929,0,0.932,Rule,Open
2001012,10218741,0,0.058,Manual,Confirmed
2001013,10128802,0,0.977,ML Model,False Positive
2001014,10015788,0,0.418,Rule,False Positive
2001015,10003946,0,0.759,Rule,Closed
2001016,10303786,0,0.274,Rule,False Positive
2001017,10246865,0,0.993,Manual,Confirmed
2001018,10071662,0,0.547,Manual,Open
2001019,10042316,0,0.633,Manual,Closed
2001020,10255963,1,0.874,Manual,Open
2001021,10380974,0,0.236,Manual,Open
2001022,10000863,0,0.293,Manual,Confirmed
2001023,10116588,0,0.413,Manual,False Positive
2001024,10134171,0,0.965,Rule,Open
2001025,10237591,0,0.174,ML Model,Open
2001026,10177694,0,0.255,ML Model,Closed
2001027,10280170,0,0.528,Manual,Closed
2001028,10053614,0,0.497,Rule,Open
2001029,10397718,0,0.89,Manual,False Positive
2001030,10057176,0,0.02,Rule,False Positive
2001031,10108313,0,0.813,Rule,Open
2001032,10306276,0,0.678,ML Model,Open
2001033,10187282,0,0.265,ML Model,Closed
2001034,10131742,0,0.468,Manual,Open
2001035,10051768,0,0.627,Rule,Confirmed
2001036,10083562,0,0.595,Rule,Closed
2001037,10268150,0,0.457,Manual,False Positive
2001038,10150214,0,0.392,Rule,Open
2001039,10135801,0,0.96,Rule,False Positive
2001040,10310953,1,0.303,Manual,False Positive
2001041,10010015,0,0.97,Rule,Open
2001042,10151722,0,0.458,Rule,False Positive
2001043,10253373,0,0.429,ML Model,False Positive
2001044,10292588,0,0.188,Manual,Closed
2001045,10260780,0,0.278,ML Model,False Positive
2001046,10310263,0,0.645,Manual,Open
2001047,10228526,0,0.451,ML Model,Confirmed
2001048,10211684,0,0.321,Manual,Confirmed
2001049,10246977,0,0.513,Manual,Confirmed
2001050,10044669,0,0.25,ML Model,Open
2001051,10118667,0,0.803,ML Model,Confirmed
2001052,10343653,0,0.267,Manual,Closed
2001053,10144770,0,0.205,Rule,Confirmed
2001054,10272022,0,0.132,ML Model,Confirmed
2001055,10144511,0,0.157,Manual,False Positive
2001056,10242492,0,0.445,Rule,Closed
2001057,10344853,0,0.475,Manual,Closed
2001058,10209487,0,0.353,Rule,Closed
2001059,10073649,0,0.54,Rule,False Positive
2001060,10383774,0,0.686,Manual,Confirmed
2001061,10015067,0,0.354,ML Model,Closed
2001062,10248978,0,0.102,Rule,Open
2001063,10360561,0,0.31,ML Model,False Positive
2001064,10139825,0,0.938,Manual,Closed
2001065,10396223,0,0.448,Rule,False Positive
2001066,10084161,0,0.496,Rule,Confirmed
2001067,10088458,0,0.591,Manual,Confirmed
2001068,10068228,1,0.419,Manual,Confirmed
2001069,10191907,0,0.475,ML Model,Confirmed
2001070,10210808,0,0.759,ML Model,Closed
2001071,10014174,1,0.057,ML Model,Closed
2001072,10198685,0,0.086,Manual,False Positive
2001073,10038144,0,0.782,Rule,Confirmed
2001074,10150077,0,0.669,ML Model,Closed
2001075,10094921,0,0.22,ML Model,Confirmed
2001076,10166343,0,0.774,Manual,Closed
2001077,10208280,0,0.965,Rule,Closed
2001078,10292558,0,0.793,ML Model,False Positive
2001079,10271128,0,0.505,ML Model,False Positive
2001080,10267477,0,0.583,Manual,Open
2001081,10311802,0,0.219,Rule,False Positive
2001082,10117549,0,0.438,ML Model,Open
2001083,10240933,0,0.841,Rule,False Positive
2001084,10204203,0,0.705,ML Model,Closed
2001085,10167006,1,0.081,ML Model,False Positive
2001086,10212536,0,0.015,Rule,Confirmed
2001087,10280121,0,0.071,Rule,False Positive
2001088,10292060,0,0.214,Manual,False Positive
2001089,10334325,1,0.684,Rule,Closed
2001090,10357519,0,0.321,ML Model,Open
2001091,10383917,0,0.551,Manual,False Positive
2001092,10309549,0,0.491,Rule,Closed
2001093,10237809,0,0.41,Manual,Open
2001094,10171256,0,0.763,ML Model,False Positive
2001095,10259110,0,0.311,Rule,False Positive
2001096,10016038,0,0.054,ML Model,Closed
2001097,10361194,1,0.503,ML Model,Confirmed
2001098,10011131,0,0.38,Manual,Confirmed
2001099,10374462,0,0.005,Rule,False Positive
2001100,10245915,0,0.381,ML Model,Confirmed
2001101,10099963,0,0.867,ML Model,Open
2001102,10049348,0,0.169,Rule,Open
2001103,10174635,0,0.084,Rule,Open
2001104,10388939,0,0.555,Rule,Confirmed
2001105,10241796,0,0.609,ML Model,False Positive
2001106,10030264,0,0.694,Manual,Confirmed
2001107,10153811,0,0.642,Rule,False Positive
2001108,10289107,0,0.417,Rule,Confirmed
2001109,10352580,0,0.422,ML Model,False Positive
2001110,10335530,0,0.769,ML Model,Confirmed
2001111,10260265,0,0.573,Rule,Confirmed
2001112,10250312,0,0.252,Rule,Closed
2001113,10214315,0,0.564,ML Model,Open
2001114,10132028,0,0.143,Rule,Confirmed
2001115,10270677,0,0.74,ML Model,Confirmed
2001116,10100209,0,0.628,ML Model,Closed
2001117,10148742,0,0.005,Rule,Confirmed
2001118,10069171,0,0.123,ML Model,Confirmed
2001119,10041035,0,0.873,ML Model,Confirmed
2001120,10080340,0,0.976,Rule,Closed
2001121,10207781,0,0.693,Rule,Confirmed
2001122,10393144,0,0.7,Rule,Open
2001123,10044814,0,0.716,Rule,Closed
2001124,10226852,0,0.036,Manual,Open
2001125,10392531,0,0.359,ML Model,Confirmed
2001126,10296973,0,0.924,ML Model,Open
2001127,10148261,0,0.904,Rule,Open
2001128,10035082,0,0.822,Rule,Open
2001129,10121687,0,0.865,ML Model,Closed
2001130,10377962,0,0.961,Manual,Closed
2001131,10040586,0,0.234,Manual,Open
2001132,10040857,0,0.909,Manual,Closed
2001133,10178588,0,0.443,Manual,Open
2001134,10129187,0,0.06,Rule,Confirmed
2001135,10036973,0,0.838,Manual,Open
2001136,10208370,0,0.814,Rule,False Positive
2001137,10072380,0,0.813,Rule,Closed
2001138,10045175,0,0.334,ML Model,False Positive
2001139,10036080,0,0.765,Rule,False Positive
2001140,10132706,1,0.605,Manual,Open
2001141,10102666,0,0.165,ML Model,Confirmed
2001142,10134438,1,0.437,ML Model,Confirmed
2001143,10253652,1,0.147,Manual,Confirmed
2001144,10250118,0,0.811,Rule,False Positive
2001145,10315015,0,0.181,Rule,Closed
2001146,10139793,0,0.942,Manual,Confirmed
2001147,10304930,0,0.244,Rule,Closed
2001148,10169240,0,0.327,Manual,False Positive
2001149,10232858,0,0.678,Manual,Closed
2001150,10165474,0,0.283,Manual,False Positive
2001151,10102491,0,0.264,ML Model,Open
2001152,10008394,0,0.628,ML Model,Confirmed
2001153,10287270,0,0.22,Rule,Closed
2001154,10093301,0,0.094,Manual,False Positive
2001155,10233044,0,0.198,ML Model,Confirmed
2001156,10278092,0,0.446,ML Model,Open
2001157,10359458,0,0.691,Rule,Confirmed
2001158,10028830,0,0.555,Rule,Closed
2001159,10349616,0,0.785,ML Model,Confirmed
2001160,10220609,0,0.514,ML Model,Open
2001161,10343263,0,0.604,Rule,Closed
2001162,10056156,0,0.271,Manual,Open
2001163,10048008,0,0.192,Rule,Open
2001164,10232428,0,0.657,Rule,Open
2001165,10103200,0,0.456,Rule,Confirmed
2001166,10161143,1,0.35,Rule,Confirmed
2001167,10020314,0,0.033,Manual,Open
2001168,10174782,0,0.464,Rule,Closed
2001169,10390298,0,0.25,Rule,False Positive
2001170,10080444,0,0.99,ML Model,Open
2001171,10277881,0,0.174,ML Model,False Positive
2001172,10219649,0,0.985,Rule,False Positive
2001173,10307263,0,0.319,Rule,Open
2001174,10209536,0,0.378,Manual,Open
2001175,10346562,0,0.932,Rule,Closed
2001176,10355843,0,0.38,Rule,Closed
2001177,10225471,0,0.376,Manual,Confirmed
2001178,10286368,0,0.606,Rule,Confirmed
2001179,10022592,0,0.194,Manual,Open
2001180,10369997,0,0.475,ML Model,Open
2001181,10228974,0,0.325,ML Model,Open
2001182,10226273,0,0.528,Rule,Closed
2001183,10007974,0,0.433,ML Model,Open
2001184,10159438,0,0.965,ML Model,False Positive
2001185,10133312,0,0.762,Rule,False Positive
2001186,10216378,1,0.368,Rule,Closed
2001187,10014083,0,0.348,Rule,False Positive
2001188,10052114,0,0.514,Rule,False Positive
2001189,10255235,0,0.549,Manual,Closed
2001190,10111000,0,0.007,Rule,Confirmed
2001191,10160012,0,0.936,Manual,Confirmed
2001192,10246240,0,0.957,ML Model,Open
2001193,10037677,0,0.059,Rule,Closed
2001194,10036939,0,0.375,Manual,Confirmed
2001195,10275978,0,0.083,ML Model,Open
2001196,10273070,0,0.055,ML Model,Closed
2001197,10340112,0,0.064,Manual,Confirmed
2001198,10062462,0,0.707,Manual,Confirmed
2001199,10013280,0,0.732,Manual,Closed
2001200,10102026,0,0.327,ML Model,Open
2001201,10367791,0,0.261,Manual,Confirmed
2001202,10101881,0,0.862,ML Model,Open
2001203,10383467,0,0.165,Manual,Confirmed
2001204,10069985,1,0.227,Manual,Open
2001205,10311093,0,0.324,Rule,Closed
2001206,10162687,0,0.995,Manual,Closed
2001207,10145911,0,0.898,ML Model,False Positive
2001208,10123007,1,0.49,Manual,False Positive
2001209,10074448,0,0.646,Rule,Open
2001210,10043814,0,0.734,Rule,False Positive
2001211,10181087,0,0.034,ML Model,False Positive
2001212,10237045,1,0.392,Manual,Closed
2001213,10205243,0,0.861,Manual,Confirmed
2001214,10138475,0,0.377,Rule,Confirmed
2001215,10392839,0,0.251,Manual,Closed
2001216,10367685,0,0.267,Manual,Open
2001217,10303558,0,0.55,Manual,Open
2001218,10163451,0,0.74,ML Model,Closed
2001219,10160171,0,0.07,ML Model,Closed
2001220,10144008,0,0.871,Rule,False Positive
2001221,10244058,0,0.743,Rule,Closed
2001222,10146768,0,0.278,Manual,Confirmed
2001223,10035764,0,0.209,Rule,Closed
2001224,10375399,0,0.11,Manual,Open
2001225,10292554,0,0.938,Rule,Open
2001226,10256895,0,0.38,Rule,Confirmed
2001227,10090555,0,0.874,ML Model,False Positive
2001228,10157587,0,0.723,Rule,False Positive
2001229,10175625,0,0.392,Manual,Confirmed
2001230,10170702,0,0.345,ML Model,Closed
2001231,10281150,0,0.651,Rule,Open
2001232,10230754,0,0.25,ML Model,False Positive
2001233,10034414,0,0.578,ML Model,False Positive
2001234,10384732,0,0.032,Rule,Closed
2001235,10362930,0,0.323,Rule,Open
2001236,10357915,0,0.668,Rule,Open
2001237,10178769,0,0.03,ML Model,Closed
2001238,10222730,0,0.757,Manual,Open
2001239,10068802,0,0.646,Rule,False Positive
2001240,10191113,1,0.276,Manual,Open
2001241,10052917,0,0.611,ML Model,Confirmed
2001242,10308357,0,0.506,ML Model,Closed
2001243,10319880,0,0.069,Manual,False Positive
2001244,10240288,0,0.076,Rule,Open
2001245,10365325,0,0.375,ML Model,False Positive
2001246,10030581,1,0.47,Rule,Confirmed
2001247,10394945,0,0.356,ML Model,Open
2001248,10273455,0,0.622,Rule,Open
2001249,10078310,0,0.667,ML Model,False Positive
2001250,10029922,0,0.503,Rule,Closed
2001251,10202571,1,0.473,ML Model,Confirmed
2001252,10095778,0,0.05,Rule,False Positive
2001253,10220468,0,0.183,Rule,Confirmed
2001254,10386128,0,0.044,ML Model,Open
2001255,10219322,0,0.151,Rule,Open
2001256,10264946,0,0.527,ML Model,Open
2001257,10138209,0,0.624,Rule,Open
2001258,10089717,0,0.418,Manual,Closed
2001259,10382802,0,0.225,ML Model,Confirmed
2001260,10122190,1,0.064,Rule,Confirmed
2001261,10062047,0,0.343,Rule,Confirmed
2001262,10371673,0,0.182,Manual,False Positive
2001263,10153723,0,0.366,Manual,Closed
2001264,10393717,1,0.511,Manual,Closed
2001265,10056573,0,0.835,ML Model,Closed
2001266,10069532,0,0.228,Manual,Closed
2001267,10312612,0,0.96,ML Model,Open
2001268,10368621,0,0.366,Rule,Confirmed
2001269,10108807,0,0.356,Rule,Open
2001270,10243695,0,0.988,Manual,Open
2001271,10132707,0,0.947,Manual,Closed
2001272,10224862,1,0.554,Manual,False Positive
2001273,10214643,0,0.183,Rule,Open
2001274,10306043,0,0.444,ML Model,Closed
2001275,10295665,0,0.9,Rule,Closed
2001276,10033706,0,0.244,ML Model,Confirmed
2001277,10084036,1,0.874,ML Model,False Positive
2001278,10260609,0,0.767,ML Model,Closed
2001279,10219388,0,0.462,ML Model,False Positive
2001280,10370076,0,0.026,Manual,Confirmed
2001281,10009028,0,0.678,Manual,Closed
2001282,10186327,0,0.965,Manual,Open
2001283,10358494,0,0.985,ML Model,Closed
2001284,10041706,0,0.852,ML Model,False Positive
2001285,10369496,0,0.63,Manual,Open
2001286,10321083,0,0.71,ML Model,False Positive
2001287,10033110,0,0.337,Rule,Confirmed
2001288,10320299,0,0.909,Manual,Confirmed
2001289,10107403,0,0.203,Manual,Closed
2001290,10040776,0,0.994,ML Model,False Positive
2001291,10115161,0,0.972,Rule,Confirmed
2001292,10047031,0,0.34,Rule,Confirmed
2001293,10134186,0,0.488,Rule,Open
2001294,10319214,0,0.302,Manual,False Positive
2001295,10080527,0,0.102,Manual,Closed
2001296,10242055,0,0.195,Rule,False Positive
2001297,10116377,0,0.669,Manual,False Positive
2001298,10325116,1,0.851,ML Model,False Positive
2001299,10112716,0,0.201,Manual,Closed
2001300,10289334,0,0.799,Manual,Open
2001301,10131692,0,0.64,Manual,Closed
2001302,10263965,0,0.435,ML Model,Confirmed
2001303,10388512,0,0.876,Rule,Confirmed
2001304,10360968,0,0.649,ML Model,Open
2001305,10159340,0,0.415,Manual,Closed
2001306,10385996,0,0.611,Manual,False Positive
2001307,10277730,0,0.286,Manual,Confirmed
2001308,10099266,0,0.477,Rule,Confirmed
2001309,10200040,0,0.989,ML Model,Closed
2001310,10187396,0,0.502,Manual,Closed
2001311,10072419,0,0.025,ML Model,False Positive
2001312,10346002,0,0.509,ML Model,Confirmed
2001313,10279962,0,0.472,Rule,Confirmed
2001314,10379704,0,0.081,ML Model,Closed
2001315,10245040,0,0.481,ML Model,Closed
2001316,10147595,0,0.951,Manual,Open
2001317,10283050,1,0.868,Rule,Open
2001318,10161595,0,0.259,ML Model,False Positive
2001319,10234133,0,0.439,Manual,Closed
2001320,10375756,0,0.126,ML Model,Open
2001321,10180208,0,0.237,Rule,Confirmed
2001322,10376307,0,0.22,ML Model,Closed
2001323,10366402,0,0.018,Manual,Confirmed
2001324,10289115,0,0.847,Rule,Open
2001325,10218164,0,0.123,Manual,Open
2001326,10335552,0,0.136,Manual,Confirmed
2001327,10227712,0,0.952,Manual,Confirmed
2001328,10319588,0,0.704,Manual,Open
2001329,10204563,0,0.283,Manual,Closed
2001330,10179342,0,0.072,Rule,Open
2001331,10151944,0,0.38,ML Model,Closed
2001332,10032048,0,0.882,ML Model,False Positive
2001333,10064728,0,0.809,Rule,Open
2001334,10035749,0,0.722,Rule,Open
2001335,10166838,0,0.477,ML Model,False Positive
2001336,10210364,0,0.523,Rule,Open
2001337,10145917,0,0.267,Rule,Open
2001338,10049786,0,0.475,Manual,False Positive
2001339,10251468,0,0.543,Rule,Open
2001340,10271650,0,0.702,Rule,Confirmed
2001341,10101226,0,0.311,ML Model,Open
2001342,10155286,0,0.088,ML Model,False Positive
2001343,10102295,0,0.006,ML Model,Open
2001344,10356577,0,0.289,ML Model,Confirmed
2001345,10245399,0,0.257,ML Model,Confirmed
2001346,10195381,0,0.588,Manual,Open
2001347,10222002,0,0.351,Manual,Confirmed
2001348,10187216,0,0.578,Rule,Closed
2001349,10122278,0,0.572,Rule,False Positive
2001350,10130924,1,0.391,ML Model,False Positive
2001351,10307511,0,0.628,Manual,Closed
2001352,10303178,1,0.619,ML Model,Closed
2001353,10170528,1,0.957,Manual,Open
2001354,10301502,0,0.662,ML Model,Open
2001355,10115040,0,0.998,Rule,Confirmed
2001356,10381358,0,0.924,ML Model,Open
2001357,10032649,0,0.425,ML Model,Confirmed
2001358,10270315,0,0.785,Rule,Closed
2001359,10398109,0,0.326,Rule,Confirmed
2001360,10276887,0,0.621,ML Model,Closed
2001361,10212603,0,0.072,Rule,Confirmed
2001362,10359527,0,0.738,Manual,Closed
2001363,10019595,1,0.358,Manual,Open
2001364,10335600,0,0.804,Manual,Closed
2001365,10201331,0,0.887,Manual,False Positive
2001366,10359651,0,0.349,Manual,Closed
2001367,10248110,0,0.544,ML Model,Open
2001368,10052424,0,0.718,ML Model,Closed
2001369,10156652,0,0.581,ML Model,Open
2001370,10160391,0,0.779,Rule,Open
2001371,10192359,0,0.433,Manual,Closed
2001372,10317816,0,0.325,Rule,Open
2001373,10249193,0,0.566,Rule,Open
2001374,10125287,0,0.111,Rule,Confirmed
2001375,10330354,0,0.653,Rule,Confirmed
2001376,10255101,0,0.56,Rule,Open
2001377,10014341,0,0.672,Manual,False Positive
2001378,10022173,1,0.124,Manual,Open
2001379,10239015,0,0.963,Manual,Confirmed
2001380,10046793,0,0.105,Rule,Open
2001381,10018247,0,0.744,Rule,False Positive
2001382,10371227,0,0.417,ML Model,False Positive
2001383,10282630,1,0.959,Rule,Open
2001384,10235207,0,0.829,Rule,Open
2001385,10070992,0,0.867,Rule,False Positive
2001386,10115037,1,0.709,ML Model,False Positive
2001387,10139726,0,0.464,Manual,False Positive
2001388,10236724,0,0.21,Rule,False Positive
2001389,10223150,0,0.311,Rule,Confirmed
2001390,10165835,0,0.676,Rule,Closed
2001391,10169077,0,0.791,ML Model,Closed
2001392,10376342,0,0.621,ML Model,Open
2001393,10293733,0,0.939,Manual,False Positive
2001394,10394119,1,0.116,ML Model,Confirmed
2001395,10068395,0,0.879,Manual,Confirmed
2001396,10010250,0,0.188,ML Model,Closed
2001397,10127278,0,0.262,Rule,Closed
2001398,10115148,0,0.227,ML Model,Confirmed
2001399,10235927,0,0.854,Rule,False Positive
2001400,10210872,0,0.82,Rule,Closed
2001401,10019708,0,0.373,Rule,Closed
2001402,10215304,0,0.072,Manual,Closed
2001403,10154443,0,0.131,Rule,False Positive
2001404,10009170,0,0.357,Rule,Closed
2001405,10181973,0,0.864,Rule,False Positive
2001406,10271811,0,0.343,Rule,Open
2001407,10153355,1,0.322,Rule,Open
2001408,10135270,1,0.711,Manual,Closed
2001409,10172508,0,0.173,ML Model,Open
2001410,10217618,0,0.617,ML Model,False Positive
2001411,10208664,1,0.681,Rule,Open
2001412,10030707,0,0.25,Rule,Open
2001413,10053897,0,0.302,ML Model,False Positive
2001414,10301704,0,0.489,Manual,False Positive
2001415,10059559,0,0.679,ML Model,Open
2001416,10169625,0,0.575,ML Model,Closed
2001417,10112929,0,0.099,Manual,Open
2001418,10008695,0,0.516,ML Model,False Positive
2001419,10027463,0,0.713,Manual,Closed
2001420,10147647,0,0.523,ML Model,Closed
2001421,10252274,0,0.038,ML Model,Confirmed
2001422,10086897,0,0.029,ML Model,Confirmed
2001423,10268622,0,0.678,ML Model,Open
2001424,10036692,0,0.256,ML Model,Open
2001425,10087167,0,0.143,Rule,Closed
2001426,10378240,0,0.987,ML Model,Open
2001427,10032678,0,0.591,ML Model,Confirmed
2001428,10313588,0,0.177,Manual,False Positive
2001429,10275836,0,0.302,Rule,Open
2001430,10163298,0,0.847,ML Model,Confirmed
2001431,10172564,0,0.053,ML Model,Closed
2001432,10035957,0,0.726,ML Model,Closed
2001433,10199596,0,0.821,Rule,Closed
2001434,10323413,0,0.224,Manual,Open
2001435,10286503,0,0.316,Manual,Confirmed
2001436,10164131,0,0.353,ML Model,False Positive
2001437,10031305,0,0.963,Manual,Open
2001438,10209084,0,0.619,Rule,Confirmed
2001439,10146327,0,0.445,Rule,Closed
2001440,10318053,0,0.818,Manual,Confirmed
2001441,10028964,0,0.062,Rule,Open
2001442,10124553,0,0.617,Rule,Open
2001443,10209379,0,0.532,Manual,Open
2001444,10090736,0,0.68,Manual,False Positive
2001445,10038661,0,0.737,ML Model,Closed
2001446,10329453,0,0.845,Manual,Open
2001447,10257254,1,0.999,Manual,False Positive
2001448,10304233,0,0.882,Rule,Confirmed
2001449,10115079,0,0.131,Manual,Confirmed
2001450,10155047,0,0.391,Manual,Closed
2001451,10293877,0,0.039,ML Model,Confirmed
2001452,10285584,1,0.573,Manual,Confirmed
2001453,10034411,0,0.001,ML Model,Closed
2001454,10118835,0,0.357,Rule,Closed
2001455,10246897,0,0.07,ML Model,Closed
2001456,10152171,0,0.469,Rule,Open
2001457,10213458,1,0.653,Rule,Closed
2001458,10274162,0,0.411,ML Model,Confirmed
2001459,10368726,0,0.487,ML Model,False Positive
2001460,10209555,0,0.524,Manual,Open
2001461,10320782,0,0.31,Rule,Confirmed
2001462,10218022,0,0.252,ML Model,False Positive
2001463,10244003,0,0.654,Rule,Closed
2001464,10252448,0,0.557,ML Model,Closed
2001465,10295831,0,0.588,ML Model,False Positive
2001466,10355933,0,0.624,Rule,Confirmed
2001467,10105938,0,0.763,Rule,Open
2001468,10364775,0,0.514,Rule,Open
2001469,10187740,0,0.911,Manual,Closed
2001470,10334672,0,0.676,Manual,Confirmed
2001471,10335514,0,0.577,Rule,Closed
2001472,10381396,0,0.053,ML Model,Open
2001473,10046153,0,0.596,Manual,False Positive
2001474,10387167,0,0.072,ML Model,Open
2001475,10394007,1,0.636,Manual,False Positive
2001476,10084085,0,0.183,Manual,Closed
2001477,10338228,0,0.791,Manual,Open
2001478,10078983,0,0.947,Rule,False Positive
2001479,10116289,0,0.595,Rule,Confirmed
2001480,10139303,0,0.416,Rule,Open
2001481,10375827,0,0.644,ML Model,False Positive
2001482,10150234,0,0.645,ML Model,False Positive
2001483,10359987,0,0.872,ML Model,Open
2001484,10388501,0,0.351,Manual,Confirmed
2001485,10341156,0,0.875,ML Model,False Positive
2001486,10388984,0,0.841,ML Model,False Positive
2001487,10155310,0,0.631,ML Model,Confirmed
2001488,10241243,0,0.229,ML Model,Closed
2001489,10261914,0,0.978,Rule,Confirmed
2001490,10250536,0,0.372,Rule,Confirmed
2001491,10254283,1,0.636,Rule,Confirmed
2001492,10183464,0,0.824,Rule,Open
2001493,10125896,0,0.956,ML Model,Closed
2001494,10006372,0,0.565,Manual,Confirmed
2001495,10293121,0,0.231,Rule,Closed
2001496,10141988,0,0.335,Rule,Confirmed
2001497,10210382,0,0.288,ML Model,Open
2001498,10270440,0,0.947,Rule,Closed
2001499,10070563,0,0.027,Manual,Confirmed
2001500,10262930,0,0.726,Rule,Confirmed
2001501,10353900,0,0.327,ML Model,Confirmed
2001502,10380617,1,0.452,Manual,Closed
2001503,10097793,0,0.535,ML Model,Confirmed
2001504,10392659,0,0.102,Rule,Closed
2001505,10318223,0,0.999,ML Model,Open
2001506,10206152,0,0.143,Manual,False Positive
2001507,10098535,0,0.382,Manual,Confirmed
2001508,10295408,0,0.23,ML Model,Confirmed
2001509,10344878,0,0.147,ML Model,False Positive
2001510,10072567,0,0.953,Manual,Confirmed
2001511,10324989,0,0.757,Manual,Open
2001512,10195876,0,0.713,Manual,Closed
2001513,10001505,0,0.666,Manual,False Positive
2001514,10338947,0,0.077,ML Model,Open
2001515,10195689,0,0.814,Rule,Confirmed
2001516,10001147,0,0.777,Manual,Confirmed
2001517,10144150,0,0.515,Rule,Closed
2001518,10133073,0,0.647,Manual,False Positive
2001519,10070332,0,0.718,ML Model,Closed
2001520,10340180,0,0.253,ML Model,Open
2001521,10399327,0,0.172,ML Model,Open
2001522,10094808,0,0.509,Rule,Confirmed
2001523,10207892,0,0.696,ML Model,False Positive
2001524,10376146,0,0.449,Manual,False Positive
2001525,10165304,0,0.917,ML Model,Confirmed
2001526,10350097,0,0.773,Rule,Confirmed
2001527,10162536,0,0.758,ML Model,Closed
2001528,10314713,0,0.265,Manual,Closed
2001529,10314047,0,0.69,Rule,False Positive
2001530,10301750,1,0.62,Rule,Closed
2001531,10383672,0,0.658,ML Model,Open
2001532,10023228,0,0.894,Rule,False Positive
2001533,10025311,0,0.005,Manual,Confirmed
2001534,10289237,0,0.45,Manual,Confirmed
2001535,10067860,0,0.031,Rule,Closed
2001536,10190112,0,0.405,Manual,False Positive
2001537,10048227,0,0.533,Rule,Open
2001538,10234130,0,0.024,Rule,Closed
2001539,10029645,0,0.502,Rule,Open
2001540,10237084,1,0.935,Rule,Open
2001541,10392666,1,0.308,Rule,Open
2001542,10100676,1,0.662,Rule,Confirmed
2001543,10313082,0,0.144,Manual,Confirmed
2001544,10103502,0,0.248,Manual,False Positive
2001545,10272281,0,0.805,Manual,False Positive
2001546,10005040,0,0.893,Rule,False Positive
2001547,10061333,0,0.581,Manual,Closed
2001548,10366794,0,0.063,ML Model,Open
2001549,10227864,0,0.705,ML Model,False Positive
2001550,10001637,1,0.624,Manual,Confirmed
2001551,10167289,0,0.843,ML Model,Closed
2001552,10378684,1,0.452,ML Model,False Positive
2001553,10037939,0,0.187,ML Model,Confirmed
2001554,10185756,0,0.616,ML Model,Closed
2001555,10299872,0,0.079,ML Model,Confirmed
2001556,10339360,0,0.65,Manual,False Positive
2001557,10197864,0,0.836,Manual,False Positive
2001558,10292454,0,0.612,ML Model,Closed
2001559,10290447,0,0.435,Rule,False Positive
2001560,10129621,0,0.686,ML Model,False Positive
2001561,10229168,0,0.235,Manual,Confirmed
2001562,10047520,0,0.809,Manual,Closed
2001563,10055295,0,0.825,ML Model,Closed
2001564,10319050,0,0.163,ML Model,Confirmed
2001565,10294778,0,0.838,Rule,Open
2001566,10116472,0,0.668,ML Model,Closed
2001567,10227408,0,0.39,Rule,Confirmed
2001568,10390402,0,0.667,ML Model,Open
2001569,10001922,0,0.505,ML Model,Confirmed
2001570,10166714,0,0.385,Manual,Open
2001571,10088003,0,0.473,Rule,Open
2001572,10032851,0,0.11,Rule,False Positive
2001573,10021900,0,0.538,ML Model,Open
2001574,10022676,0,0.581,Rule,False Positive
2001575,10361469,0,0.539,ML Model,False Positive
2001576,10252620,0,0.536,Rule,Closed
2001577,10371274,0,0.232,ML Model,Open
2001578,10121018,0,0.644,ML Model,False Positive
2001579,10190632,0,0.744,Rule,Open
2001580,10328211,0,0.982,Manual,False Positive
2001581,10219256,0,0.821,ML Model,Confirmed
2001582,10328807,1,0.192,Manual,False Positive
2001583,10390570,0,0.304,Manual,False Positive
2001584,10071048,0,0.776,Rule,Open
2001585,10087521,0,0.08,ML Model,False Positive
2001586,10398088,0,0.109,ML Model,Confirmed
2001587,10381342,0,0.235,Rule,False Positive
2001588,10309509,0,0.783,Manual,Closed
2001589,10098686,0,0.525,Rule,Confirmed
2001590,10075900,0,0.806,Manual,False Positive
2001591,10206165,0,0.912,Rule,Confirmed
2001592,10384274,0,0.843,ML Model,False Positive
2001593,10244420,0,0.18,ML Model,Confirmed
2001594,10203632,1,0.474,Rule,Confirmed
2001595,10350007,0,0.917,Rule,Open
2001596,10152959,0,0.717,Rule,Open
2001597,10312575,0,0.971,ML Model,Confirmed
2001598,10047353,0,0.197,Rule,Open
2001599,10393440,0,0.171,Rule,False Positive
2001600,10206374,0,0.519,Rule,False Positive
2001601,10051952,0,0.341,Rule,Open
2001602,10237330,0,0.68,Rule,Confirmed
2001603,10023318,0,0.645,Rule,False Positive
2001604,10381661,0,0.256,Rule,Closed
2001605,10259128,0,0.35,ML Model,False Positive
2001606,10351622,0,0.967,Manual,False Positive
2001607,10103158,1,0.871,Rule,False Positive
2001608,10192992,0,0.836,Manual,Closed
2001609,10022508,0,0.166,ML Model,Open
2001610,10003183,0,0.119,Rule,Confirmed
2001611,10070764,0,0.811,Manual,Confirmed
2001612,10285509,0,0.644,ML Model,False Positive
2001613,10183925,0,0.324,Manual,Open
2001614,10148268,1,0.249,ML Model,Confirmed
2001615,10204740,0,0.286,Rule,Closed
2001616,10067596,0,0.259,Manual,Closed
2001617,10271597,0,0.089,ML Model,Open
2001618,10105461,0,0.311,Manual,False Positive
2001619,10344278,0,0.297,Manual,Confirmed
2001620,10095991,0,0.572,ML Model,False Positive
2001621,10079795,0,0.245,Rule,False Positive
2001622,10032276,0,0.679,ML Model,Open
2001623,10027981,0,0.319,Rule,Closed
2001624,10343217,0,0.526,Rule,Open
2001625,10168590,0,0.209,Rule,False Positive
2001626,10148279,0,0.804,Rule,Confirmed
2001627,10347063,0,0.033,Manual,Open
2001628,10164063,0,0.744,ML Model,Confirmed
2001629,10251323,1,0.815,Manual,Closed
2001630,10235966,1,0.296,ML Model,False Positive
2001631,10364408,0,0.36,Rule,False Positive
2001632,10383995,0,0.883,Manual,Open
2001633,10284279,0,0.128,ML Model,Open
2001634,10023018,0,0.089,Manual,False Positive
2001635,10042259,0,0.657,ML Model,Open
2001636,10242225,0,0.33,Rule,Closed
2001637,10343001,0,0.074,Manual,Open
2001638,10086744,0,0.25,ML Model,Closed
2001639,10179469,0,0.787,Manual,Confirmed
2001640,10054170,0,0.19,ML Model,Open
2001641,10362030,0,0.072,ML Model,Confirmed
2001642,10263676,0,0.214,Manual,Closed
2001643,10166181,0,0.537,ML Model,False Positive
2001644,10278021,0,0.204,Rule,Confirmed
2001645,10205067,0,0.42,Rule,False Positive
2001646,10261721,0,0.7,Rule,Open
2001647,10257596,0,0.739,ML Model,Confirmed
2001648,10048521,0,0.802,ML Model,Closed
2001649,10130266,0,0.653,Rule,Confirmed
2001650,10332981,0,0.782,Manual,False Positive
2001651,10396949,0,0.428,Manual,Closed
2001652,10216331,0,0.347,ML Model,False Positive
2001653,10357350,0,0.3,Rule,Confirmed
2001654,10297279,0,0.164,Rule,Closed
2001655,10270923,0,0.177,ML Model,False Positive
2001656,10136847,0,0.689,ML Model,Confirmed
2001657,10106975,0,0.664,Manual,Confirmed
2001658,10360385,0,0.846,Rule,Confirmed
2001659,10150471,0,0.502,Manual,Open
2001660,10111273,1,0.824,ML Model,Open
2001661,10148197,1,0.375,Manual,Open
2001662,10242447,1,0.66,Manual,Closed
2001663,10119681,0,0.578,Rule,False Positive
2001664,10241307,0,0.88,Manual,Open
2001665,10209604,0,0.735,Rule,Closed
2001666,10005657,0,0.867,Manual,Open
2001667,10211159,0,0.093,ML Model,Confirmed
2001668,10291561,0,0.832,Rule,Closed
2001669,10066673,0,0.017,ML Model,False Positive
2001670,10114342,0,0.6,ML Model,Open
2001671,10297749,0,0.005,Manual,Confirmed
2001672,10230823,0,0.643,ML Model,Closed
2001673,10060067,0,0.181,ML Model,False Positive
2001674,10355527,0,0.633,Rule,Closed
2001675,10354950,0,0.5,Manual,Closed
2001676,10056734,0,0.151,Manual,Confirmed
2001677,10318311,0,0.645,Rule,False Positive
2001678,10251308,0,0.077,Manual,Confirmed
2001679,10387533,0,0.214,Manual,Open
2001680,10129017,0,0.67,Manual,Confirmed
2001681,10373881,0,0.464,Rule,Open
2001682,10078523,0,0.651,ML Model,Open
2001683,10398281,0,0.626,Manual,Open
2001684,10212277,1,0.731,ML Model,Open
2001685,10062160,0,0.733,Manual,Confirmed
2001686,10384506,0,0.139,ML Model,Closed
2001687,10333526,0,0.123,Manual,Closed
2001688,10143683,0,0.529,ML Model,Confirmed
2001689,10072840,0,0.529,Rule,False Positive
2001690,10315034,0,0.089,Manual,False Positive
2001691,10113632,0,0.241,ML Model,Confirmed
2001692,10320448,0,0.829,Rule,Confirmed
2001693,10057390,0,0.231,Manual,Confirmed
2001694,10379807,0,0.95,Manual,Confirmed
2001695,10391105,0,0.114,ML Model,Confirmed
2001696,10158150,0,0.996,Rule,Confirmed
2001697,10097807,0,0.139,Rule,Open
2001698,10106776,0,0.526,Manual,Confirmed
2001699,10094389,1,0.681,ML Model,Confirmed
2001700,10009770,0,0.461,Manual,Confirmed
2001701,10243329,0,0.582,ML Model,Open
2001702,10132357,0,0.385,ML Model,Closed
2001703,10060367,0,0.492,ML Model,Confirmed
2001704,10237837,0,0.919,ML Model,Open
2001705,10102275,0,0.5,Manual,Confirmed
2001706,10246752,0,0.782,Rule,Open
2001707,10265552,0,0.364,Manual,Open
2001708,10368007,0,0.124,Rule,Closed
2001709,10201029,0,0.641,Rule,Open
2001710,10242586,0,0.268,Rule,False Positive
2001711,10359293,0,0.287,ML Model,Confirmed
2001712,10200440,0,0.553,ML Model,Closed
2001713,10156965,0,0.248,Rule,Open
2001714,10123079,0,0.734,Rule,Closed
2001715,10391139,0,0.5,Rule,False Positive
2001716,10028593,0,0.529,Manual,Open
2001717,10118424,0,0.497,Rule,Closed
2001718,10144481,0,0.465,Manual,Confirmed
2001719,10383105,0,0.743,ML Model,Closed
2001720,10017544,0,0.165,Manual,False Positive
2001721,10044984,0,0.273,Rule,False Positive
2001722,10261841,0,0.848,Manual,Open
2001723,10280033,0,0.483,Manual,Closed
2001724,10096465,0,0.107,Manual,Open
2001725,10200864,1,0.103,Manual,False Positive
2001726,10036653,0,0.804,Manual,Closed
2001727,10047758,0,0.476,ML Model,Confirmed
2001728,10340393,0,0.088,ML Model,Confirmed
2001729,10176502,0,0.211,ML Model,False Positive
2001730,10347059,0,0.489,Rule,Confirmed
2001731,10276049,0,0.289,Manual,Open
2001732,10292216,0,0.373,Manual,Confirmed
2001733,10298985,0,0.495,ML Model,Open
2001734,10302902,0,0.378,Rule,False Positive
2001735,10348553,1,0.14,Manual,Confirmed
2001736,10011304,0,0.907,Manual,Closed
2001737,10271422,0,0.151,Rule,False Positive
2001738,10119033,0,0.634,ML Model,Open
2001739,10210498,0,0.04,Rule,Confirmed
2001740,10059759,0,0.502,Rule,Open
2001741,10242362,0,0.317,Rule,False Positive
2001742,10352760,0,0.744,Rule,Confirmed
2001743,10301987,0,0.74,Rule,Closed
2001744,10064887,0,0.804,Rule,Confirmed
2001745,10187154,0,0.658,ML Model,False Positive
2001746,10389409,0,0.443,ML Model,Open
2001747,10232733,0,0.396,ML Model,Open
2001748,10097907,0,0.223,ML Model,False Positive
2001749,10287870,0,0.749,ML Model,Open
2001750,10136013,0,0.893,ML Model,Open
2001751,10165109,0,0.138,Manual,Open
2001752,10208201,0,0.581,Rule,False Positive
2001753,10317685,0,0.791,ML Model,False Positive
2001754,10050219,0,0.098,Rule,False Positive
2001755,10208763,1,0.378,Rule,Confirmed
2001756,10377340,0,0.116,Manual,Confirmed
2001757,10395863,0,0.954,ML Model,False Positive
2001758,10071414,0,0.817,Manual,Confirmed
2001759,10248837,0,0.086,Manual,Open
2001760,10380551,0,0.872,Rule,Confirmed
2001761,10219516,0,0.332,Manual,Open
2001762,10123258,0,0.771,Rule,Open
2001763,10301603,0,0.824,Manual,Confirmed
2001764,10311438,0,0.02,Manual,Confirmed
2001765,10073025,0,0.973,Manual,Closed
2001766,10051559,0,0.311,ML Model,Open
2001767,10101494,0,0.94,ML Model,False Positive
2001768,10223846,0,0.969,ML Model,Confirmed
2001769,10312878,0,0.033,Rule,Confirmed
2001770,10215887,0,0.786,ML Model,Open
2001771,10220990,0,0.357,Rule,Open
2001772,10037228,0,0.091,Manual,Open
2001773,10270196,0,0.404,ML Model,Closed
2001774,10128311,0,0.624,ML Model,Confirmed
2001775,10221081,0,0.761,Manual,Closed
2001776,10089254,0,0.399,ML Model,Confirmed
2001777,10199554,0,0.986,Manual,Closed
2001778,10272059,0,0.286,Rule,False Positive
2001779,10128792,0,0.003,Manual,Confirmed
2001780,10356195,0,0.281,ML Model,Closed
2001781,10025420,0,0.443,ML Model,False Positive
2001782,10096023,0,0.879,Rule,False Positive
2001783,10038544,0,0.323,Rule,False Positive
2001784,10273016,0,0.439,ML Model,False Positive
2001785,10329227,1,0.422,ML Model,False Positive
2001786,10157880,0,0.23,ML Model,Confirmed
2001787,10370660,0,0.068,Manual,False Positive
2001788,10236382,0,0.62,Manual,False Positive
2001789,10338313,1,0.362,Manual,False Positive
2001790,10128878,0,0.53,Rule,Open
2001791,10105509,0,0.503,Rule,Closed
2001792,10167418,1,0.944,ML Model,Closed
2001793,10383940,0,0.178,ML Model,Closed
2001794,10199770,0,0.3,Rule,Open
2001795,10235526,0,0.217,ML Model,Closed
2001796,10086797,0,0.582,Rule,Closed
2001797,10319171,1,0.099,ML Model,Open
2001798,10044798,0,0.454,Manual,Closed
2001799,10262924,0,0.456,Rule,Confirmed
2001800,10103068,0,0.025,ML Model,Closed
2001801,10338647,0,0.351,Rule,Open
2001802,10362541,1,0.276,Rule,Open
2001803,10016421,0,0.143,ML Model,Confirmed
2001804,10306718,0,0.502,Rule,Confirmed
2001805,10178140,0,0.386,Manual,False Positive
2001806,10217710,0,0.676,Rule,Confirmed
2001807,10333821,0,0.285,ML Model,Closed
2001808,10318749,0,0.039,ML Model,False Positive
2001809,10072918,0,0.606,Rule,Confirmed
2001810,10278842,0,0.898,Manual,False Positive
2001811,10389982,0,0.159,Rule,False Positive
2001812,10348585,0,0.92,Rule,False Positive
2001813,10145056,0,0.134,ML Model,Closed
2001814,10226951,0,0.672,Manual,Open
2001815,10071207,0,0.354,ML Model,Open
2001816,10136288,0,0.93,ML Model,False Positive
2001817,10215089,0,0.714,Rule,Closed
2001818,10114698,0,0.204,Rule,Open
2001819,10154127,0,0.754,Manual,Open
2001820,10093977,0,0.503,Manual,Closed
2001821,10217612,0,0.474,Rule,False Positive
2001822,10156103,0,0.49,ML Model,Confirmed
2001823,10342212,0,0.897,ML Model,Closed
2001824,10073051,0,0.596,ML Model,Confirmed
2001825,10374628,0,0.144,ML Model,Open
2001826,10390442,0,0.505,ML Model,Open
2001827,10008716,0,0.7,Rule,Open
2001828,10395501,0,0.948,ML Model,Closed
2001829,10263655,0,0.809,Rule,Confirmed
2001830,10073357,0,0.49,ML Model,Open
2001831,10200074,0,0.919,ML Model,Confirmed
2001832,10235471,0,0.197,Manual,Confirmed
2001833,10011031,0,0.714,Rule,Confirmed
2001834,10060696,0,0.027,ML Model,Confirmed
2001835,10272023,0,0.632,Manual,False Positive
2001836,10387869,0,0.126,Manual,Open
2001837,10366512,0,0.306,Manual,Closed
2001838,10342751,0,0.618,Rule,False Positive
2001839,10221390,0,0.645,Rule,Confirmed
2001840,10308042,0,0.616,Rule,Closed
2001841,10298461,0,0.263,Rule,Confirmed
2001842,10305624,0,0.72,ML Model,Closed
2001843,10342552,0,0.366,Manual,Open
2001844,10391819,1,0.957,Rule,Confirmed
2001845,10104971,0,0.09,Manual,Closed
2001846,10351419,0,0.915,Rule,False Positive
2001847,10136032,0,0.88,Manual,False Positive
2001848,10285096,0,0.471,Manual,False Positive
2001849,10294561,0,0.745,Rule,Open
2001850,10127760,0,0.593,Rule,Closed
2001851,10273641,0,0.325,ML Model,Confirmed
2001852,10261870,0,0.221,ML Model,Confirmed
2001853,10041668,1,0.844,Manual,False Positive
2001854,10115819,0,0.035,ML Model,Confirmed
2001855,10318935,1,0.434,Rule,Confirmed
2001856,10199875,0,0.299,Rule,Open
2001857,10155843,0,0.72,Rule,False Positive
2001858,10224545,0,0.549,Rule,Open
2001859,10084500,0,0.993,ML Model,Confirmed
2001860,10336231,0,0.965,Manual,Open
2001861,10144168,0,0.917,Manual,Closed
2001862,10155370,0,0.864,Rule,Closed
2001863,10157466,0,0.97,ML Model,Open
2001864,10290724,0,0.234,Manual,Open
2001865,10209221,0,0.068,Manual,Closed
2001866,10183965,1,0.691,ML Model,Open
2001867,10088197,0,0.756,ML Model,Closed
2001868,10339592,0,0.863,Manual,False Positive
2001869,10179717,0,0.429,ML Model,Closed
2001870,10336305,0,0.818,Rule,Confirmed
2001871,10282530,1,0.593,ML Model,Confirmed
2001872,10319770,0,0.593,ML Model,Closed
2001873,10205766,0,0.31,Manual,False Positive
2001874,10206367,0,0.18,Manual,Confirmed
2001875,10209522,0,0.191,ML Model,False Positive
2001876,10164640,0,0.376,Manual,Closed
2001877,10059617,0,0.718,Manual,Confirmed
2001878,10191447,0,0.894,Rule,Open
2001879,10257363,0,0.087,ML Model,False Positive
2001880,10332443,0,0.166,Manual,Closed
2001881,10336438,0,0.907,ML Model,Confirmed
2001882,10100910,0,0.979,Rule,Closed
2001883,10207871,0,0.885,ML Model,Confirmed
2001884,10286131,0,0.252,ML Model,Confirmed
2001885,10043421,0,0.921,Manual,Closed
2001886,10165208,0,0.918,ML Model,Confirmed
2001887,10242145,0,0.314,Manual,Confirmed
2001888,10386415,0,0.506,Rule,Confirmed
2001889,10201107,0,0.109,ML Model,Open
2001890,10182672,0,0.323,Manual,Open
2001891,10139873,0,0.391,ML Model,Confirmed
2001892,10158716,1,0.46,Manual,Closed
2001893,10342444,0,0.228,Manual,Confirmed
2001894,10024468,0,0.937,Manual,Confirmed
2001895,10259268,0,0.774,Rule,Open
2001896,10369640,0,0.853,Manual,Closed
2001897,10306467,1,0.49,Rule,Confirmed
2001898,10240857,0,0.136,Rule,Open
2001899,10360912,0,0.342,Rule,False Positive
2001900,10146670,0,0.876,Rule,Closed
2001901,10248494,0,0.992,ML Model,Open
2001902,10255152,0,0.591,Manual,False Positive
2001903,10359557,0,0.946,ML Model,False Positive
2001904,10320189,0,0.845,ML Model,False Positive
2001905,10295766,0,0.991,ML Model,Closed
2001906,10258299,0,0.693,ML Model,Closed
2001907,10168151,0,0.03,ML Model,Confirmed
2001908,10297973,0,0.696,Rule,Confirmed
2001909,10188499,0,0.61,Rule,Closed
2001910,10177202,0,0.357,Manual,False Positive
2001911,10397901,0,0.93,Manual,Open
2001912,10157234,0,0.697,ML Model,Closed
2001913,10098474,0,0.924,Manual,Open
2001914,10352434,0,0.466,Rule,Closed
2001915,10044093,0,0.126,ML Model,Open
2001916,10000423,0,0.288,Manual,Open
2001917,10074105,0,0.189,Rule,Confirmed
2001918,10150836,0,0.36,ML Model,Open
2001919,10257720,0,0.579,ML Model,False Positive
2001920,10111321,0,0.071,Rule,Closed
2001921,10316505,0,0.165,Rule,Closed
2001922,10245134,0,0.829,Manual,Open
2001923,10358205,0,0.698,ML Model,Confirmed
2001924,10198115,0,0.687,Rule,Open
2001925,10108688,0,0.049,ML Model,Confirmed
2001926,10075853,0,0.964,Rule,Confirmed
2001927,10227921,0,0.224,Manual,Open
2001928,10292456,0,0.298,ML Model,False Positive
2001929,10035953,0,0.154,Manual,False Positive
2001930,10250956,0,0.509,ML Model,Open
2001931,10121515,0,0.183,Rule,Open
2001932,10377468,0,0.86,Rule,Open
2001933,10002340,0,0.452,ML Model,Closed
2001934,10037207,0,0.745,ML Model,False Positive
2001935,10054336,0,0.806,ML Model,Confirmed
2001936,10142095,0,0.285,ML Model,Open
2001937,10238702,0,0.428,Manual,Closed
2001938,10052032,0,0.708,Manual,Confirmed
2001939,10291608,0,0.279,Manual,Closed
2001940,10394238,0,0.281,Manual,Open
2001941,10070051,0,0.188,Manual,Confirmed
2001942,10109967,0,0.665,Rule,Open
2001943,10028144,0,0.931,Manual,False Positive
2001944,10127698,0,0.843,Rule,Confirmed
2001945,10070840,0,0.534,Rule,Open
2001946,10315591,0,0.761,Rule,Open
2001947,10223435,0,0.163,Rule,Open
2001948,10166185,0,0.666,Rule,Closed
2001949,10258854,0,0.287,Manual,Open
2001950,10393584,0,0.963,Rule,Confirmed
2001951,10364460,0,0.23,Rule,Confirmed
2001952,10139910,0,0.308,Manual,Closed
2001953,10024561,0,0.874,ML Model,Confirmed
2001954,10399511,0,0.069,Manual,Open
2001955,10038434,0,0.221,Manual,False Positive
2001956,10309206,0,0.93,Rule,Open
2001957,10315049,0,0.005,Manual,Closed
2001958,10122800,1,0.374,ML Model,Open
2001959,10327900,0,0.225,ML Model,False Positive
2001960,10105760,0,0.034,Rule,Closed
2001961,10067391,0,0.351,Manual,Open
2001962,10231687,0,0.041,Rule,False Positive
2001963,10321304,0,0.712,Manual,Open
2001964,10365605,0,0.439,ML Model,Confirmed
2001965,10259678,0,0.47,Manual,Open
2001966,10393517,0,0.158,Manual,False Positive
2001967,10264224,0,0.273,ML Model,Closed
2001968,10189546,0,0.655,ML Model,Closed
2001969,10083369,0,0.216,Manual,Open
2001970,10365504,0,0.055,Rule,Closed
2001971,10140559,0,0.616,Rule,Open
2001972,10194371,0,0.585,Manual,Confirmed
2001973,10083436,1,0.54,Rule,Closed
2001974,10000020,0,0.813,Manual,False Positive
2001975,10044684,0,0.573,Rule,Closed
2001976,10174226,1,0.893,ML Model,Confirmed
2001977,10184830,0,0.565,Rule,False Positive
2001978,10166004,0,0.911,Manual,Open
2001979,10061896,0,0.339,ML Model,Open
2001980,10053458,0,0.07,ML Model,Closed
2001981,10117033,0,0.619,Rule,Closed
2001982,10104748,0,0.284,Rule,Confirmed
2001983,10185871,0,0.43,Manual,Open
2001984,10322233,0,0.524,Rule,Open
2001985,10089027,0,0.958,ML Model,False Positive
2001986,10185776,1,0.302,ML Model,Confirmed
2001987,10152553,0,0.01,Manual,Confirmed
2001988,10239650,0,0.375,Manual,Closed
2001989,10207035,0,0.426,ML Model,Closed
2001990,10368950,0,0.592,Manual,Open
2001991,10177870,1,0.129,ML Model,False Positive
2001992,10335653,0,0.982,ML Model,Confirmed
2001993,10142833,1,0.257,Manual,Confirmed
2001994,10239163,0,0.624,Manual,Confirmed
2001995,10120282,0,0.317,Manual,Closed
2001996,10396352,0,0.419,ML Model,Confirmed
2001997,10073100,0,0.417,Manual,False Positive
2001998,10013001,0,0.879,Rule,False Positive
2001999,10057945,0,0.74,ML Model,Confirmed
2002000,10164732,0,0.1,Rule,Confirmed
2002001,10258240,0,0.572,Rule,Closed
2002002,10397478,1,0.56,Rule,Closed
2002003,10067601,0,0.181,Rule,False Positive
2002004,10003454,0,0.253,Rule,False Positive
2002005,10365119,0,0.395,Manual,Confirmed
2002006,10189418,0,0.862,Manual,False Positive
2002007,10036088,0,0.164,Manual,False Positive
2002008,10399947,0,0.237,ML Model,Closed
2002009,10294443,0,0.528,Manual,Closed
2002010,10077491,0,0.619,ML Model,False Positive
2002011,10037314,0,0.025,Rule,Confirmed
2002012,10038342,0,0.33,Rule,Confirmed
2002013,10244465,0,0.209,ML Model,Closed
2002014,10138070,0,0.367,Manual,Open
2002015,10013294,0,0.729,Manual,False Positive
2002016,10272816,0,0.771,Manual,Closed
2002017,10112772,0,0.158,Rule,Closed
2002018,10179034,0,0.248,Manual,Open
2002019,10156666,0,0.623,ML Model,Open
2002020,10030045,1,0.929,Rule,False Positive
2002021,10314565,0,0.888,Rule,Closed
2002022,10138491,0,0.005,Rule,False Positive
2002023,10142808,0,0.246,Manual,Open
2002024,10161954,0,0.819,ML Model,Closed
2002025,10086082,0,0.9,Manual,False Positive
2002026,10115568,0,0.263,Rule,False Positive
2002027,10122924,0,0.944,Rule,Closed
2002028,10051069,0,0.278,Manual,False Positive
2002029,10205305,0,0.918,Rule,False Positive
2002030,10398736,0,0.427,ML Model,False Positive
2002031,10268848,0,0.976,Manual,Confirmed
2002032,10237248,0,0.263,ML Model,False Positive
2002033,10199852,0,0.953,Rule,Open
2002034,10127850,0,0.869,Rule,Confirmed
2002035,10270841,0,0.519,Manual,Open
2002036,10219494,0,0.119,ML Model,Confirmed
2002037,10179959,0,0.242,Rule,Confirmed
2002038,10290378,0,0.991,Rule,Open
2002039,10046740,0,0.269,ML Model,Closed
2002040,10309010,0,0.916,ML Model,Open
2002041,10118533,1,0.63,Manual,False Positive
2002042,10303487,0,0.528,Manual,Open
2002043,10076321,0,0.995,Rule,Open
2002044,10104401,0,0.234,ML Model,False Positive
2002045,10173875,0,0.958,ML Model,Closed
2002046,10019328,0,0.333,Manual,False Positive
2002047,10069843,0,0.51,Rule,Confirmed
2002048,10063904,0,0.464,Manual,False Positive
2002049,10047467,0,0.826,ML Model,False Positive
2002050,10395625,0,0.557,ML Model,Closed
2002051,10142046,0,0.618,Rule,Closed
2002052,10254126,0,0.56,ML Model,Open
2002053,10121312,0,0.535,Rule,Confirmed
2002054,10332886,0,0.229,ML Model,Closed
2002055,10302534,0,0.922,Manual,Open
2002056,10151648,0,0.378,Manual,Open
2002057,10310516,0,0.692,Rule,Confirmed
2002058,10262534,0,0.978,Rule,Confirmed
2002059,10202538,0,0.243,Rule,Open
2002060,10111659,0,0.856,ML Model,False Positive
2002061,10287073,0,0.046,Rule,Confirmed
2002062,10207082,0,0.85,Rule,Closed
2002063,10212596,0,0.063,Rule,False Positive
2002064,10236215,0,0.707,Manual,Confirmed
2002065,10122628,1,0.921,Rule,Closed
2002066,10283695,0,0.585,Rule,Open
2002067,10193007,0,0.071,Rule,Confirmed
2002068,10012752,0,0.698,Manual,Confirmed
2002069,10164512,1,0.808,ML Model,Closed
2002070,10348583,0,0.802,ML Model,False Positive
2002071,10134122,1,0.88,ML Model,Closed
2002072,10107867,0,0.293,ML Model,Closed
2002073,10189161,0,0.912,Rule,Open
2002074,10168008,1,0.175,Rule,Open
2002075,10366799,0,0.889,Manual,Open
2002076,10013511,0,0.861,Rule,False Positive
2002077,10092999,0,0.19,Rule,Closed
2002078,10037164,0,0.517,ML Model,Closed
2002079,10205548,0,0.164,Rule,Open
2002080,10075505,0,0.593,Manual,Confirmed
2002081,10387095,0,0.693,ML Model,Closed
2002082,10350482,0,0.31,Manual,Closed
2002083,10018519,0,0.99,ML Model,Open
2002084,10287489,0,0.496,Manual,Closed
2002085,10145620,0,0.427,Rule,Confirmed
2002086,10219635,0,0.282,Manual,False Positive
2002087,10070358,0,0.211,ML Model,Open
2002088,10051880,0,0.075,Rule,Closed
2002089,10020586,0,0.996,Rule,Confirmed
2002090,10286338,0,0.342,Manual,Closed
2002091,10265673,0,0.386,Rule,Open
2002092,10160590,0,0.437,ML Model,Closed
2002093,10370776,0,0.287,Manual,Confirmed
2002094,10062339,1,0.919,Manual,Open
2002095,10008178,0,0.269,Rule,Open
2002096,10074465,0,0.051,Manual,Open
2002097,10127172,1,0.152,Rule,False Positive
2002098,10304186,0,0.316,Rule,Open
2002099,10391348,0,0.999,Rule,False Positive
2002100,10219574,0,0.01,Manual,False Positive
2002101,10186752,0,0.105,Rule,Closed
2002102,10184327,0,0.961,Manual,Closed
2002103,10352511,0,0.152,Rule,False Positive
2002104,10048481,0,0.409,Manual,Confirmed
2002105,10358102,0,0.66,Manual,Confirmed
2002106,10087921,0,0.757,Rule,Closed
2002107,10139126,0,0.932,Manual,Open
2002108,10261978,0,0.839,Manual,Closed
2002109,10030613,0,0.266,Rule,False Positive
2002110,10137132,1,0.677,ML Model,Closed
2002111,10287064,0,0.034,Rule,False Positive
2002112,10052277,0,0.891,ML Model,Open
2002113,10273920,0,0.961,Rule,Open
2002114,10226432,0,0.027,ML Model,Confirmed
2002115,10091819,0,0.316,Manual,False Positive
2002116,10250193,0,0.691,Rule,Confirmed
2002117,10098506,0,0.305,Manual,Closed
2002118,10047700,0,0.21,ML Model,Confirmed
2002119,10182406,1,0.536,Manual,Closed
2002120,10298854,0,0.584,Manual,Open
2002121,10002391,0,0.908,Manual,Open
2002122,10110879,0,0.053,Manual,Open
2002123,10009146,0,0.539,ML Model,False Positive
2002124,10377725,0,0.102,Manual,Open
2002125,10015901,0,0.841,Rule,Closed
2002126,10108051,0,0.819,Manual,Open
2002127,10010826,0,0.421,Manual,Confirmed
2002128,10274888,1,0.02,Manual,Confirmed
2002129,10287329,0,0.268,Manual,Open
2002130,10054353,0,0.91,ML Model,Open
2002131,10204503,0,0.598,Rule,Confirmed
2002132,10068743,0,0.755,Rule,False Positive
2002133,10246617,0,0.991,Rule,Closed
2002134,10341487,0,0.978,ML Model,Closed
2002135,10140116,0,0.327,Rule,Confirmed
2002136,10220966,0,0.295,Manual,Closed
2002137,10135722,0,0.029,Rule,False Positive
2002138,10148316,0,0.025,Rule,Open
2002139,10077697,0,0.811,Rule,Open
2002140,10098016,0,0.57,Manual,Open
2002141,10339414,0,0.561,Rule,Confirmed
2002142,10097376,0,0.64,Manual,Closed
2002143,10382904,0,0.037,Manual,False Positive
2002144,10051534,0,0.489,Rule,Confirmed
2002145,10229198,0,0.47,Manual,Closed
2002146,10044002,0,0.821,Rule,Closed
2002147,10155112,0,0.029,ML Model,False Positive
2002148,10206136,0,0.369,Rule,False Positive
2002149,10113574,0,0.816,Manual,Open
2002150,10381301,0,0.715,Manual,Closed
2002151,10018949,0,0.222,Rule,Confirmed
2002152,10378916,0,0.392,Rule,Confirmed
2002153,10121193,0,0.089,Manual,False Positive
2002154,10072351,0,0.001,Rule,Confirmed
2002155,10113285,0,0.79,Manual,Closed
2002156,10395817,0,0.98,Rule,Confirmed
2002157,10001160,0,0.102,ML Model,Confirmed
2002158,10313939,0,0.006,Manual,False Positive
2002159,10377549,0,0.533,Rule,Confirmed
2002160,10046791,0,0.476,ML Model,Confirmed
2002161,10270719,0,0.764,Manual,Open
2002162,10299772,1,0.995,Manual,Confirmed
2002163,10359546,0,0.433,Manual,Confirmed
2002164,10254251,1,0.175,Manual,False Positive
2002165,10112773,0,0.61,Manual,Open
2002166,10024187,0,0.116,ML Model,Open
2002167,10005666,0,0.723,Manual,Open
2002168,10334025,0,0.745,Manual,False Positive
2002169,10165539,0,0.674,ML Model,Open
2002170,10146401,0,0.905,ML Model,Open
2002171,10361260,0,0.657,ML Model,False Positive
2002172,10287258,0,0.897,Manual,False Positive
2002173,10072941,0,0.363,Rule,Confirmed
2002174,10061129,0,0.776,Rule,False Positive
2002175,10224250,0,0.582,ML Model,False Positive
2002176,10310115,0,0.79,Manual,Confirmed
2002177,10009412,0,0.565,Rule,Open
2002178,10300551,0,0.03,ML Model,Open
2002179,10095459,0,0.421,Manual,Confirmed
2002180,10155233,0,0.29,Rule,False Positive
2002181,10085788,0,0.693,Rule,Confirmed
2002182,10185072,0,0.955,ML Model,False Positive
2002183,10058384,0,0.151,Manual,Confirmed
2002184,10114362,0,0.127,ML Model,Confirmed
2002185,10384203,0,0.249,ML Model,Open
2002186,10247474,0,0.09,Rule,Open
2002187,10141713,0,0.969,Manual,Closed
2002188,10375398,0,0.311,Manual,Closed
2002189,10011083,0,0.767,Rule,False Positive
2002190,10068118,0,0.264,Manual,Confirmed
2002191,10075016,0,0.236,Rule,Confirmed
2002192,10289371,0,0.105,ML Model,False Positive
2002193,10301989,0,0.585,ML Model,Confirmed
2002194,10221537,0,0.643,Rule,Open
2002195,10079951,0,0.31,ML Model,Confirmed
2002196,10202778,0,0.226,ML Model,Open
2002197,10083796,0,0.437,ML Model,False Positive
2002198,10127795,0,0.506,ML Model,False Positive
2002199,10313947,0,0.555,Manual,Confirmed
2002200,10131169,0,0.441,ML Model,False Positive
2002201,10364361,0,0.995,ML Model,False Positive
2002202,10203029,0,0.698,Manual,False Positive
2002203,10084571,0,0.654,Manual,False Positive
2002204,10358819,0,0.44,Manual,Confirmed
2002205,10184743,0,0.996,Manual,Confirmed
2002206,10329611,0,0.126,Manual,False Positive
2002207,10230045,0,0.224,Rule,False Positive
2002208,10153817,0,0.827,Manual,Closed
2002209,10249402,0,0.104,Rule,Closed
2002210,10133689,0,0.516,ML Model,Open
2002211,10270120,0,0.23,Manual,Open
2002212,10365114,0,0.668,ML Model,Closed
2002213,10045712,0,0.076,ML Model,Confirmed
2002214,10262316,0,0.469,ML Model,Closed
2002215,10101411,0,0.599,Rule,Open
2002216,10231190,0,0.331,Manual,Confirmed
2002217,10358349,0,0.18,ML Model,Open
2002218,10220046,0,0.358,Rule,False Positive
2002219,10183182,0,0.976,ML Model,Confirmed
2002220,10054120,0,0.802,Manual,False Positive
2002221,10369868,0,0.453,ML Model,Confirmed
2002222,10192494,0,0.996,Rule,Closed
2002223,10082094,0,0.193,Rule,Open
2002224,10013507,1,0.461,Manual,Confirmed
2002225,10318385,0,0.505,ML Model,Confirmed
2002226,10220930,0,0.058,Manual,Confirmed
2002227,10125680,0,0.44,Rule,Confirmed
2002228,10182912,1,0.253,ML Model,Closed
2002229,10286661,0,0.719,Manual,False Positive
2002230,10332137,0,0.223,ML Model,Closed
2002231,10383482,0,0.996,Rule,Confirmed
2002232,10201460,1,0.972,Rule,Open
2002233,10387684,0,0.148,ML Model,Open
2002234,10385392,0,0.809,Rule,False Positive
2002235,10126413,0,0.288,ML Model,Closed
2002236,10384289,0,0.946,Rule,Closed
2002237,10117899,0,0.641,Manual,Open
2002238,10317365,0,0.458,Rule,Open
2002239,10020456,0,0.698,ML Model,Confirmed
2002240,10198817,0,0.56,ML Model,Closed
2002241,10005945,0,0.127,Rule,False Positive
2002242,10200028,0,0.917,ML Model,Closed
2002243,10245328,0,0.184,ML Model,False Positive
2002244,10081154,0,0.805,Manual,Confirmed
2002245,10158137,0,0.079,ML Model,Closed
2002246,10077235,0,0.306,ML Model,Closed
2002247,10311873,0,0.448,Rule,Closed
2002248,10148322,0,0.803,Rule,Closed
2002249,10280357,0,0.993,Rule,Open
2002250,10085213,0,0.679,Rule,Closed
2002251,10060177,0,0.361,Manual,Confirmed
2002252,10263021,0,0.106,Rule,Closed
2002253,10173338,0,0.525,ML Model,Closed
2002254,10093267,1,0.481,Manual,False Positive
2002255,10165283,0,0.803,Rule,Confirmed
2002256,10242942,0,0.365,Rule,Closed
2002257,10350622,0,0.848,ML Model,Closed
2002258,10272678,0,0.666,ML Model,Open
2002259,10384718,0,0.045,Manual,Closed
2002260,10307134,0,0.951,Rule,False Positive
2002261,10239823,0,0.989,Rule,False Positive
2002262,10193216,0,0.036,ML Model,Confirmed
2002263,10219814,0,0.498,ML Model,Confirmed
2002264,10201798,1,0.379,ML Model,Open
2002265,10189382,0,0.549,Manual,False Positive
2002266,10004087,0,0.026,Manual,False Positive
2002267,10071330,0,0.23,Manual,False Positive
2002268,10368322,0,0.742,Manual,Confirmed
2002269,10263162,0,0.05,Rule,Closed
2002270,10103259,0,0.7,Manual,Open
2002271,10051616,0,0.718,Rule,Confirmed
2002272,10058187,0,0.216,Manual,Closed
2002273,10258092,0,0.88,Rule,Closed
2002274,10360979,0,0.951,Rule,Closed
2002275,10003313,0,0.59,Rule,Open
2002276,10251790,0,0.772,Manual,Open
2002277,10265924,0,0.313,ML Model,Closed
2002278,10157664,0,0.493,Rule,Closed
2002279,10236886,0,0.37,Rule,Closed
2002280,10362891,1,0.894,Rule,False Positive
2002281,10024424,0,0.526,Rule,False Positive
2002282,10352744,0,0.936,ML Model,False Positive
2002283,10070263,0,0.258,Rule,Closed
2002284,10132015,1,0.47,ML Model,Confirmed
2002285,10191440,0,0.712,Rule,Open
2002286,10281511,0,0.619,Rule,Closed
2002287,10105300,0,0.723,Manual,Confirmed
2002288,10006129,0,0.432,Rule,Closed
2002289,10067191,0,0.707,Manual,False Positive
2002290,10020161,0,0.251,Manual,Confirmed
2002291,10069090,0,0.467,Rule,Confirmed
2002292,10144186,1,0.768,ML Model,Open
2002293,10163204,0,0.311,Manual,Closed
2002294,10040639,0,0.14,Manual,Closed
2002295,10375930,0,0.511,Manual,False Positive
2002296,10058241,0,0.53,ML Model,Confirmed
2002297,10204581,0,0.186,Rule,Open
2002298,10116549,0,0.337,Rule,Confirmed
2002299,10066604,0,0.526,Rule,Open
2002300,10159015,0,0.62,Manual,Confirmed
2002301,10200588,0,0.15,Manual,Open
2002302,10351552,1,0.404,ML Model,Closed
2002303,10146343,0,0.582,Rule,Closed
2002304,10394828,0,0.954,Manual,False Positive
2002305,10316137,0,0.92,Rule,Closed
2002306,10139653,0,0.501,Manual,Confirmed
2002307,10296493,0,0.158,Manual,Open
2002308,10330693,0,0.683,Rule,Closed
2002309,10269223,0,0.6,ML Model,Confirmed
2002310,10092164,0,0.79,Rule,Closed
2002311,10229418,0,0.389,Rule,Closed
2002312,10028509,0,0.438,Manual,Closed
2002313,10034738,1,0.604,Manual,False Positive
2002314,10310204,0,0.279,Manual,Closed
2002315,10027018,0,0.669,ML Model,Open
2002316,10376388,0,0.191,Rule,Confirmed
2002317,10085446,0,0.061,Rule,Closed
2002318,10215889,0,0.862,Rule,False Positive
2002319,10208361,0,0.221,Manual,False Positive
2002320,10018864,0,0.813,Manual,Confirmed
2002321,10210400,0,0.956,Manual,Confirmed
2002322,10221490,0,0.414,Rule,False Positive
2002323,10095129,0,0.466,Rule,Closed
2002324,10305967,0,0.263,Manual,Confirmed
2002325,10381382,0,0.298,ML Model,Closed
2002326,10116649,0,0.196,Rule,Open
2002327,10286989,0,0.913,Rule,Open
2002328,10143607,0,0.418,ML Model,Confirmed
2002329,10391412,0,0.866,ML Model,Closed
2002330,10044749,0,0.148,Manual,False Positive
2002331,10120577,0,0.682,Manual,Open
2002332,10271786,0,0.286,Manual,False Positive
2002333,10096401,0,0.83,Manual,False Positive
2002334,10031562,0,0.281,Rule,Confirmed
2002335,10338433,0,0.575,Rule,Open
2002336,10335095,0,0.843,ML Model,Closed
2002337,10076890,0,0.977,ML Model,Open
2002338,10071356,0,0.192,ML Model,False Positive
2002339,10005924,0,0.932,Rule,False Positive
2002340,10382511,0,0.987,Rule,False Positive
2002341,10180221,0,0.096,Manual,False Positive
2002342,10118209,0,0.397,Manual,False Positive
2002343,10218853,0,0.819,Manual,False Positive
2002344,10301460,1,0.865,ML Model,False Positive
2002345,10342710,0,0.482,Rule,False Positive
2002346,10146751,0,0.716,ML Model,Closed
2002347,10229604,0,0.148,Rule,Open
2002348,10330339,0,0.707,Manual,Open
2002349,10190928,0,0.335,ML Model,Closed
2002350,10314069,0,0.357,ML Model,Closed
2002351,10116364,0,0.486,ML Model,Closed
2002352,10020255,0,0.834,Manual,False Positive
2002353,10009631,0,0.544,Manual,Closed
2002354,10041524,1,0.19,ML Model,Confirmed
2002355,10028438,0,0.442,ML Model,False Positive
2002356,10017778,0,0.038,ML Model,Closed
2002357,10232343,0,0.949,ML Model,Open
2002358,10119231,0,0.599,Rule,Confirmed
2002359,10398708,0,0.946,Manual,False Positive
2002360,10140035,0,0.861,Manual,Confirmed
2002361,10358868,0,0.325,Manual,Confirmed
2002362,10116783,0,0.571,Manual,Open
2002363,10376493,0,0.108,ML Model,Closed
2002364,10129514,0,0.469,Manual,False Positive
2002365,10143175,0,0.899,Rule,Open
2002366,10170615,0,0.74,Manual,Open
2002367,10174961,0,0.47,ML Model,Closed
2002368,10249481,0,0.107,Rule,Closed
2002369,10062352,0,0.519,ML Model,Closed
2002370,10381459,0,0.698,Rule,False Positive
2002371,10170230,0,0.154,Manual,False Positive
2002372,10013416,0,0.771,Manual,Confirmed
2002373,10161636,0,0.615,Manual,False Positive
2002374,10399930,0,0.931,ML Model,Closed
2002375,10079740,0,0.669,ML Model,Confirmed
2002376,10337212,0,0.691,Rule,Confirmed
2002377,10258994,0,0.969,ML Model,Closed
2002378,10383929,0,0.805,ML Model,Closed
2002379,10020338,0,0.718,Rule,Open
2002380,10090458,0,0.399,ML Model,Confirmed
2002381,10075576,0,0.667,ML Model,Open
2002382,10003200,0,0.727,ML Model,Confirmed
2002383,10249281,0,0.874,Manual,Open
2002384,10384219,0,0.395,Rule,Open
2002385,10004891,0,0.088,ML Model,False Positive
2002386,10130617,0,0.448,ML Model,Closed
2002387,10352626,0,0.918,Rule,Closed
2002388,10287126,0,0.235,Rule,Closed
2002389,10187612,0,0.113,Manual,Closed
2002390,10384035,0,0.074,Manual,False Positive
2002391,10124079,0,0.086,Manual,False Positive
2002392,10042170,0,0.917,Manual,Open
2002393,10397512,0,0.39,Manual,Open
2002394,10098959,0,0.803,Manual,Closed
2002395,10181009,0,0.457,Rule,Closed
2002396,10344922,0,0.192,ML Model,False Positive
2002397,10025726,0,0.713,Manual,Closed
2002398,10182692,0,0.415,Manual,Closed
2002399,10025398,0,0.461,ML Model,Open
2002400,10319808,0,0.419,ML Model,Closed
2002401,10123883,0,0.942,ML Model,False Positive
2002402,10190284,0,0.671,Manual,Open
2002403,10093168,0,0.624,Manual,Confirmed
2002404,10121201,0,0.446,Rule,Closed
2002405,10226391,0,0.905,Manual,Closed
2002406,10080229,0,0.001,ML Model,False Positive
2002407,10040952,0,0.907,Rule,Open
2002408,10077694,0,0.434,Manual,Confirmed
2002409,10092641,1,0.145,Manual,Closed
2002410,10328297,0,0.841,Manual,Confirmed
2002411,10221300,0,0.399,ML Model,Closed
2002412,10139184,0,0.923,Manual,Open
2002413,10008495,0,0.233,Rule,Closed
2002414,10323475,0,0.396,Manual,False Positive
2002415,10283282,0,0.246,ML Model,Confirmed
2002416,10052718,0,0.033,ML Model,Open
2002417,10284673,0,0.725,Manual,Closed
2002418,10246835,0,0.356,Rule,Confirmed
2002419,10288397,0,0.643,ML Model,Confirmed
2002420,10202426,0,0.951,Rule,False Positive
2002421,10042244,0,0.489,Manual,Confirmed
2002422,10275608,0,0.865,Rule,Closed
2002423,10223579,0,0.73,Manual,Confirmed
2002424,10272518,0,0.404,ML Model,Open
2002425,10287483,0,0.488,Rule,False Positive
2002426,10175101,0,0.092,ML Model,Closed
2002427,10308843,0,0.188,Manual,Open
2002428,10229110,0,0.382,Manual,False Positive
2002429,10069540,0,0.953,Manual,Closed
2002430,10032776,0,0.316,Rule,Open
2002431,10035992,0,0.163,Manual,Open
2002432,10137869,1,0.947,Manual,Open
2002433,10308373,1,0.196,ML Model,False Positive
2002434,10184566,1,0.743,Rule,False Positive
2002435,10165838,0,0.236,Manual,Open
2002436,10037942,0,0.79,Manual,Open
2002437,10095421,0,0.862,Rule,Open
2002438,10225172,0,0.569,Rule,Open
2002439,10366508,0,0.137,Rule,Open
2002440,10264579,0,0.86,Manual,Open
2002441,10335488,0,0.202,Manual,Closed
2002442,10314773,0,0.626,Rule,Open
2002443,10048135,0,0.453,ML Model,Closed
2002444,10078700,0,0.09,Manual,False Positive
2002445,10122534,0,0.434,ML Model,False Positive
2002446,10219890,0,0.711,Manual,Open
2002447,10216929,0,0.952,Rule,False Positive
2002448,10188769,0,0.376,ML Model,Open
2002449,10388962,1,0.86,Manual,Closed
2002450,10302176,0,0.144,Manual,Confirmed
2002451,10034690,0,0.064,Rule,Open
2002452,10126250,0,0.226,Rule,False Positive
2002453,10119761,0,0.315,ML Model,Confirmed
2002454,10043868,0,0.573,Rule,False Positive
2002455,10386320,1,0.526,Rule,False Positive
2002456,10242982,0,0.733,ML Model,Closed
2002457,10221136,0,0.516,Manual,Open
2002458,10282495,0,0.215,ML Model,False Positive
2002459,10078585,0,0.002,ML Model,Confirmed
2002460,10050951,0,0.26,Manual,False Positive
2002461,10177338,0,0.558,Rule,False Positive
2002462,10076946,0,0.258,ML Model,Closed
2002463,10353217,0,0.952,ML Model,Confirmed
2002464,10358055,0,0.596,Rule,False Positive
2002465,10091839,0,0.662,Manual,False Positive
2002466,10182188,0,0.744,ML Model,Closed
2002467,10123288,1,0.149,Rule,Confirmed
2002468,10218333,0,0.268,Manual,Confirmed
2002469,10017808,0,0.576,ML Model,Open
2002470,10310123,0,0.593,Manual,Closed
2002471,10188962,0,0.23,ML Model,Closed
2002472,10273261,0,0.799,Manual,False Positive
2002473,10382999,0,0.486,ML Model,Closed
2002474,10373242,0,0.541,Rule,Confirmed
2002475,10040976,1,0.022,Manual,Open
2002476,10295506,0,0.913,ML Model,Open
2002477,10249859,1,0.324,ML Model,False Positive
2002478,10256839,0,0.289,ML Model,Confirmed
2002479,10210248,0,0.244,Rule,False Positive
2002480,10186651,0,0.262,Manual,Open
2002481,10208418,1,0.077,Manual,Closed
2002482,10366969,0,0.66,ML Model,Closed
2002483,10104491,0,0.805,Rule,Closed
2002484,10071781,0,0.082,Rule,Confirmed
2002485,10166984,0,0.079,ML Model,Closed
2002486,10208650,0,0.351,Rule,Closed
2002487,10362933,0,0.673,Rule,Open
2002488,10269591,0,0.252,Rule,Confirmed
2002489,10238279,0,0.239,ML Model,Closed
2002490,10261784,0,0.947,ML Model,Open
2002491,10093237,0,0.513,Rule,Confirmed
2002492,10037415,0,0.418,Manual,Open
2002493,10358485,0,0.407,Manual,False Positive
2002494,10367620,0,0.314,ML Model,Closed
2002495,10176329,0,0.829,Rule,Closed
2002496,10225880,0,0.762,Rule,Closed
2002497,10377450,0,0.294,Rule,Confirmed
2002498,10370152,0,0.313,Rule,Closed
2002499,10025521,0,0.647,Rule,False Positive
2002500,10197593,0,0.019,Rule,Closed
2002501,10311140,0,0.735,Manual,Open
2002502,10078138,0,0.714,ML Model,False Positive
2002503,10220194,0,0.595,ML Model,Confirmed
2002504,10028611,0,0.287,ML Model,Closed
2002505,10026763,0,0.092,Rule,Open
2002506,10264999,0,0.835,ML Model,Closed
2002507,10134797,0,0.718,Manual,Closed
2002508,10189609,0,0.47,Manual,Open
2002509,10159447,1,0.325,Manual,False Positive
2002510,10187968,0,0.471,ML Model,Open
2002511,10278432,0,0.379,Manual,Closed
2002512,10019397,0,0.713,ML Model,Open
2002513,10299637,0,0.909,Manual,Confirmed
2002514,10115166,1,0.899,ML Model,False Positive
2002515,10014698,0,0.135,Manual,Open
2002516,10397221,0,0.69,Rule,False Positive
2002517,10187575,0,0.268,Rule,Confirmed
2002518,10037053,0,0.941,Manual,Confirmed
2002519,10312764,0,0.666,ML Model,Confirmed
2002520,10288395,0,0.005,Manual,False Positive
2002521,10074943,0,0.063,Manual,Open
2002522,10368013,0,0.814,Rule,Confirmed
2002523,10286139,0,0.728,Manual,Closed
2002524,10253319,1,0.952,ML Model,Confirmed
2002525,10004172,0,0.905,Manual,False Positive
2002526,10234237,0,0.913,Rule,False Positive
2002527,10248738,0,0.1,ML Model,False Positive
2002528,10098572,1,0.132,Manual,Confirmed
2002529,10189665,0,0.82,Rule,Closed
2002530,10109639,0,0.267,Rule,Open
2002531,10220874,0,0.505,Rule,Open
2002532,10369278,1,0.645,Rule,False Positive
2002533,10031751,0,0.048,ML Model,Open
2002534,10068158,0,0.056,Rule,False Positive
2002535,10121413,0,0.444,Rule,Open
2002536,10133024,0,0.175,Manual,Confirmed
2002537,10289762,1,0.995,ML Model,Open
2002538,10355620,0,0.24,ML Model,False Positive
2002539,10267108,0,0.395,Rule,Closed
2002540,10002039,0,0.706,Manual,Closed
2002541,10130839,0,0.73,Manual,Closed
2002542,10083585,0,0.287,Manual,Confirmed
2002543,10017366,0,0.228,Rule,False Positive
2002544,10023163,0,0.525,Manual,Open
2002545,10325389,0,0.994,Manual,Closed
2002546,10343233,0,0.423,Rule,Closed
2002547,10138801,0,0.809,Manual,Closed
2002548,10090469,0,0.233,Rule,Open
2002549,10374969,0,0.663,Rule,Closed
2002550,10346382,0,0.104,ML Model,Closed
2002551,10032681,0,0.248,ML Model,Open
2002552,10043754,0,0.22,Rule,Open
2002553,10016946,0,0.498,Rule,False Positive
2002554,10356205,0,0.244,Rule,Confirmed
2002555,10380417,0,0.541,ML Model,Confirmed
2002556,10152815,0,0.619,ML Model,False Positive
2002557,10345806,0,0.129,Rule,Open
2002558,10311830,0,0.991,Rule,Confirmed
2002559,10105971,0,0.688,ML Model,Confirmed
2002560,10007398,0,0.538,Manual,Open
2002561,10196608,0,0.712,ML Model,False Positive
2002562,10373631,0,0.501,Manual,Open
2002563,10325611,1,0.96,Manual,False Positive
2002564,10046547,0,0.18,ML Model,Open
2002565,10007341,0,0.604,Rule,False Positive
2002566,10290255,0,0.624,Rule,Confirmed
2002567,10099239,0,0.232,ML Model,Open
2002568,10327652,1,0.332,Manual,False Positive
2002569,10219667,0,0.005,ML Model,Closed
2002570,10399833,0,0.447,ML Model,Confirmed
2002571,10023328,0,0.853,Manual,Confirmed
2002572,10369676,1,0.398,Rule,Confirmed
2002573,10297542,0,0.183,Rule,False Positive
2002574,10391697,1,0.67,ML Model,False Positive
2002575,10279700,0,0.928,ML Model,Open
2002576,10156379,0,0.004,ML Model,Closed
2002577,10354523,0,0.777,Manual,Confirmed
2002578,10142091,0,0.172,Rule,Open
2002579,10096684,0,0.186,Rule,Open
2002580,10146970,0,0.577,Manual,False Positive
2002581,10096036,0,0.573,Manual,Open
2002582,10267814,0,0.005,ML Model,Confirmed
2002583,10191980,1,0.346,Rule,False Positive
2002584,10204841,0,0.46,ML Model,Confirmed
2002585,10237492,0,0.666,Manual,Closed
2002586,10004423,0,0.253,Rule,False Positive
2002587,10182308,0,0.943,Rule,Open
2002588,10175230,0,0.515,Manual,Confirmed
2002589,10217166,0,0.183,ML Model,Confirmed
2002590,10042226,1,0.933,Manual,Confirmed
2002591,10022756,0,0.29,Manual,Open
2002592,10162544,0,0.705,Rule,Confirmed
2002593,10044843,0,0.214,Manual,False Positive
2002594,10268989,0,0.637,Manual,False Positive
2002595,10276932,0,0.207,Rule,Open
2002596,10353692,0,0.654,Manual,Open
2002597,10158948,0,0.883,Manual,Confirmed
2002598,10380543,0,0.444,ML Model,Confirmed
2002599,10205223,0,0.59,Manual,Confirmed
2002600,10128924,0,0.383,Rule,Confirmed
2002601,10262245,0,0.164,Manual,Open
2002602,10171710,0,0.841,Manual,Confirmed
2002603,10251415,0,0.2,ML Model,Confirmed
2002604,10038814,0,0.128,Rule,False Positive
2002605,10164836,0,0.5,ML Model,Confirmed
2002606,10118405,0,0.644,Manual,Open
2002607,10037238,0,0.52,Manual,False Positive
2002608,10068854,0,0.061,Rule,Closed
2002609,10096170,0,0.586,Rule,False Positive
2002610,10131381,0,0.852,Rule,False Positive
2002611,10258477,0,0.38,ML Model,Open
2002612,10029622,0,0.073,ML Model,Confirmed
2002613,10062083,0,0.946,Rule,False Positive
2002614,10086058,0,0.978,ML Model,Closed
2002615,10268693,0,0.918,ML Model,Closed
2002616,10010448,0,0.932,Rule,Closed
2002617,10130530,0,0.47,Manual,Confirmed
2002618,10029750,0,0.591,Manual,Open
2002619,10153028,0,0.332,Rule,Confirmed
2002620,10219742,0,0.302,Rule,Closed
2002621,10001788,0,0.327,Rule,Open
2002622,10292175,0,0.636,Manual,Open
2002623,10320560,0,0.166,Manual,Confirmed
2002624,10002430,0,0.146,ML Model,Open
2002625,10047279,0,0.575,Manual,Closed
2002626,10335919,0,0.368,ML Model,False Positive
2002627,10317140,0,0.044,Rule,Confirmed
2002628,10100955,0,0.597,Manual,Open
2002629,10204533,0,0.888,Rule,Confirmed
2002630,10251733,0,0.382,ML Model,False Positive
2002631,10299556,0,0.076,Rule,Closed
2002632,10309713,0,0.567,ML Model,Closed
2002633,10366899,0,0.777,ML Model,Closed
2002634,10131428,0,0.417,Rule,False Positive
2002635,10223092,0,0.451,ML Model,Confirmed
2002636,10014881,1,0.23,ML Model,Confirmed
2002637,10147704,0,0.964,Rule,Closed
2002638,10342510,0,0.52,Rule,Open
2002639,10151327,0,0.628,Manual,Open
2002640,10308397,0,0.956,ML Model,False Positive
2002641,10327295,0,0.918,Manual,Closed
2002642,10213628,0,0.559,ML Model,Open
2002643,10075546,0,0.685,Manual,Confirmed
2002644,10272572,0,0.076,Rule,Closed
2002645,10190031,0,0.839,ML Model,Open
2002646,10025147,1,0.839,ML Model,Confirmed
2002647,10079381,0,0.367,ML Model,Closed
2002648,10382474,0,0.591,ML Model,Confirmed
2002649,10241451,0,0.955,Rule,Closed
2002650,10072449,0,0.435,ML Model,False Positive
2002651,10238848,0,0.029,ML Model,False Positive
2002652,10043416,0,0.226,Rule,False Positive
2002653,10310320,0,0.149,Manual,Open
2002654,10193818,0,0.165,Rule,Confirmed
2002655,10399380,0,0.437,Rule,Closed
2002656,10248079,0,0.125,Manual,Open
2002657,10238203,0,0.764,Manual,False Positive
2002658,10029249,0,0.17,ML Model,False Positive
2002659,10223108,0,0.913,Manual,Closed
2002660,10177407,0,0.853,Rule,False Positive
2002661,10320520,0,0.802,Manual,Open
2002662,10290217,0,0.273,Rule,Open
2002663,10317395,0,0.361,ML Model,False Positive
2002664,10135329,0,0.045,Rule,Open
2002665,10114315,0,0.74,ML Model,Closed
2002666,10178272,0,0.782,Manual,Closed
2002667,10018829,0,0.991,Manual,Confirmed
2002668,10305208,0,0.522,Rule,False Positive
2002669,10348698,0,0.461,ML Model,Open
2002670,10037374,0,0.396,ML Model,Confirmed
2002671,10265570,0,0.757,Rule,Closed
2002672,10210103,0,0.939,Rule,Confirmed
2002673,10332066,0,0.385,ML Model,False Positive
2002674,10219869,0,0.858,ML Model,False Positive
2002675,10129239,0,0.187,Manual,False Positive
2002676,10037378,0,0.984,Rule,Closed
2002677,10310782,0,0.595,Rule,Closed
2002678,10198967,0,0.256,Rule,Closed
2002679,10118274,0,0.375,Rule,Open
2002680,10218142,0,0.063,ML Model,Open
2002681,10367222,0,0.213,Rule,Closed
2002682,10094556,1,0.224,ML Model,False Positive
2002683,10205446,0,0.292,ML Model,Open
2002684,10331076,0,0.816,Manual,Closed
2002685,10212069,0,0.316,Rule,Open
2002686,10310612,0,0.007,ML Model,Closed
2002687,10372245,0,0.7,Manual,Closed
2002688,10255061,0,0.234,Manual,Open
2002689,10118311,0,0.17,Rule,Open
2002690,10348359,0,0.442,Manual,False Positive
2002691,10370789,0,0.325,Rule,Closed
2002692,10045431,0,0.324,Manual,Open
2002693,10320738,0,0.08,ML Model,Open
2002694,10226879,0,0.692,Rule,Confirmed
2002695,10288823,0,0.823,ML Model,False Positive
2002696,10137239,0,0.277,Manual,Closed
2002697,10102242,0,0.073,Rule,Confirmed
2002698,10097917,0,0.813,Manual,Closed
2002699,10332449,1,0.58,Rule,Open
2002700,10321605,0,0.03,Manual,False Positive
2002701,10369112,0,0.438,Manual,Closed
2002702,10067670,0,0.877,Rule,Confirmed
2002703,10263041,0,0.514,Manual,Open
2002704,10215163,0,0.442,Rule,Confirmed
2002705,10000848,0,0.963,ML Model,False Positive
2002706,10086165,1,0.497,Manual,False Positive
2002707,10053830,0,0.049,ML Model,False Positive
2002708,10320721,0,0.05,ML Model,Closed
2002709,10061902,0,0.942,ML Model,Open
2002710,10072812,0,0.735,Manual,False Positive
2002711,10344678,0,0.759,ML Model,Open
2002712,10073224,0,0.216,Rule,Confirmed
2002713,10090147,0,0.182,ML Model,Open
2002714,10249315,0,0.742,Manual,False Positive
2002715,10107795,0,0.201,ML Model,False Positive
2002716,10017401,0,0.348,Rule,False Positive
2002717,10105456,0,0.483,Rule,Closed
2002718,10060656,0,0.745,Manual,Closed
2002719,10224531,0,0.326,Manual,Confirmed
2002720,10155657,0,0.497,Rule,Open
2002721,10005270,0,0.5,Manual,False Positive
2002722,10321164,0,0.564,Manual,Closed
2002723,10059197,0,0.17,Rule,Closed
2002724,10295306,0,0.708,ML Model,Open
2002725,10368968,0,0.703,ML Model,False Positive
2002726,10343621,0,0.287,ML Model,Open
2002727,10008132,1,0.176,Rule,Confirmed
2002728,10084938,0,0.83,Rule,Closed
2002729,10034051,1,0.664,Manual,False Positive
2002730,10290864,0,0.646,Manual,Closed
2002731,10349693,0,0.175,ML Model,False Positive
2002732,10336467,0,0.249,Rule,False Positive
2002733,10352300,0,0.601,ML Model,Closed
2002734,10328111,0,0.487,ML Model,False Positive
2002735,10122977,0,0.763,Rule,Confirmed
2002736,10117980,0,0.672,Rule,False Positive
2002737,10097387,1,0.533,Manual,Confirmed
2002738,10132539,0,0.294,Rule,False Positive
2002739,10126200,0,0.069,Manual,Confirmed
2002740,10082669,0,0.34,Rule,Confirmed
2002741,10385835,0,0.119,Manual,Closed
2002742,10161945,0,0.9,ML Model,Confirmed
2002743,10341393,0,0.646,ML Model,Confirmed
2002744,10177766,0,0.852,Manual,False Positive
2002745,10089801,0,0.87,Manual,Confirmed
2002746,10059202,0,0.545,Rule,False Positive
2002747,10204156,0,0.477,Manual,False Positive
2002748,10311403,0,0.075,Manual,False Positive
2002749,10067540,0,0.108,Rule,False Positive
2002750,10148837,0,0.468,ML Model,Confirmed
2002751,10059241,0,0.367,Manual,Confirmed
2002752,10244203,0,0.311,Manual,Open
2002753,10291385,1,0.044,ML Model,Confirmed
2002754,10369598,0,0.422,ML Model,Closed
2002755,10356765,0,0.962,Rule,Closed
2002756,10120616,0,0.671,Manual,False Positive
2002757,10040805,0,0.273,Manual,Open
2002758,10386653,0,0.668,ML Model,Confirmed
2002759,10350558,0,0.345,Manual,Confirmed
2002760,10179191,0,0.903,ML Model,Confirmed
2002761,10187987,0,0.596,Manual,Closed
2002762,10269705,1,0.452,ML Model,Open
2002763,10153227,0,0.133,ML Model,False Positive
2002764,10162339,0,0.811,Manual,False Positive
2002765,10240849,0,0.4,Rule,False Positive
2002766,10123836,0,0.708,Manual,Open
2002767,10183112,0,0.227,ML Model,Open
2002768,10263254,0,0.525,ML Model,Open
2002769,10124461,0,0.234,ML Model,Open
2002770,10081840,0,0.684,Rule,False Positive
2002771,10139570,0,0.72,ML Model,Closed
2002772,10191398,0,0.31,ML Model,Open
2002773,10244713,0,0.614,Manual,False Positive
2002774,10393431,0,0.973,Manual,Confirmed
2002775,10060476,0,0.141,Manual,Confirmed
2002776,10134732,0,0.609,ML Model,Closed
2002777,10004685,0,0.244,Manual,False Positive
2002778,10104434,0,0.432,Rule,Confirmed
2002779,10170941,0,0.695,Rule,Closed
2002780,10190752,0,0.858,Rule,False Positive
2002781,10193644,0,0.943,Rule,Open
2002782,10044115,0,0.119,Rule,Confirmed
2002783,10285166,0,0.035,Manual,False Positive
2002784,10355825,0,0.656,Rule,Closed
2002785,10133699,0,0.597,Manual,Open
2002786,10112708,0,0.111,Manual,Confirmed
2002787,10268934,0,0.692,Manual,Open
2002788,10211816,0,0.623,ML Model,Open
2002789,10391113,0,0.292,Rule,False Positive
2002790,10042457,0,0.201,Manual,Confirmed
2002791,10199870,0,0.306,Manual,Confirmed
2002792,10289944,0,0.369,ML Model,Open
2002793,10227015,0,0.728,Manual,Closed
2002794,10316406,0,0.81,Manual,Closed
2002795,10371489,0,0.536,Manual,Closed
2002796,10222143,0,0.311,Rule,Confirmed
2002797,10067105,0,0.021,ML Model,False Positive
2002798,10063733,0,0.72,Manual,Open
2002799,10193852,0,0.42,Rule,Closed
2002800,10393835,0,0.047,Manual,False Positive
2002801,10328614,0,0.29,ML Model,Confirmed
2002802,10052782,0,0.66,Manual,Open
2002803,10278627,1,0.347,ML Model,Closed
2002804,10049800,0,0.57,Rule,False Positive
2002805,10304634,1,0.657,ML Model,False Positive
2002806,10065371,0,0.192,ML Model,False Positive
2002807,10262736,0,0.199,Manual,False Positive
2002808,10031567,0,0.202,Rule,Open
2002809,10134800,0,0.57,ML Model,False Positive
2002810,10229157,0,0.141,Manual,False Positive
2002811,10385798,0,0.093,Manual,Open
2002812,10191883,0,0.69,Manual,Open
2002813,10177536,0,0.847,Manual,Confirmed
2002814,10262360,0,0.749,ML Model,Confirmed
2002815,10187380,0,0.713,Manual,Closed
2002816,10356897,0,0.757,ML Model,False Positive
2002817,10208221,0,0.344,Rule,Open
2002818,10084848,0,0.959,Rule,Closed
2002819,10162772,0,0.059,ML Model,Open
2002820,10220918,0,0.586,Rule,False Positive
2002821,10253068,0,0.843,Manual,Open
2002822,10167399,0,0.254,Manual,Closed
2002823,10197554,0,0.332,Manual,Closed
2002824,10120707,1,0.023,ML Model,False Positive
2002825,10020219,0,0.198,Manual,Open
2002826,10180408,0,0.214,ML Model,Open
2002827,10343129,0,0.294,Manual,Open
2002828,10156595,0,0.229,ML Model,Confirmed
2002829,10161813,0,0.5,Manual,False Positive
2002830,10245152,0,0.207,Rule,Closed
2002831,10079597,0,0.747,Manual,Open
2002832,10351352,0,0.706,Manual,False Positive
2002833,10378068,0,0.066,Manual,Open
2002834,10266021,0,0.248,ML Model,Open
2002835,10334471,0,0.205,ML Model,False Positive
2002836,10279517,0,0.539,Manual,Open
2002837,10045841,0,0.887,Rule,False Positive
2002838,10387421,0,0.943,Rule,Closed
2002839,10045903,1,0.103,Rule,Closed
2002840,10288415,1,0.079,Rule,Closed
2002841,10100277,0,0.484,Manual,Confirmed
2002842,10176573,1,0.53,Manual,False Positive
2002843,10114577,0,0.637,ML Model,False Positive
2002844,10100713,0,0.61,ML Model,Open
2002845,10019969,0,0.364,Manual,Closed
2002846,10094142,0,0.751,Rule,Open
2002847,10249806,0,0.959,Rule,Closed
2002848,10101724,0,0.326,ML Model,Closed
2002849,10276918,0,0.787,Rule,False Positive
2002850,10356722,0,0.088,Rule,False Positive
2002851,10316513,0,0.636,Rule,False Positive
2002852,10053939,0,0.645,Manual,Confirmed
2002853,10321962,0,0.786,ML Model,Closed
2002854,10126191,0,0.159,ML Model,Confirmed
2002855,10262895,0,0.086,Manual,Closed
2002856,10065173,0,0.497,ML Model,Open
2002857,10220207,0,0.953,Manual,Closed
2002858,10126826,0,0.6,Manual,False Positive
2002859,10001800,0,0.293,Rule,Closed
2002860,10364793,0,0.224,Manual,False Positive
2002861,10247039,0,0.708,Manual,Confirmed
2002862,10243738,0,0.812,Rule,Confirmed
2002863,10113519,0,0.534,ML Model,False Positive
2002864,10228044,0,0.995,ML Model,Closed
2002865,10174517,1,0.036,ML Model,False Positive
2002866,10175312,0,0.217,ML Model,Open
2002867,10093512,0,0.499,Rule,Confirmed
2002868,10280286,0,0.249,Rule,False Positive
2002869,10212958,0,0.798,ML Model,Confirmed
2002870,10382068,0,0.363,ML Model,False Positive
2002871,10094077,0,0.063,Rule,Closed
2002872,10339236,0,0.536,Rule,False Positive
2002873,10275715,0,0.726,Rule,Confirmed
2002874,10153564,0,0.241,Manual,False Positive
2002875,10144308,0,0.541,Manual,Confirmed
2002876,10091484,0,0.647,Manual,False Positive
2002877,10376531,0,0.316,Manual,Confirmed
2002878,10395453,1,0.386,Rule,Confirmed
2002879,10224186,0,0.783,Rule,False Positive
2002880,10123132,0,0.955,ML Model,Confirmed
2002881,10335943,0,0.179,Manual,Closed
2002882,10097881,0,0.908,Rule,Closed
2002883,10209246,0,0.561,Rule,Closed
2002884,10344084,0,0.265,Rule,Confirmed
2002885,10130377,0,0.553,ML Model,Closed
2002886,10229485,0,0.241,Rule,Closed
2002887,10085135,0,0.98,Manual,Confirmed
2002888,10291991,0,0.241,Manual,Confirmed
2002889,10108207,0,0.583,Rule,Open
2002890,10078675,0,0.754,Rule,Closed
2002891,10275411,0,0.932,Rule,False Positive
2002892,10274583,1,0.55,Manual,Closed
2002893,10371972,0,0.159,Manual,False Positive
2002894,10165845,0,0.292,ML Model,Confirmed
2002895,10022674,0,0.517,Rule,Closed
2002896,10351055,0,0.059,Manual,Closed
2002897,10243985,0,0.85,Rule,False Positive
2002898,10373456,0,0.662,Rule,Closed
2002899,10098017,0,0.194,ML Model,Closed
2002900,10151706,0,0.489,Rule,Open
2002901,10254386,0,0.537,Manual,Open
2002902,10303864,0,0.604,Rule,Open
2002903,10010301,0,0.502,Manual,Closed
2002904,10211722,0,0.316,Rule,Closed
2002905,10038956,0,0.708,Manual,Closed
2002906,10314498,0,0.606,Manual,Confirmed
2002907,10332091,0,0.63,Manual,False Positive
2002908,10156862,0,0.979,Manual,Closed
2002909,10049385,0,0.753,ML Model,Confirmed
2002910,10376474,0,0.715,Rule,Closed
2002911,10047432,0,0.942,Rule,Confirmed
2002912,10024750,0,0.824,Rule,Confirmed
2002913,10394287,0,0.928,Rule,Confirmed
2002914,10080312,0,0.56,ML Model,Open
2002915,10118305,0,0.061,Manual,Closed
2002916,10279677,0,0.128,Manual,Open
2002917,10131437,0,0.773,Rule,Confirmed
2002918,10186119,0,0.046,ML Model,False Positive
2002919,10049314,0,0.984,Rule,Confirmed
2002920,10020152,0,0.855,ML Model,Confirmed
2002921,10079451,0,0.845,Rule,False Positive
2002922,10317321,0,0.086,Rule,Open
2002923,10207486,0,0.364,Manual,False Positive
2002924,10233416,1,0.781,Manual,Confirmed
2002925,10271654,0,0.63,Manual,Closed
2002926,10373790,0,0.701,Manual,Closed
2002927,10383437,0,0.386,Manual,Open
2002928,10113105,0,0.589,Rule,False Positive
2002929,10042866,0,0.765,ML Model,Confirmed
2002930,10062281,0,0.025,Manual,False Positive
2002931,10328700,1,0.285,Manual,Confirmed
2002932,10071956,0,0.241,ML Model,Closed
2002933,10018151,0,0.967,Manual,Closed
2002934,10058887,0,0.882,Rule,Open
2002935,10258032,0,0.997,Rule,Confirmed
2002936,10282533,0,0.667,Manual,False Positive
2002937,10010698,0,0.108,Rule,False Positive
2002938,10363063,0,0.632,ML Model,False Positive
2002939,10038912,0,0.507,Rule,Open
2002940,10028139,0,0.669,Rule,False Positive
2002941,10240462,0,0.06,Manual,Confirmed
2002942,10090972,0,0.072,Rule,Closed
2002943,10025320,0,0.395,ML Model,Closed
2002944,10365367,0,0.046,Manual,Closed
2002945,10265909,0,0.625,Manual,Confirmed
2002946,10002714,0,0.56,ML Model,Open
2002947,10034566,0,0.771,ML Model,Confirmed
2002948,10396859,0,0.47,Rule,Confirmed
2002949,10327151,1,0.339,ML Model,Confirmed
2002950,10036376,1,0.577,ML Model,Confirmed
2002951,10199310,0,0.681,Manual,Open
2002952,10108156,0,0.121,Manual,False Positive
2002953,10093926,1,0.979,Manual,Open
2002954,10394772,0,0.893,Rule,False Positive
2002955,10141052,1,0.888,ML Model,Confirmed
2002956,10038146,0,0.632,Manual,Confirmed
2002957,10222185,0,0.947,ML Model,Open
2002958,10343333,0,0.679,Manual,False Positive
2002959,10025155,0,0.117,Manual,False Positive
2002960,10371419,1,0.877,Manual,Confirmed
2002961,10049687,1,0.028,ML Model,Closed
2002962,10127643,0,0.378,Rule,Closed
2002963,10341928,0,0.909,Manual,Confirmed
2002964,10323421,0,0.382,Manual,Confirmed
2002965,10357885,0,0.699,Rule,Open
2002966,10190576,0,0.28,ML Model,Confirmed
2002967,10115937,0,0.011,Rule,False Positive
2002968,10194041,0,0.706,Rule,Confirmed
2002969,10270826,0,0.605,Rule,False Positive
2002970,10275754,0,0.191,Rule,False Positive
2002971,10060398,0,0.557,ML Model,Open
2002972,10304719,0,0.008,ML Model,Confirmed
2002973,10297296,0,0.264,ML Model,False Positive
2002974,10322189,0,0.642,Rule,False Positive
2002975,10218996,1,0.83,Manual,Confirmed
2002976,10263220,0,0.853,Rule,False Positive
2002977,10054575,1,0.924,Manual,Closed
2002978,10207787,0,0.992,ML Model,False Positive
2002979,10307024,0,0.311,Manual,Open
2002980,10357451,0,0.035,ML Model,False Positive
2002981,10330451,0,0.647,Manual,Open
2002982,10308536,0,0.597,Manual,False Positive
2002983,10264798,1,0.518,Rule,False Positive
2002984,10139256,0,0.12,Manual,Confirmed
2002985,10345220,0,0.157,ML Model,Open
2002986,10326111,0,0.723,ML Model,False Positive
2002987,10253129,1,0.579,ML Model,Confirmed
2002988,10289518,1,0.7,Manual,Confirmed
2002989,10306840,0,0.596,Manual,False Positive
2002990,10227429,0,0.731,Rule,Open
2002991,10380894,0,0.072,Manual,Open
2002992,10218126,0,0.91,ML Model,Closed
2002993,10347234,0,0.239,Manual,False Positive
2002994,10078087,0,0.097,Rule,Confirmed
2002995,10342438,0,0.446,Rule,False Positive
2002996,10318312,0,0.095,ML Model,Confirmed
2002997,10222207,0,0.504,Rule,Open
2002998,10291786,0,0.915,Manual,Open
2002999,10249567,0,0.368,ML Model,False Positive
2003000,10142264,0,0.639,Rule,Confirmed
2003001,10255672,0,0.185,Rule,Confirmed
2003002,10322315,0,0.723,Rule,False Positive
2003003,10264340,0,0.705,Manual,False Positive
2003004,10232646,0,0.238,ML Model,Open
2003005,10077156,0,0.178,Manual,False Positive
2003006,10048610,0,0.252,ML Model,Open
2003007,10255617,0,0.176,Manual,Closed
2003008,10079713,0,0.166,ML Model,False Positive
2003009,10139419,0,0.128,Manual,Open
2003010,10010466,1,0.974,Manual,Open
2003011,10016036,0,0.22,Rule,Open
2003012,10312837,0,0.922,ML Model,Open
2003013,10294282,1,0.87,Manual,Open
2003014,10055181,0,0.152,ML Model,Closed
2003015,10397668,0,0.308,ML Model,Confirmed
2003016,10389430,0,0.655,ML Model,Open
2003017,10259965,0,0.131,Rule,Closed
2003018,10171628,0,0.55,Manual,Closed
2003019,10248915,0,0.985,Rule,False Positive
2003020,10096742,0,0.597,Rule,Closed
2003021,10081534,0,0.186,ML Model,Confirmed
2003022,10351752,0,0.189,Rule,Confirmed
2003023,10252293,0,0.614,Manual,Confirmed
2003024,10394650,0,0.456,ML Model,False Positive
2003025,10007720,0,0.859,ML Model,Closed
2003026,10155352,0,0.328,ML Model,Closed
2003027,10178102,0,0.48,Manual,Closed
2003028,10236635,0,0.952,Rule,Open
2003029,10347319,0,0.39,ML Model,Closed
2003030,10277845,0,0.188,ML Model,Open
2003031,10188150,0,0.86,ML Model,Open
2003032,10076013,1,0.623,Manual,Open
2003033,10335769,0,0.243,ML Model,Closed
2003034,10374024,0,0.987,ML Model,Open
2003035,10093769,0,0.208,Rule,Confirmed
2003036,10394742,0,0.738,Rule,False Positive
2003037,10191719,1,0.927,ML Model,Open
2003038,10172965,0,0.346,Manual,Open
2003039,10274182,0,0.422,ML Model,Confirmed
2003040,10352326,0,0.028,Manual,Open
2003041,10389395,0,0.89,Manual,Open
2003042,10223368,0,0.963,Manual,Closed
2003043,10207314,0,0.006,Rule,False Positive
2003044,10060427,0,0.137,ML Model,Closed
2003045,10125363,0,0.155,Manual,Confirmed
2003046,10044903,0,0.567,Manual,Confirmed
2003047,10098121,0,0.992,Manual,Confirmed
2003048,10084857,0,0.302,Rule,Open
2003049,10386876,0,0.94,Rule,Confirmed
2003050,10010105,0,0.319,Manual,Confirmed
2003051,10021924,0,0.198,Rule,False Positive
2003052,10027622,0,0.088,Manual,Confirmed
2003053,10176185,0,0.194,Manual,Open
2003054,10114748,0,0.476,Rule,Confirmed
2003055,10214239,0,0.275,Manual,Confirmed
2003056,10189474,0,0.844,ML Model,False Positive
2003057,10133349,0,0.621,ML Model,Confirmed
2003058,10387031,0,0.405,ML Model,Confirmed
2003059,10012360,0,0.278,ML Model,Open
2003060,10108601,0,0.603,Rule,Closed
2003061,10068757,0,0.29,Manual,False Positive
2003062,10029357,0,0.069,ML Model,False Positive
2003063,10319725,0,0.965,ML Model,Closed
2003064,10231087,1,0.98,ML Model,Closed
2003065,10097695,0,0.731,Rule,False Positive
2003066,10196452,0,0.828,Manual,False Positive
2003067,10306100,0,0.051,Manual,False Positive
2003068,10001394,0,0.054,Manual,Confirmed
2003069,10232999,0,0.294,Rule,Open
2003070,10041544,0,0.399,Rule,False Positive
2003071,10229538,0,0.29,ML Model,False Positive
2003072,10333009,0,0.089,Rule,Open
2003073,10041811,0,0.051,Manual,Open
2003074,10247861,0,0.815,ML Model,Open
2003075,10341695,0,0.347,ML Model,Confirmed
2003076,10175153,0,0.96,ML Model,Open
2003077,10198004,0,0.539,ML Model,False Positive
2003078,10141656,0,0.429,Rule,Closed
2003079,10324351,0,0.846,Manual,Closed
2003080,10125881,0,0.905,ML Model,Closed
2003081,10336428,0,0.76,ML Model,False Positive
2003082,10206917,0,0.398,Rule,Open
2003083,10026544,0,0.298,Manual,Open
2003084,10107923,0,0.418,Rule,Closed
2003085,10380209,0,0.025,ML Model,Confirmed
2003086,10094707,0,0.101,Rule,Confirmed
2003087,10291893,0,0.582,Manual,Confirmed
2003088,10157629,0,0.861,Rule,False Positive
2003089,10152822,0,0.173,Rule,Open
2003090,10072054,0,0.182,ML Model,Confirmed
2003091,10079023,0,0.816,Manual,Open
2003092,10393947,0,0.898,Manual,Closed
2003093,10312080,0,0.781,ML Model,False Positive
2003094,10167042,0,0.397,Rule,Closed
2003095,10291195,0,0.942,Manual,Confirmed
2003096,10212535,0,0.737,ML Model,Open
2003097,10388103,0,0.823,ML Model,False Positive
2003098,10015068,0,0.062,ML Model,Confirmed
2003099,10144914,0,0.624,Manual,Open
2003100,10206720,0,0.103,Manual,Closed
2003101,10234151,0,0.603,Rule,Closed
2003102,10159677,0,0.205,ML Model,Closed
2003103,10074682,0,0.166,Rule,Closed
2003104,10379823,0,0.474,Manual,Confirmed
2003105,10196841,0,0.945,Manual,Open
2003106,10077521,0,0.048,ML Model,Confirmed
2003107,10235609,0,0.779,ML Model,False Positive
2003108,10300923,0,0.373,ML Model,Confirmed
2003109,10039552,0,0.906,Rule,Open
2003110,10335515,0,0.717,Manual,Confirmed
2003111,10345053,0,0.666,Rule,False Positive
2003112,10284359,0,0.346,Rule,False Positive
2003113,10011522,0,0.039,Rule,Closed
2003114,10286783,0,0.0,Rule,Closed
2003115,10247466,0,0.493,Manual,False Positive
2003116,10205710,0,0.641,ML Model,Confirmed
2003117,10387152,0,0.476,Rule,Closed
2003118,10376007,0,0.519,Rule,Open
2003119,10187153,0,0.016,Manual,False Positive
2003120,10014102,0,0.935,Manual,False Positive
2003121,10030973,0,0.965,Rule,Confirmed
2003122,10075169,0,0.241,Rule,Closed
2003123,10200374,0,0.641,Manual,Closed
2003124,10028995,0,0.161,Rule,Closed
2003125,10386747,0,0.377,Manual,Closed
2003126,10299445,0,0.053,ML Model,Confirmed
2003127,10154748,0,0.654,Manual,Confirmed
2003128,10017992,0,0.92,ML Model,Closed
2003129,10321464,0,0.04,Manual,Open
2003130,10207842,0,0.91,ML Model,Open
2003131,10156260,1,0.348,Rule,Confirmed
2003132,10119066,1,0.341,ML Model,Open
2003133,10245752,0,0.583,Manual,False Positive
2003134,10141533,0,0.144,ML Model,False Positive
2003135,10007431,0,0.34,Manual,Confirmed
2003136,10263744,0,0.513,Manual,Closed
2003137,10347061,0,0.684,Rule,Closed
2003138,10093369,1,0.248,Manual,Open
2003139,10263684,0,0.574,Manual,Open
2003140,10360527,0,0.8,Rule,Confirmed
2003141,10099262,0,0.042,ML Model,Open
2003142,10038375,0,0.274,Manual,Open
2003143,10287050,0,0.233,ML Model,Confirmed
2003144,10166312,0,0.612,Manual,Open
2003145,10175865,0,0.852,ML Model,False Positive
2003146,10378011,0,0.317,Manual,Open
2003147,10288133,0,0.655,Manual,Confirmed
2003148,10267649,0,0.322,Manual,Confirmed
2003149,10142219,0,0.184,Manual,False Positive
2003150,10385224,0,0.376,Rule,Confirmed
2003151,10099324,0,0.923,Rule,Confirmed
2003152,10147435,0,0.228,ML Model,Open
2003153,10166399,0,0.591,Rule,Open
2003154,10018729,0,0.396,Rule,Open
2003155,10179546,0,0.296,Manual,False Positive
2003156,10323141,0,0.139,ML Model,Closed
2003157,10192048,0,0.033,ML Model,Open
2003158,10160027,0,0.673,ML Model,Open
2003159,10324202,0,0.484,ML Model,Open
2003160,10348711,0,0.274,ML Model,Confirmed
2003161,10051960,0,0.627,Manual,Open
2003162,10187069,0,0.33,ML Model,Closed
2003163,10072443,0,0.766,Rule,Closed
2003164,10398610,0,0.167,ML Model,Closed
2003165,10263516,0,0.146,Manual,Closed
2003166,10043380,0,0.585,ML Model,False Positive
2003167,10018931,0,0.475,ML Model,False Positive
2003168,10261800,0,0.425,Rule,False Positive
2003169,10180488,0,0.178,Manual,Confirmed
2003170,10094638,0,0.537,Manual,Closed
2003171,10317556,0,0.382,ML Model,Open
2003172,10281848,0,0.974,ML Model,Confirmed
2003173,10197574,0,0.619,Rule,Closed
2003174,10078028,0,0.03,Rule,False Positive
2003175,10087246,0,0.218,Rule,Open
2003176,10352510,0,0.744,Rule,False Positive
2003177,10078691,0,0.507,ML Model,Open
2003178,10266914,0,0.326,ML Model,False Positive
2003179,10206047,0,0.494,Rule,False Positive
2003180,10312955,0,0.039,Manual,False Positive
2003181,10137373,0,0.601,Rule,Closed
2003182,10289162,0,0.274,Rule,Closed
2003183,10202935,0,0.634,Manual,Open
2003184,10396458,0,0.27,Rule,Confirmed
2003185,10095203,0,0.264,ML Model,Confirmed
2003186,10017856,0,0.454,Manual,Open
2003187,10049908,0,0.582,Rule,Open
2003188,10274343,0,0.515,Manual,Closed
2003189,10122337,0,0.48,ML Model,Closed
2003190,10098930,0,0.1,Rule,Closed
2003191,10309284,0,0.192,ML Model,Closed
2003192,10006909,0,0.355,Manual,Confirmed
2003193,10099425,0,0.022,Rule,Closed
2003194,10124329,0,0.901,Rule,False Positive
2003195,10370995,0,0.145,Rule,Open
2003196,10372932,0,0.181,Manual,False Positive
2003197,10154817,0,0.249,ML Model,False Positive
2003198,10015743,0,0.991,ML Model,Open
2003199,10364122,0,0.171,ML Model,Open
2003200,10324038,0,0.193,Rule,False Positive
2003201,10302760,0,0.661,Rule,Closed
2003202,10085883,0,0.595,Rule,Confirmed
2003203,10082817,0,0.891,ML Model,Closed
2003204,10085828,0,0.876,Manual,Closed
2003205,10284721,0,0.959,ML Model,False Positive
2003206,10116038,0,0.306,Rule,Open
2003207,10131274,0,0.997,ML Model,Open
2003208,10312038,0,0.173,Manual,False Positive
2003209,10114092,0,0.904,Manual,Closed
2003210,10274615,0,0.535,ML Model,Open
2003211,10243032,0,0.323,Manual,Confirmed
2003212,10325101,0,0.779,Rule,Confirmed
2003213,10390130,1,0.458,Rule,Open
2003214,10359749,1,0.996,Manual,Open
2003215,10285100,0,0.47,ML Model,Closed
2003216,10338438,0,0.745,ML Model,Closed
2003217,10389348,0,0.231,ML Model,Confirmed
2003218,10159940,0,0.552,ML Model,False Positive
2003219,10116593,0,0.827,Rule,Closed
2003220,10387882,0,0.15,Rule,False Positive
2003221,10072341,0,0.981,ML Model,False Positive
2003222,10399014,0,0.528,Rule,Closed
2003223,10304314,0,0.201,ML Model,Closed
2003224,10363387,0,0.747,Manual,Open
2003225,10255356,0,0.693,Rule,Open
2003226,10039298,0,0.678,Manual,Confirmed
2003227,10262644,0,0.072,Rule,Confirmed
2003228,10303912,0,0.464,Rule,False Positive
2003229,10009246,1,0.777,ML Model,Confirmed
2003230,10226031,0,0.334,Rule,Open
2003231,10185124,0,0.357,Rule,Confirmed
2003232,10333206,0,0.145,ML Model,Open
2003233,10105844,0,0.343,Rule,Closed
2003234,10184961,0,0.866,Rule,Closed
2003235,10246567,0,0.944,Rule,Confirmed
2003236,10150011,0,0.255,Manual,False Positive
2003237,10393629,0,0.075,Manual,Closed
2003238,10188148,0,0.526,ML Model,Confirmed
2003239,10244681,0,0.814,Manual,Open
2003240,10210780,0,0.434,Rule,Confirmed
2003241,10389253,0,0.486,ML Model,Open
2003242,10104794,0,0.461,Rule,False Positive
2003243,10208850,0,0.577,ML Model,Closed
2003244,10005980,0,0.294,Rule,Confirmed
2003245,10326463,0,0.53,Rule,Confirmed
2003246,10076974,0,0.644,ML Model,Open
2003247,10129310,0,0.702,ML Model,Closed
2003248,10056051,0,0.019,Manual,Closed
2003249,10275953,0,0.313,ML Model,Confirmed
2003250,10019304,0,0.389,ML Model,Open
2003251,10380452,0,0.075,Rule,False Positive
2003252,10127637,0,0.484,Rule,False Positive
2003253,10255765,0,0.368,Rule,Confirmed
2003254,10317227,0,0.831,Rule,Closed
2003255,10231810,0,0.758,Rule,Closed
2003256,10182213,0,0.574,ML Model,Closed
2003257,10091349,0,0.141,Manual,Confirmed
2003258,10006892,0,0.98,Rule,Open
2003259,10046527,0,0.863,Manual,Open
2003260,10349218,0,0.465,ML Model,Confirmed
2003261,10267261,0,0.08,Manual,Closed
2003262,10064313,1,0.831,Rule,False Positive
2003263,10248531,0,0.642,Manual,Open
2003264,10196808,0,0.139,Manual,False Positive
2003265,10152962,0,0.136,ML Model,Open
2003266,10262653,0,0.453,ML Model,False Positive
2003267,10178922,0,0.45,ML Model,False Positive
2003268,10268603,0,0.814,ML Model,Open
2003269,10168265,0,0.005,ML Model,Confirmed
2003270,10085745,0,0.809,ML Model,Closed
2003271,10038640,0,0.896,Manual,Confirmed
2003272,10284483,0,0.903,Rule,Confirmed
2003273,10341149,0,0.085,ML Model,Closed
2003274,10345551,0,0.874,ML Model,Confirmed
2003275,10191838,0,0.303,Manual,Confirmed
2003276,10041287,0,0.3,ML Model,Confirmed
2003277,10284731,0,0.193,Rule,Closed
2003278,10379604,0,0.831,ML Model,Confirmed
2003279,10181812,0,0.462,Manual,Closed
2003280,10222337,0,0.495,ML Model,Open
2003281,10083813,0,0.304,Rule,Confirmed
2003282,10066953,0,0.729,Manual,Closed
2003283,10230945,1,0.587,Rule,False Positive
2003284,10374515,0,0.688,ML Model,Closed
2003285,10044310,1,0.464,ML Model,Confirmed
2003286,10010475,0,0.32,ML Model,Confirmed
2003287,10159618,0,0.527,Rule,Open
2003288,10085700,0,0.215,Rule,Confirmed
2003289,10058772,0,0.51,Manual,Open
2003290,10012576,0,0.623,ML Model,Confirmed
2003291,10093972,0,0.816,Manual,Closed
2003292,10242314,0,0.981,Rule,Confirmed
2003293,10034214,1,0.233,Rule,Closed
2003294,10123459,0,0.976,ML Model,Open
2003295,10307349,0,0.858,Manual,Confirmed
2003296,10225906,0,0.539,Rule,Confirmed
2003297,10231037,0,0.256,Rule,Confirmed
2003298,10307250,0,0.324,ML Model,Closed
2003299,10061629,1,0.854,Rule,Closed
2003300,10045097,0,0.367,Manual,False Positive
2003301,10291680,0,0.831,Manual,False Positive
2003302,10097430,1,0.409,ML Model,False Positive
2003303,10104607,0,0.086,Rule,Open
2003304,10113044,0,0.443,ML Model,Open
2003305,10363565,0,0.159,Manual,False Positive
2003306,10053255,0,0.262,Rule,Closed
2003307,10110996,0,0.774,Manual,Open
2003308,10196095,0,0.671,Rule,Closed
2003309,10346449,0,0.308,Manual,Closed
2003310,10280206,0,0.19,ML Model,Open
2003311,10052523,0,0.161,Manual,Open
2003312,10209008,0,0.129,Manual,Open
2003313,10080607,0,0.751,Manual,Confirmed
2003314,10034144,0,0.341,Rule,False Positive
2003315,10348554,0,0.075,Rule,Confirmed
2003316,10398489,0,0.233,Manual,Confirmed
2003317,10260003,0,0.813,ML Model,False Positive
2003318,10051641,1,0.386,ML Model,Confirmed
2003319,10337278,0,0.548,Manual,False Positive
2003320,10123189,0,0.806,Manual,False Positive
2003321,10113345,0,0.799,ML Model,Closed
2003322,10370535,0,0.746,Rule,Open
2003323,10296556,0,0.577,Rule,Closed
2003324,10164011,0,0.496,Manual,False Positive
2003325,10158170,0,0.525,Rule,False Positive
2003326,10050402,0,0.285,Manual,False Positive
2003327,10037533,0,0.656,Manual,Open
2003328,10183594,0,0.633,Manual,Confirmed
2003329,10267951,0,0.133,Manual,False Positive
2003330,10288236,0,0.054,ML Model,Closed
2003331,10055676,0,0.268,Rule,Confirmed
2003332,10306641,0,0.699,Rule,Closed
2003333,10189197,0,0.791,Manual,Open
2003334,10380475,0,0.964,ML Model,Closed
2003335,10311016,0,0.313,ML Model,Confirmed
2003336,10026469,0,0.893,Rule,Confirmed
2003337,10213827,1,0.661,ML Model,Confirmed
2003338,10305113,0,0.771,ML Model,False Positive
2003339,10273651,0,0.638,Rule,Closed
2003340,10303665,0,0.073,Rule,False Positive
2003341,10376744,0,0.891,Manual,Closed
2003342,10204363,0,0.566,Rule,False Positive
2003343,10125685,0,0.956,ML Model,False Positive
2003344,10237669,0,0.883,Manual,Confirmed
2003345,10166010,0,0.154,ML Model,False Positive
2003346,10209166,0,0.589,ML Model,Open
2003347,10101428,0,0.726,Manual,Closed
2003348,10123485,0,0.748,ML Model,Closed
2003349,10040785,0,0.954,Rule,Confirmed
2003350,10314193,0,0.555,Manual,Open
2003351,10248793,0,0.675,ML Model,Open
2003352,10194358,0,0.399,Rule,Confirmed
2003353,10194220,0,0.172,Rule,Open
2003354,10163308,0,0.088,ML Model,Open
2003355,10136392,0,0.152,ML Model,Confirmed
2003356,10062881,0,0.047,Rule,False Positive
2003357,10181720,0,0.915,Rule,Closed
2003358,10057920,0,0.966,Rule,False Positive
2003359,10340969,0,0.614,ML Model,Closed
2003360,10242996,0,0.792,Manual,Closed
2003361,10374374,0,0.298,Rule,False Positive
2003362,10314580,1,0.896,ML Model,Open
2003363,10231282,0,0.719,Rule,False Positive
2003364,10392827,0,0.083,Rule,Closed
2003365,10105720,0,0.891,ML Model,False Positive
2003366,10138238,0,0.323,ML Model,Open
2003367,10177851,0,0.03,ML Model,Closed
2003368,10278207,0,0.234,Manual,False Positive
2003369,10179321,1,0.606,Manual,Closed
2003370,10184794,0,0.152,ML Model,Closed
2003371,10012760,0,0.017,Rule,Confirmed
2003372,10229770,0,0.44,ML Model,Open
2003373,10359200,0,0.681,ML Model,False Positive
2003374,10197786,0,0.433,Rule,Open
2003375,10308696,0,0.357,ML Model,Confirmed
2003376,10320307,0,0.313,ML Model,False Positive
2003377,10044044,0,0.254,ML Model,False Positive
2003378,10271440,0,0.792,Manual,Confirmed
2003379,10013276,0,0.821,Manual,False Positive
2003380,10037512,0,0.547,Manual,Closed
2003381,10252104,0,0.697,Rule,Closed
2003382,10151805,0,0.347,ML Model,Open
2003383,10201433,0,0.136,Rule,False Positive
2003384,10283548,0,0.143,Manual,Confirmed
2003385,10161261,0,0.68,Manual,Open
2003386,10376893,0,0.957,Rule,Closed
2003387,10107283,0,0.903,ML Model,Closed
2003388,10208800,0,0.486,ML Model,Confirmed
2003389,10320919,0,0.176,Rule,Closed
2003390,10282074,0,0.271,Rule,False Positive
2003391,10256693,0,0.625,ML Model,Closed
2003392,10240797,0,0.424,Rule,Confirmed
2003393,10384000,0,0.778,Rule,Open
2003394,10384645,0,0.334,ML Model,Closed
2003395,10192231,0,0.627,ML Model,Closed
2003396,10360274,0,0.672,Manual,False Positive
2003397,10311253,0,0.343,Manual,Open
2003398,10267096,0,0.637,Manual,Open
2003399,10227467,0,0.247,Manual,Open
2003400,10340612,0,0.25,ML Model,Confirmed
2003401,10390399,1,0.984,Manual,Closed
2003402,10071219,0,0.514,Manual,Closed
2003403,10237198,0,0.684,ML Model,Confirmed
2003404,10063673,0,0.499,Rule,Open
2003405,10069211,0,0.189,Manual,Open
2003406,10360621,0,0.782,Manual,Open
2003407,10333970,0,0.792,ML Model,Closed
2003408,10263179,0,0.08,Manual,Closed
2003409,10378985,0,0.647,Manual,False Positive
2003410,10233838,0,0.578,Rule,Closed
2003411,10003294,0,0.448,ML Model,Closed
2003412,10112394,0,0.78,Manual,Confirmed
2003413,10004657,0,0.136,ML Model,False Positive
2003414,10271553,0,0.644,Manual,Confirmed
2003415,10281910,1,0.314,ML Model,False Positive
2003416,10223915,0,0.241,ML Model,Open
2003417,10083177,0,0.062,Rule,Confirmed
2003418,10260024,0,0.586,Manual,Open
2003419,10132516,0,0.792,Rule,Confirmed
2003420,10177777,0,0.94,ML Model,Confirmed
2003421,10332211,1,0.815,Manual,Confirmed
2003422,10346896,0,0.864,Manual,False Positive
2003423,10387767,0,0.616,Rule,Closed
2003424,10312774,0,0.894,ML Model,Closed
2003425,10249089,0,0.418,Manual,Open
2003426,10280371,0,0.627,Manual,Closed
2003427,10134034,0,0.282,Rule,Open
2003428,10345718,0,0.655,ML Model,False Positive
2003429,10391193,0,0.229,Rule,Confirmed
2003430,10383502,0,0.602,ML Model,False Positive
2003431,10265638,0,0.948,Manual,Closed
2003432,10250962,0,0.814,ML Model,Open
2003433,10266911,0,0.009,ML Model,Open
2003434,10287789,0,0.443,Manual,Closed
2003435,10253913,0,0.993,ML Model,Open
2003436,10061660,0,0.904,Rule,False Positive
2003437,10187505,0,0.9,Manual,Confirmed
2003438,10395861,0,0.605,Manual,False Positive
2003439,10266431,0,0.193,Manual,Confirmed
2003440,10172949,0,0.262,Rule,Closed
2003441,10087659,0,0.77,ML Model,Open
2003442,10336810,0,0.824,ML Model,Open
2003443,10328202,0,0.368,Manual,Closed
2003444,10332569,0,0.054,ML Model,Open
2003445,10390531,0,0.366,ML Model,Confirmed
2003446,10170253,0,0.856,Rule,Confirmed
2003447,10317271,0,0.363,Manual,False Positive
2003448,10093809,0,0.712,ML Model,Closed
2003449,10289611,0,0.256,Manual,Confirmed
2003450,10075629,0,0.941,Manual,Confirmed
2003451,10009229,0,0.577,ML Model,Closed
2003452,10284266,0,0.642,Manual,Closed
2003453,10347892,0,0.332,Rule,Closed
2003454,10344584,0,0.649,Rule,Confirmed
2003455,10084746,0,0.736,Manual,False Positive
2003456,10021416,0,0.593,Rule,Confirmed
2003457,10092344,0,0.294,ML Model,False Positive
2003458,10254610,0,0.482,Rule,Closed
2003459,10106269,0,0.968,Manual,False Positive
2003460,10234947,0,0.868,Manual,Confirmed
2003461,10325390,0,0.071,Rule,Open
2003462,10190543,0,0.532,Rule,Closed
2003463,10253183,0,0.901,Manual,False Positive
2003464,10377411,0,0.406,Manual,Open
2003465,10345580,0,0.433,ML Model,Confirmed
2003466,10129907,0,0.689,Manual,Open
2003467,10142308,0,0.292,Manual,Open
2003468,10285848,0,0.94,Rule,Open
2003469,10399295,0,0.991,Rule,Closed
2003470,10283683,0,0.291,Rule,False Positive
2003471,10015598,0,0.465,Rule,Closed
2003472,10364011,0,0.535,Rule,Open
2003473,10380421,0,0.487,Manual,False Positive
2003474,10185780,0,0.996,Manual,Closed
2003475,10204260,1,0.647,Rule,False Positive
2003476,10157942,0,0.007,ML Model,Open
2003477,10391441,0,0.771,Manual,False Positive
2003478,10361415,1,0.33,ML Model,Closed
2003479,10051577,0,0.12,Rule,False Positive
2003480,10174076,0,0.523,Manual,False Positive
2003481,10021902,0,0.962,Rule,Open
2003482,10235023,0,0.669,ML Model,Confirmed
2003483,10114379,0,0.069,Rule,False Positive
2003484,10220957,0,0.316,ML Model,Open
2003485,10260844,0,0.119,Manual,Confirmed
2003486,10013239,0,0.221,Rule,Confirmed
2003487,10295270,1,0.343,Manual,Open
2003488,10176138,0,0.334,Rule,Open
2003489,10300659,0,0.381,Manual,Open
2003490,10137763,1,0.549,Rule,False Positive
2003491,10051066,0,0.949,Manual,Closed
2003492,10187586,0,0.191,Manual,Closed
2003493,10234897,0,0.411,Rule,Confirmed
2003494,10142787,0,0.061,ML Model,False Positive
2003495,10246961,0,0.485,ML Model,Confirmed
2003496,10103879,0,0.74,ML Model,Closed
2003497,10239673,0,0.025,ML Model,False Positive
2003498,10123244,0,0.919,Manual,Closed
2003499,10292519,0,0.122,Manual,Confirmed
2003500,10049072,0,0.497,Rule,Open
2003501,10309735,1,0.154,Rule,Closed
2003502,10146589,0,0.955,Rule,Closed
2003503,10106582,0,0.941,Rule,Open
2003504,10348745,0,0.904,Rule,False Positive
2003505,10279230,0,0.401,ML Model,Open
2003506,10163408,0,0.318,Rule,Confirmed
2003507,10008048,0,0.502,Rule,Open
2003508,10020428,0,0.152,Manual,Closed
2003509,10217569,0,0.978,Rule,Open
2003510,10265251,0,0.386,Rule,Closed
2003511,10191552,0,0.711,Manual,Open
2003512,10173625,0,0.939,Manual,Open
2003513,10009844,0,0.304,ML Model,Closed
2003514,10395437,0,0.175,Rule,Open
2003515,10334807,0,0.436,Manual,Closed
2003516,10215500,0,0.832,Manual,Confirmed
2003517,10108892,0,0.376,Manual,Confirmed
2003518,10083410,1,0.796,Rule,Confirmed
2003519,10142626,0,0.746,Rule,False Positive
2003520,10296569,0,0.407,ML Model,Open
2003521,10142818,0,0.002,Rule,Open
2003522,10373862,1,0.417,Manual,Confirmed
2003523,10396184,0,0.813,ML Model,False Positive
2003524,10338550,0,0.164,ML Model,Closed
2003525,10079215,0,0.489,Rule,Confirmed
2003526,10038288,0,0.728,Rule,Closed
2003527,10353028,0,0.446,ML Model,Closed
2003528,10245858,0,0.892,ML Model,Open
2003529,10055215,0,0.688,ML Model,Open
2003530,10296173,0,0.806,Manual,Closed
2003531,10002640,1,0.353,ML Model,False Positive
2003532,10068715,0,0.225,Manual,Confirmed
2003533,10173676,0,0.118,ML Model,Closed
2003534,10085871,0,0.224,ML Model,False Positive
2003535,10267461,0,0.903,Rule,Closed
2003536,10298003,0,0.946,ML Model,Open
2003537,10126901,0,0.793,ML Model,Closed
2003538,10031328,0,0.584,ML Model,Closed
2003539,10302745,0,0.93,Rule,Confirmed
2003540,10206252,0,0.491,Rule,Open
2003541,10132460,0,0.263,ML Model,Open
2003542,10339137,0,0.59,ML Model,False Positive
2003543,10045542,0,0.892,Manual,Confirmed
2003544,10360753,0,0.557,ML Model,Open
2003545,10058199,0,0.139,Rule,Closed
2003546,10019413,0,0.227,Manual,False Positive
2003547,10033609,0,0.013,Rule,False Positive
2003548,10109662,0,0.772,Rule,False Positive
2003549,10062384,0,0.255,Manual,False Positive
2003550,10353759,0,0.295,ML Model,Closed
2003551,10003155,0,0.675,Manual,Closed
2003552,10397429,0,0.247,Rule,Open
2003553,10177683,0,0.831,Rule,Open
2003554,10283337,0,0.45,Rule,False Positive
2003555,10206464,0,0.308,Manual,Open
2003556,10258286,0,0.476,ML Model,Confirmed
2003557,10284276,0,0.948,ML Model,False Positive
2003558,10109613,0,0.599,Manual,Open
2003559,10188593,0,0.731,Manual,False Positive
2003560,10150532,0,0.828,Rule,Open
2003561,10231742,0,0.813,ML Model,False Positive
2003562,10219053,0,0.391,ML Model,Closed
2003563,10359693,0,0.164,Manual,Open
2003564,10193956,0,0.833,Manual,Closed
2003565,10260782,0,0.093,Rule,False Positive
2003566,10141445,0,0.23,ML Model,Open
2003567,10285837,0,0.972,Manual,Closed
2003568,10166667,0,0.361,Manual,Closed
2003569,10019129,0,0.893,ML Model,False Positive
2003570,10281203,0,0.612,Rule,Closed
2003571,10150895,0,0.571,Rule,False Positive
2003572,10175007,0,0.277,ML Model,False Positive
2003573,10013962,0,0.88,Manual,Confirmed
2003574,10314662,0,0.575,ML Model,Confirmed
2003575,10089220,0,0.914,ML Model,False Positive
2003576,10287461,0,0.352,ML Model,Confirmed
2003577,10008449,0,0.435,ML Model,False Positive
2003578,10324595,0,0.985,Manual,Confirmed
2003579,10259528,0,0.317,ML Model,Open
2003580,10183478,0,0.458,Rule,False Positive
2003581,10251534,0,0.399,Rule,False Positive
2003582,10282633,0,0.425,Manual,Confirmed
2003583,10011155,0,0.699,ML Model,False Positive
2003584,10134940,0,0.591,Manual,Confirmed
2003585,10195079,0,0.006,ML Model,Open
2003586,10167199,0,0.508,Rule,False Positive
2003587,10381160,0,0.373,Manual,Closed
2003588,10065820,0,0.853,ML Model,False Positive
2003589,10213976,0,0.882,Manual,Confirmed
2003590,10379922,0,0.395,Manual,Confirmed
2003591,10191468,0,0.329,Manual,False Positive
2003592,10383371,0,0.969,Rule,False Positive
2003593,10212917,0,0.281,Manual,Open
2003594,10170697,0,0.08,Rule,Closed
2003595,10131542,1,0.074,Rule,Open
2003596,10296633,1,0.016,Manual,Confirmed
2003597,10276975,0,0.998,Manual,False Positive
2003598,10077864,0,0.064,Rule,Confirmed
2003599,10387168,0,0.83,Manual,Closed
2003600,10000010,0,0.174,Manual,Open
2003601,10231296,0,0.615,Rule,False Positive
2003602,10096338,0,0.816,Manual,Closed
2003603,10108716,0,0.013,ML Model,Confirmed
2003604,10339854,0,0.638,ML Model,Closed
2003605,10285259,0,0.853,ML Model,Closed
2003606,10112220,0,0.047,Rule,Confirmed
2003607,10318024,0,0.358,Manual,Closed
2003608,10351883,0,0.573,Manual,Open
2003609,10177041,0,0.492,Rule,Open
2003610,10346346,0,0.053,Rule,False Positive
2003611,10255703,0,0.515,Rule,Confirmed
2003612,10304695,0,0.044,Rule,Closed
2003613,10050930,0,0.022,ML Model,Open
2003614,10060347,0,0.403,Manual,Closed
2003615,10205874,0,0.551,ML Model,Confirmed
2003616,10393899,0,0.033,Manual,Open
2003617,10124093,0,0.961,ML Model,Open
2003618,10078425,0,0.982,ML Model,Open
2003619,10105972,0,0.52,Rule,Closed
2003620,10360946,1,0.609,Manual,Confirmed
2003621,10198351,0,0.051,Rule,Open
2003622,10004137,0,0.259,Manual,Closed
2003623,10031519,0,0.388,ML Model,Closed
2003624,10296227,0,0.856,ML Model,Confirmed
2003625,10146037,0,0.925,Manual,False Positive
2003626,10221294,0,0.598,ML Model,Closed
2003627,10024696,0,0.122,Rule,False Positive
2003628,10172555,0,0.65,Manual,Confirmed
2003629,10061659,0,0.036,Manual,False Positive
2003630,10126354,0,0.353,Rule,False Positive
2003631,10261893,0,0.934,ML Model,Closed
2003632,10179788,1,0.272,Manual,Confirmed
2003633,10202917,0,0.233,Manual,False Positive
2003634,10238205,0,0.587,Manual,False Positive
2003635,10165869,0,0.654,ML Model,False Positive
2003636,10087226,0,0.057,Rule,False Positive
2003637,10326186,0,0.147,ML Model,Closed
2003638,10211407,0,0.889,Rule,False Positive
2003639,10218488,0,0.008,Rule,Closed
2003640,10096374,0,0.99,ML Model,Confirmed
2003641,10042502,0,0.023,Rule,Open
2003642,10117191,0,0.012,Manual,Open
2003643,10167572,1,0.849,Rule,Closed
2003644,10109260,1,0.406,Manual,Confirmed
2003645,10270304,0,0.9,Rule,False Positive
2003646,10212865,0,0.331,Manual,Closed
2003647,10081872,0,0.976,Manual,False Positive
2003648,10338435,0,0.474,Manual,Open
2003649,10257135,0,0.973,Rule,Closed
2003650,10009443,1,0.467,Rule,Closed
2003651,10026444,0,0.596,Rule,False Positive
2003652,10073257,0,0.168,ML Model,Open
2003653,10076124,0,0.503,ML Model,False Positive
2003654,10173543,1,0.377,Rule,False Positive
2003655,10388771,0,0.217,Rule,False Positive
2003656,10098451,0,0.648,ML Model,Open
2003657,10141927,0,0.379,Rule,False Positive
2003658,10333397,0,0.616,Rule,False Positive
2003659,10183068,0,0.988,Rule,False Positive
2003660,10346438,0,0.113,ML Model,False Positive
2003661,10216535,0,0.598,ML Model,Open
2003662,10005272,0,0.145,Manual,Open
2003663,10357898,0,0.34,Rule,Confirmed
2003664,10125330,0,0.981,Rule,Confirmed
2003665,10359264,0,0.142,ML Model,False Positive
2003666,10120379,0,0.86,Rule,False Positive
2003667,10187201,0,0.047,Manual,Closed
2003668,10203788,0,0.742,Manual,Open
2003669,10083953,0,0.437,Rule,Open
2003670,10034059,0,0.712,Rule,Open
2003671,10163133,0,0.744,Rule,Confirmed
2003672,10235158,0,0.894,ML Model,False Positive
2003673,10149619,0,0.431,Manual,Confirmed
2003674,10252634,1,0.732,ML Model,Open
2003675,10393750,0,0.818,Manual,Confirmed
2003676,10161995,0,0.573,ML Model,Closed
2003677,10235530,0,0.629,Rule,False Positive
2003678,10333763,1,0.922,Rule,Open
2003679,10010568,0,0.758,Rule,Open
2003680,10270702,0,0.109,ML Model,Open
2003681,10386200,0,0.415,Manual,Closed
2003682,10244572,0,0.84,ML Model,Closed
2003683,10330056,0,0.867,Manual,Closed
2003684,10058232,0,0.892,Rule,False Positive
2003685,10099824,0,0.323,ML Model,Open
2003686,10386391,0,0.905,Manual,False Positive
2003687,10073322,0,0.141,Manual,Open
2003688,10089972,1,0.284,Manual,Confirmed
2003689,10286766,1,0.286,ML Model,Open
2003690,10298417,1,0.407,ML Model,Closed
2003691,10390292,0,0.38,Rule,Closed
2003692,10306317,0,0.798,Rule,False Positive
2003693,10115023,1,0.545,Manual,Open
2003694,10147775,0,0.194,Manual,Confirmed
2003695,10133579,0,0.479,Rule,Closed
2003696,10105261,0,0.418,Rule,Open
2003697,10285779,1,0.153,ML Model,False Positive
2003698,10313902,0,0.803,Manual,False Positive
2003699,10147906,0,0.476,Manual,Open
2003700,10286071,0,0.6,Manual,False Positive
2003701,10251909,0,0.853,Rule,Open
2003702,10393457,0,0.41,ML Model,False Positive
2003703,10333332,0,0.304,ML Model,Confirmed
2003704,10092021,0,0.586,ML Model,Closed
2003705,10287959,1,0.178,Rule,Confirmed
2003706,10313131,0,0.865,Rule,Confirmed
2003707,10129684,0,0.157,Manual,Confirmed
2003708,10386649,0,0.574,Rule,Open
2003709,10393585,0,0.047,Rule,Confirmed
2003710,10397100,0,0.485,Manual,Confirmed
2003711,10208325,1,0.016,ML Model,False Positive
2003712,10217551,0,0.839,Rule,False Positive
2003713,10006090,0,0.822,ML Model,False Positive
2003714,10147838,0,0.664,Manual,False Positive
2003715,10318811,0,0.428,ML Model,Open
2003716,10351261,0,0.68,ML Model,False Positive
2003717,10340399,0,0.044,ML Model,Closed
2003718,10278116,0,0.844,Manual,Open
2003719,10340716,0,0.202,Manual,Confirmed
2003720,10250148,0,0.997,Rule,Closed
2003721,10019678,0,0.925,Rule,Open
2003722,10267533,0,0.356,ML Model,Closed
2003723,10287264,0,0.873,Manual,Confirmed
2003724,10109917,0,0.901,ML Model,Confirmed
2003725,10368306,0,0.828,ML Model,Open
2003726,10150558,0,0.078,Rule,Closed
2003727,10291614,0,0.283,Manual,Confirmed
2003728,10069878,0,0.833,ML Model,Closed
2003729,10305380,0,0.117,ML Model,False Positive
2003730,10321606,0,0.579,ML Model,Confirmed
2003731,10118148,0,0.655,ML Model,Closed
2003732,10270412,0,0.023,Rule,Open
2003733,10050922,0,0.509,Rule,False Positive
2003734,10241736,1,0.371,ML Model,Confirmed
2003735,10104573,0,0.921,Manual,False Positive
2003736,10209350,0,0.542,ML Model,Open
2003737,10331935,0,0.863,Manual,Closed
2003738,10008315,0,0.292,Manual,Open
2003739,10356082,0,0.268,Rule,False Positive
2003740,10168674,0,0.321,Manual,Open
2003741,10130501,1,0.041,ML Model,Open
2003742,10118470,0,0.387,Manual,Confirmed
2003743,10256479,0,0.377,ML Model,Closed
2003744,10339847,0,0.34,Rule,Confirmed
2003745,10119036,0,0.444,Manual,Open
2003746,10292745,0,0.438,Manual,Confirmed
2003747,10399364,1,0.325,Rule,Open
2003748,10007489,0,0.553,Rule,Closed
2003749,10361600,0,0.627,Manual,False Positive
2003750,10382634,1,0.133,ML Model,Confirmed
2003751,10032513,0,0.05,Manual,Closed
2003752,10083215,0,0.083,ML Model,Open
2003753,10036518,0,0.655,ML Model,False Positive
2003754,10240513,0,0.48,Rule,Open
2003755,10138729,0,0.224,Rule,False Positive
2003756,10008889,1,0.595,Manual,Closed
2003757,10206841,0,0.337,Rule,Closed
2003758,10062755,0,0.115,Rule,Confirmed
2003759,10174761,0,0.666,Rule,Open
2003760,10008369,0,0.187,Rule,Closed
2003761,10289024,0,0.659,Manual,Closed
2003762,10054984,0,0.71,Rule,Closed
2003763,10291571,0,0.379,ML Model,False Positive
2003764,10216671,1,0.184,Manual,Closed
2003765,10165987,0,0.292,Rule,False Positive
2003766,10042217,0,0.854,ML Model,Closed
2003767,10305394,0,0.924,Manual,Closed
2003768,10374217,0,0.881,Manual,False Positive
2003769,10178934,0,0.948,Rule,Closed
2003770,10105910,0,0.231,Rule,Open
2003771,10295104,0,0.313,Manual,False Positive
2003772,10152902,1,0.162,ML Model,False Positive
2003773,10077246,0,0.541,Rule,Closed
2003774,10269430,0,0.476,Manual,Open
2003775,10209908,0,0.581,ML Model,Confirmed
2003776,10283037,0,0.352,Rule,Open
2003777,10224926,0,0.722,Rule,Closed
2003778,10066387,0,0.101,Manual,Open
2003779,10324445,0,0.263,Manual,Open
2003780,10258344,0,0.533,Rule,Closed
2003781,10346550,0,0.967,Manual,Closed
2003782,10163403,0,0.147,ML Model,Closed
2003783,10383861,0,0.457,Manual,Open
2003784,10227434,0,0.341,Manual,Confirmed
2003785,10033039,0,0.121,Manual,Closed
2003786,10359595,0,0.182,ML Model,False Positive
2003787,10087963,0,0.625,Rule,Open
2003788,10251250,1,0.059,Manual,False Positive
2003789,10005380,0,0.1,Manual,False Positive
2003790,10276392,0,0.242,ML Model,Closed
2003791,10160858,0,0.594,Rule,Confirmed
2003792,10173032,1,0.462,ML Model,Open
2003793,10225620,0,0.367,Rule,Closed
2003794,10055895,0,0.823,ML Model,Closed
2003795,10378371,0,0.092,Manual,Open
2003796,10256792,0,0.526,Manual,Closed
2003797,10034926,0,0.522,Rule,Open
2003798,10060908,0,0.218,ML Model,False Positive
2003799,10049964,0,0.511,ML Model,Closed
2003800,10109867,0,0.84,ML Model,False Positive
2003801,10166972,0,0.796,Manual,Closed
2003802,10307685,0,0.111,ML Model,Open
2003803,10178195,0,0.86,Manual,Closed
2003804,10335341,0,0.094,Rule,Open
2003805,10283209,0,0.57,Manual,False Positive
2003806,10042995,0,0.589,Manual,Closed
2003807,10119115,0,0.628,Manual,False Positive
2003808,10232630,0,0.891,Manual,Open
2003809,10152404,0,0.954,ML Model,Confirmed
2003810,10171819,0,0.271,Manual,False Positive
2003811,10234434,0,0.42,ML Model,Closed
2003812,10109570,0,0.993,ML Model,Open
2003813,10118768,0,0.266,Manual,False Positive
2003814,10262851,0,0.245,ML Model,Open
2003815,10122945,0,0.891,Manual,Confirmed
2003816,10122361,0,0.688,ML Model,Confirmed
2003817,10113730,0,0.718,ML Model,False Positive
2003818,10304675,1,0.933,ML Model,False Positive
2003819,10225052,0,0.132,Rule,Open
2003820,10266018,1,0.383,Rule,Open
2003821,10333058,0,0.704,Manual,Open
2003822,10310067,0,0.247,ML Model,False Positive
2003823,10278378,0,0.185,ML Model,Open
2003824,10103144,0,0.407,Rule,False Positive
2003825,10224006,0,0.969,Rule,False Positive
2003826,10152685,1,0.97,Manual,Open
2003827,10283536,0,0.176,Rule,Closed
2003828,10131771,0,0.744,ML Model,Closed
2003829,10151956,0,0.997,Manual,False Positive
2003830,10058457,0,0.127,Manual,Open
2003831,10112298,0,0.467,Manual,Closed
2003832,10123778,0,0.482,Rule,Open
2003833,10186599,0,0.335,Manual,Closed
2003834,10371372,0,0.98,ML Model,Open
2003835,10392039,0,0.358,Rule,Closed
2003836,10328753,0,0.744,Manual,Closed
2003837,10003379,0,0.621,Manual,Closed
2003838,10235801,0,0.148,ML Model,Confirmed
2003839,10263626,0,0.337,Manual,False Positive
2003840,10176472,0,0.08,Rule,Open
2003841,10079742,0,0.256,Manual,False Positive
2003842,10262409,0,0.399,ML Model,Closed
2003843,10054533,0,0.501,ML Model,Confirmed
2003844,10264608,0,0.436,ML Model,False Positive
2003845,10044517,0,0.349,ML Model,Confirmed
2003846,10396402,0,0.674,Manual,False Positive
2003847,10367978,0,0.658,Manual,Open
2003848,10030352,0,0.626,Rule,Open
2003849,10189294,0,0.363,ML Model,Closed
2003850,10131606,0,0.386,Manual,False Positive
2003851,10375372,0,0.217,Manual,Open
2003852,10180507,0,0.087,ML Model,Closed
2003853,10356148,0,0.024,Rule,False Positive
2003854,10101656,0,0.888,ML Model,Open
2003855,10296175,0,0.169,ML Model,False Positive
2003856,10338175,0,0.15,ML Model,Closed
2003857,10209505,1,0.161,Rule,False Positive
2003858,10198829,0,0.433,Manual,Closed
2003859,10208723,0,0.841,ML Model,Confirmed
2003860,10272965,0,0.109,Rule,Open
2003861,10062828,0,0.21,Manual,Closed
2003862,10062567,0,0.255,Manual,False Positive
2003863,10302484,0,0.913,ML Model,Closed
2003864,10118875,0,0.189,ML Model,False Positive
2003865,10222837,0,0.644,Manual,Open
2003866,10120822,0,0.795,ML Model,Confirmed
2003867,10153491,0,0.949,ML Model,Closed
2003868,10142033,0,0.453,ML Model,Confirmed
2003869,10242739,0,0.887,ML Model,Open
2003870,10204525,0,0.128,Manual,Confirmed
2003871,10281877,0,0.007,Manual,False Positive
2003872,10114174,0,0.5,ML Model,Open
2003873,10322824,0,0.076,ML Model,Open
2003874,10100330,0,0.227,Manual,Open
2003875,10025707,0,0.969,ML Model,Confirmed
2003876,10096390,0,0.982,ML Model,Open
2003877,10229263,0,0.631,ML Model,Open
2003878,10122458,0,0.203,Manual,False Positive
2003879,10136720,0,0.793,Rule,Open
2003880,10105707,0,0.321,Rule,Closed
2003881,10255692,0,0.902,Rule,Open
2003882,10186763,0,0.771,ML Model,Open
2003883,10302343,0,0.213,Manual,False Positive
2003884,10306233,1,0.243,Manual,False Positive
2003885,10132965,0,0.237,Manual,Closed
2003886,10051284,0,0.975,Rule,False Positive
2003887,10399115,1,0.223,ML Model,False Positive
2003888,10002755,0,0.369,Rule,False Positive
2003889,10329064,0,0.17,ML Model,Confirmed
2003890,10031833,0,0.218,Manual,Open
2003891,10114117,0,0.224,Manual,Closed
2003892,10398983,0,0.419,Manual,Open
2003893,10393167,0,0.972,Rule,False Positive
2003894,10127418,0,0.473,ML Model,Closed
2003895,10334637,0,0.064,Manual,Closed
2003896,10113806,0,0.683,Rule,Closed
2003897,10088287,0,0.393,Rule,False Positive
2003898,10080403,0,0.511,ML Model,False Positive
2003899,10026404,0,0.592,ML Model,False Positive
2003900,10115285,0,0.285,ML Model,Open
2003901,10201177,0,0.071,Rule,False Positive
2003902,10086813,0,0.324,Rule,Open
2003903,10377971,0,0.733,Rule,False Positive
2003904,10073333,0,0.737,Rule,Open
2003905,10331421,0,0.59,Manual,Closed
2003906,10339069,0,0.615,Rule,False Positive
2003907,10152882,0,0.924,ML Model,Confirmed
2003908,10121947,1,0.661,Manual,False Positive
2003909,10350946,0,0.269,Manual,Closed
2003910,10019873,0,0.783,Manual,Open
2003911,10173710,0,0.925,Manual,Confirmed
2003912,10100303,0,0.797,Manual,Open
2003913,10229286,0,0.932,ML Model,False Positive
2003914,10192526,0,0.898,ML Model,False Positive
2003915,10085776,1,0.404,Rule,Closed
2003916,10279626,0,0.084,Rule,Open
2003917,10027128,0,0.372,Manual,Closed
2003918,10096268,0,0.636,Manual,False Positive
2003919,10092235,0,0.016,ML Model,Confirmed
2003920,10027535,0,0.534,Rule,False Positive
2003921,10154515,0,0.688,ML Model,Open
2003922,10220025,0,0.262,Rule,Closed
2003923,10155253,0,0.143,Rule,False Positive
2003924,10043822,0,0.111,Rule,Closed
2003925,10153942,1,0.926,Manual,Confirmed
2003926,10324001,0,0.7,Rule,Closed
2003927,10156539,0,0.257,ML Model,Confirmed
2003928,10291958,0,0.656,Manual,Closed
2003929,10281424,0,0.967,Rule,Open
2003930,10117013,1,0.152,Manual,False Positive
2003931,10377559,0,0.843,ML Model,Closed
2003932,10126859,0,0.761,Rule,Closed
2003933,10283031,0,0.342,Rule,Open
2003934,10008352,0,0.691,ML Model,Confirmed
2003935,10046768,0,0.881,Manual,Confirmed
2003936,10380994,0,0.498,Manual,False Positive
2003937,10211946,0,0.533,ML Model,False Positive
2003938,10309953,0,0.854,ML Model,Confirmed
2003939,10399002,0,0.498,Rule,Open
2003940,10201242,0,0.744,Rule,Closed
2003941,10182850,0,0.754,Manual,Confirmed
2003942,10086238,0,0.738,ML Model,Closed
2003943,10328206,0,0.27,Manual,Confirmed
2003944,10090171,0,0.665,Manual,False Positive
2003945,10247388,0,0.956,ML Model,Closed
2003946,10311769,0,0.485,Manual,Confirmed
2003947,10021408,0,0.235,Rule,Closed
2003948,10350352,0,0.174,Rule,Closed
2003949,10104720,0,0.042,ML Model,Closed
2003950,10084177,0,0.786,ML Model,Open
2003951,10258972,0,0.231,Rule,Closed
2003952,10067344,1,0.798,Rule,False Positive
2003953,10160578,0,0.379,ML Model,Closed
2003954,10305873,0,0.535,ML Model,False Positive
2003955,10155850,0,0.431,Rule,Confirmed
2003956,10039522,0,0.372,Manual,False Positive
2003957,10255481,0,0.335,Manual,Open
2003958,10026593,0,0.419,Manual,Confirmed
2003959,10362601,0,0.967,Rule,Closed
2003960,10022459,0,0.345,Manual,Open
2003961,10106727,0,0.355,ML Model,Open
2003962,10192429,0,0.999,ML Model,Open
2003963,10102683,0,0.724,ML Model,Open
2003964,10092982,0,0.633,Rule,Open
2003965,10386235,0,0.933,ML Model,Confirmed
2003966,10167644,0,0.952,Rule,Open
2003967,10386074,0,0.784,Rule,False Positive
2003968,10175490,0,0.815,ML Model,Closed
2003969,10346316,0,0.069,Rule,Open
2003970,10234028,0,0.616,ML Model,False Positive
2003971,10274717,0,0.696,Rule,False Positive
2003972,10167960,0,0.013,Rule,Confirmed
2003973,10105367,0,0.991,Rule,Confirmed
2003974,10019064,0,0.458,Rule,Open
2003975,10208887,0,0.931,Rule,False Positive
2003976,10311490,0,0.241,ML Model,Closed
2003977,10019571,0,0.743,Rule,Confirmed
2003978,10016623,0,0.439,ML Model,Closed
2003979,10083845,0,0.597,Rule,False Positive
2003980,10079642,0,0.969,Rule,Open
2003981,10070978,0,0.642,ML Model,Confirmed
2003982,10201089,1,0.177,Rule,Confirmed
2003983,10294845,0,0.058,Manual,Closed
2003984,10053574,0,0.074,Rule,Open
2003985,10170218,0,0.275,ML Model,Closed
2003986,10390497,0,0.511,Rule,Confirmed
2003987,10077801,0,0.562,ML Model,False Positive
2003988,10271738,0,0.546,Manual,False Positive
2003989,10287837,0,0.551,ML Model,Closed
2003990,10001586,0,0.146,Manual,Confirmed
2003991,10377080,0,0.619,Manual,Closed
2003992,10326175,1,0.903,ML Model,Closed
2003993,10156533,0,0.98,ML Model,Open
2003994,10244950,0,0.135,ML Model,Closed
2003995,10332278,0,0.151,Manual,Closed
2003996,10162729,0,0.905,Rule,Closed
2003997,10012013,0,0.059,ML Model,Confirmed
2003998,10048966,0,0.17,ML Model,Confirmed
2003999,10043847,0,0.083,Manual,Confirmed
2004000,10315500,0,0.225,Manual,Closed
2004001,10204637,1,0.117,Rule,False Positive
2004002,10346725,0,0.274,Manual,Closed
2004003,10060001,0,0.807,Rule,Closed
2004004,10142796,0,0.659,Rule,Open
2004005,10127382,0,0.597,Rule,False Positive
2004006,10050609,0,0.545,Rule,Closed
2004007,10254932,0,0.573,ML Model,False Positive
2004008,10368289,0,0.768,ML Model,Confirmed
2004009,10347580,0,0.065,Manual,Open
2004010,10212116,0,0.476,Manual,Open
2004011,10149890,0,0.998,Manual,Closed
2004012,10156632,0,0.293,Rule,Confirmed
2004013,10302183,0,0.143,Manual,Open
2004014,10370985,1,0.071,Manual,Open
2004015,10296426,0,0.58,ML Model,False Positive
2004016,10135542,0,0.726,Manual,Closed
2004017,10185856,0,0.641,Manual,Open
2004018,10143967,0,0.928,ML Model,Confirmed
2004019,10142400,0,0.296,Rule,Confirmed
2004020,10335241,0,0.62,Manual,Confirmed
2004021,10012095,0,0.315,Manual,Closed
2004022,10182067,0,0.051,Manual,Confirmed
2004023,10302738,0,0.955,Rule,Confirmed
2004024,10188988,0,0.927,Manual,False Positive
2004025,10236842,0,0.617,Manual,False Positive
2004026,10339017,0,0.93,Rule,Closed
2004027,10097990,0,0.999,Manual,Closed
2004028,10177017,0,0.001,Manual,Confirmed
2004029,10149882,0,0.91,Rule,Closed
2004030,10132151,1,0.833,Manual,Confirmed
2004031,10232083,0,0.798,ML Model,Confirmed
2004032,10299224,1,0.286,Manual,False Positive
2004033,10147160,0,0.682,ML Model,Confirmed
2004034,10088189,0,0.721,Rule,Confirmed
2004035,10208560,0,0.904,Rule,Closed
2004036,10035763,0,0.87,Rule,Confirmed
2004037,10145254,0,0.783,ML Model,Open
2004038,10235250,0,0.723,Manual,Confirmed
2004039,10309021,0,0.089,Manual,Closed
2004040,10208699,0,0.589,ML Model,Closed
2004041,10394754,0,0.399,ML Model,Closed
2004042,10213658,0,0.184,ML Model,Confirmed
2004043,10304514,1,0.625,Rule,Open
2004044,10157854,1,0.835,Rule,Open
2004045,10382225,0,0.539,Manual,False Positive
2004046,10114681,0,0.568,ML Model,Confirmed
2004047,10323481,0,0.285,ML Model,Confirmed
2004048,10076990,0,0.999,ML Model,Confirmed
2004049,10016722,0,0.297,Manual,False Positive
2004050,10270397,0,0.142,ML Model,Open
2004051,10399585,1,0.336,Manual,Open
2004052,10119571,0,0.896,Manual,Closed
2004053,10036970,0,0.082,Rule,Closed
2004054,10239191,0,0.79,Manual,Closed
2004055,10347932,0,0.37,Manual,Open
2004056,10026264,0,0.787,ML Model,Closed
2004057,10073940,0,0.878,Rule,Closed
2004058,10175785,0,0.603,ML Model,Open
2004059,10125632,1,0.719,ML Model,Confirmed
2004060,10082876,1,0.074,Manual,Closed
2004061,10054227,0,0.789,Rule,False Positive
2004062,10198514,0,0.956,Rule,Open
2004063,10349004,0,0.293,ML Model,Confirmed
2004064,10311321,0,0.568,Rule,False Positive
2004065,10287925,0,0.705,Rule,Open
2004066,10354390,0,0.71,ML Model,Closed
2004067,10382756,0,0.262,Manual,Confirmed
2004068,10229259,0,0.309,Rule,Confirmed
2004069,10341209,0,0.748,Manual,Open
2004070,10315374,0,0.831,Rule,Open
2004071,10273472,0,0.856,ML Model,Open
2004072,10282704,0,0.936,Manual,Confirmed
2004073,10327196,0,0.414,Rule,Open
2004074,10397145,0,0.756,Rule,Closed
2004075,10206581,0,0.227,ML Model,False Positive
2004076,10292925,0,0.552,ML Model,Open
2004077,10272242,0,0.442,Rule,Closed
2004078,10328452,0,0.268,Manual,Confirmed
2004079,10173994,0,0.384,Rule,False Positive
2004080,10351181,0,0.017,ML Model,Closed
2004081,10123555,0,0.675,Rule,False Positive
2004082,10250223,0,0.926,ML Model,Confirmed
2004083,10304593,0,0.779,Manual,Open
2004084,10240801,0,0.848,Manual,False Positive
2004085,10081428,0,0.81,Manual,False Positive
2004086,10161300,0,0.222,Manual,False Positive
2004087,10113908,0,0.099,Rule,Confirmed
2004088,10059789,0,0.894,Manual,Open
2004089,10385003,0,0.44,Manual,Confirmed
2004090,10098901,0,0.923,Rule,Closed
2004091,10112240,0,0.143,Manual,False Positive
2004092,10002080,0,0.152,Manual,Open
2004093,10237820,0,0.993,ML Model,False Positive
2004094,10363955,0,0.77,Manual,Open
2004095,10388544,0,0.72,ML Model,Open
2004096,10213252,0,0.293,Manual,False Positive
2004097,10369595,0,0.229,Manual,Closed
2004098,10363814,0,0.602,Manual,Closed
2004099,10233287,0,0.136,Manual,Open
2004100,10214654,0,0.713,Rule,False Positive
2004101,10000571,0,0.398,ML Model,Confirmed
2004102,10046704,1,0.109,Rule,False Positive
2004103,10232021,0,0.591,ML Model,Open
2004104,10238187,0,0.734,Rule,False Positive
2004105,10008119,0,0.136,Rule,Open
2004106,10381327,0,0.387,Manual,Closed
2004107,10222019,0,0.321,Rule,False Positive
2004108,10346907,0,0.978,Manual,Open
2004109,10158780,0,0.207,Manual,False Positive
2004110,10350268,0,0.228,Manual,Confirmed
2004111,10289337,0,0.119,Rule,Open
2004112,10036399,0,0.409,Rule,False Positive
2004113,10131817,1,0.449,ML Model,Closed
2004114,10316133,0,0.668,Manual,Open
2004115,10266682,0,0.237,ML Model,Confirmed
2004116,10002684,0,0.851,Manual,Open
2004117,10248699,0,0.291,Rule,Open
2004118,10285750,1,0.283,ML Model,Closed
2004119,10055054,0,0.042,Manual,Confirmed
2004120,10270804,0,0.37,Rule,False Positive
2004121,10075025,0,0.816,ML Model,Confirmed
2004122,10246264,0,0.576,ML Model,Open
2004123,10177499,0,0.294,Manual,Open
2004124,10137339,0,0.657,Manual,False Positive
2004125,10390371,0,0.78,ML Model,Closed
2004126,10321200,0,0.446,ML Model,Closed
2004127,10336995,0,0.564,Manual,False Positive
2004128,10031175,0,0.203,ML Model,Open
2004129,10347810,0,0.091,Manual,False Positive
2004130,10215229,0,0.172,Rule,Closed
2004131,10093506,0,0.027,Rule,Closed
2004132,10171966,0,0.891,Rule,Confirmed
2004133,10172881,0,0.332,Manual,Closed
2004134,10074498,0,0.702,Rule,Closed
2004135,10169741,0,0.644,Rule,Open
2004136,10232051,0,0.124,Rule,Open
2004137,10205102,0,0.835,ML Model,Confirmed
2004138,10174951,0,0.832,Rule,Open
2004139,10110875,0,0.934,Manual,Open
2004140,10145458,0,0.193,ML Model,Closed
2004141,10009507,0,0.942,ML Model,False Positive
2004142,10268942,0,0.503,Manual,Closed
2004143,10063633,0,0.186,Rule,False Positive
2004144,10322699,0,0.947,Manual,Confirmed
2004145,10348080,0,0.292,Manual,Closed
2004146,10067550,0,0.773,Rule,Open
2004147,10294525,0,0.023,ML Model,Confirmed
2004148,10220746,1,0.491,Rule,False Positive
2004149,10315847,0,0.056,Manual,False Positive
2004150,10296252,0,0.664,Manual,Closed
2004151,10166499,0,0.376,ML Model,Closed
2004152,10387773,0,0.09,Manual,Confirmed
2004153,10131306,0,0.221,Rule,Confirmed
2004154,10313073,0,0.826,Manual,Closed
2004155,10130736,0,0.612,Manual,Open
2004156,10253768,0,0.237,Rule,Confirmed
2004157,10207702,0,0.33,Rule,Confirmed
2004158,10206553,1,0.994,Manual,False Positive
2004159,10212062,0,0.251,Manual,Confirmed
2004160,10347214,0,0.072,Rule,False Positive
2004161,10181494,0,0.953,Manual,Open
2004162,10212128,0,0.687,Manual,False Positive
2004163,10292088,0,0.164,Rule,False Positive
2004164,10338298,0,0.384,ML Model,False Positive
2004165,10264901,0,0.132,Manual,Closed
2004166,10199972,0,0.941,Rule,Open
2004167,10064058,0,0.715,ML Model,Closed
2004168,10398780,0,0.675,Rule,Confirmed
2004169,10274750,1,0.35,Manual,Confirmed
2004170,10277734,0,0.402,Rule,False Positive
2004171,10339125,0,0.409,ML Model,Open
2004172,10051272,0,0.052,ML Model,Closed
2004173,10223887,0,0.754,Rule,False Positive
2004174,10241002,0,0.659,Rule,False Positive
2004175,10104202,0,0.74,Manual,False Positive
2004176,10203140,0,0.571,ML Model,Open
2004177,10020710,0,0.666,ML Model,Confirmed
2004178,10084824,0,0.838,Manual,Open
2004179,10175344,0,0.907,Rule,False Positive
2004180,10395353,0,0.64,Rule,False Positive
2004181,10207236,0,0.172,Rule,Open
2004182,10345552,0,0.838,Rule,Closed
2004183,10179744,0,0.329,Manual,Confirmed
2004184,10184590,0,0.052,Rule,Closed
2004185,10076187,0,0.922,Rule,Closed
2004186,10311529,0,0.693,Manual,Closed
2004187,10143754,0,0.705,Rule,Open
2004188,10179862,0,0.525,Rule,False Positive
2004189,10164624,0,0.771,ML Model,Confirmed
2004190,10282124,0,0.952,ML Model,Confirmed
2004191,10099570,0,0.09,Rule,Closed
2004192,10282547,0,0.054,Rule,Confirmed
2004193,10368080,0,0.499,Manual,False Positive
2004194,10226145,0,0.026,Manual,Open
2004195,10028796,0,0.338,Rule,Open
2004196,10286349,0,0.893,ML Model,False Positive
2004197,10133453,0,0.094,Rule,Open
2004198,10162836,0,0.512,Rule,Confirmed
2004199,10196091,0,0.809,Manual,Closed
2004200,10000672,0,0.184,ML Model,False Positive
2004201,10257888,0,0.506,Manual,False Positive
2004202,10339452,0,0.545,ML Model,Confirmed
2004203,10224290,0,0.255,Manual,Confirmed
2004204,10039399,0,0.74,Rule,Closed
2004205,10241131,0,0.185,ML Model,False Positive
2004206,10395593,0,0.755,ML Model,Confirmed
2004207,10227018,0,0.521,Manual,Confirmed
2004208,10388577,0,0.858,Manual,Closed
2004209,10373963,0,0.582,ML Model,Closed
2004210,10126059,0,0.771,ML Model,Confirmed
2004211,10329039,0,0.267,Manual,Closed
2004212,10063246,0,0.102,Rule,False Positive
2004213,10275220,1,0.316,Rule,Confirmed
2004214,10325289,0,0.932,Rule,Confirmed
2004215,10250712,0,0.669,Manual,Open
2004216,10084742,0,0.631,Rule,Closed
2004217,10256996,0,0.283,ML Model,False Positive
2004218,10029435,0,0.196,Manual,Closed
2004219,10331207,0,0.431,ML Model,Open
2004220,10049394,0,0.526,Manual,Open
2004221,10371956,0,0.193,ML Model,Open
2004222,10277973,0,0.858,Rule,Closed
2004223,10312672,0,0.8,ML Model,Open
2004224,10330899,0,0.988,Manual,Open
2004225,10274824,0,0.262,Rule,Confirmed
2004226,10361284,1,0.544,Manual,False Positive
2004227,10063519,0,0.185,Rule,Closed
2004228,10108422,0,0.655,Rule,Open
2004229,10041648,0,0.044,ML Model,Closed
2004230,10193266,0,0.152,Manual,Confirmed
2004231,10184220,0,0.355,Manual,Confirmed
2004232,10374066,0,0.503,ML Model,Closed
2004233,10213089,0,0.079,ML Model,Confirmed
2004234,10179129,0,0.385,Manual,Confirmed
2004235,10175418,0,0.124,Manual,Open
2004236,10126782,0,0.2,Manual,False Positive
2004237,10127054,1,0.105,Rule,Confirmed
2004238,10134360,0,0.037,ML Model,False Positive
2004239,10241897,0,0.04,Rule,Closed
2004240,10165895,0,0.288,Manual,Confirmed
2004241,10256820,0,0.918,ML Model,Open
2004242,10322324,0,0.4,ML Model,Closed
2004243,10248578,0,0.959,ML Model,False Positive
2004244,10062123,0,0.426,Manual,False Positive
2004245,10377929,0,0.637,ML Model,Confirmed
2004246,10133583,0,0.846,ML Model,False Positive
2004247,10306305,0,0.097,Manual,Open
2004248,10094986,0,0.341,ML Model,Closed
2004249,10088022,0,0.614,ML Model,Confirmed
2004250,10384455,0,0.669,ML Model,Open
2004251,10331574,0,0.087,ML Model,False Positive
2004252,10084012,0,0.926,Rule,False Positive
2004253,10166203,0,0.604,ML Model,Closed
2004254,10139159,0,0.79,ML Model,False Positive
2004255,10333991,0,0.562,Rule,False Positive
2004256,10019671,0,0.071,ML Model,Closed
2004257,10397368,0,0.994,Manual,Open
2004258,10221074,0,0.041,ML Model,Confirmed
2004259,10092242,0,0.939,ML Model,Open
2004260,10282291,0,0.247,Rule,False Positive
2004261,10021383,0,0.597,Rule,Open
2004262,10369491,0,0.367,Manual,Closed
2004263,10277815,1,0.365,ML Model,Confirmed
2004264,10339498,0,0.389,Manual,Open
2004265,10134392,0,0.033,ML Model,False Positive
2004266,10218774,0,0.136,Rule,Confirmed
2004267,10140986,0,0.331,Manual,Closed
2004268,10016392,0,0.012,Manual,False Positive
2004269,10337898,0,0.814,Manual,False Positive
2004270,10079509,0,0.41,Manual,Confirmed
2004271,10339415,0,0.238,ML Model,Open
2004272,10256161,0,0.042,ML Model,Closed
2004273,10006611,0,0.155,Manual,False Positive
2004274,10234157,0,0.829,Manual,Closed
2004275,10150374,0,0.864,Manual,Open
2004276,10353896,0,0.557,Rule,Open
2004277,10008983,0,0.401,Rule,Closed
2004278,10351821,0,0.137,Rule,Open
2004279,10312722,0,0.142,Manual,Confirmed
2004280,10125079,0,0.441,Rule,Confirmed
2004281,10240141,0,0.086,Manual,Open
2004282,10059517,0,0.176,ML Model,Closed
2004283,10165040,0,0.481,Rule,Open
2004284,10071192,0,0.206,ML Model,False Positive
2004285,10120176,0,0.997,Rule,Closed
2004286,10150774,0,0.37,Manual,False Positive
2004287,10390412,1,0.918,ML Model,Open
2004288,10291862,0,0.55,ML Model,False Positive
2004289,10281095,0,0.541,Rule,Confirmed
2004290,10189441,0,0.404,ML Model,Closed
2004291,10183697,0,0.117,Manual,False Positive
2004292,10278076,0,0.221,Rule,Confirmed
2004293,10065420,0,0.908,Rule,False Positive
2004294,10238425,0,0.759,Manual,Confirmed
2004295,10114620,0,0.552,Manual,Open
2004296,10273428,0,0.723,Manual,Open
2004297,10353712,0,0.783,ML Model,False Positive
2004298,10083069,0,0.521,Rule,Open
2004299,10232189,1,0.055,ML Model,Closed
2004300,10022884,0,0.111,Rule,False Positive
2004301,10287198,1,0.92,ML Model,Closed
2004302,10313718,0,0.239,Rule,Confirmed
2004303,10320265,0,0.552,Rule,Confirmed
2004304,10085816,0,0.795,Manual,False Positive
2004305,10201290,0,0.938,ML Model,False Positive
2004306,10190966,0,0.252,ML Model,Confirmed
2004307,10099828,0,0.698,ML Model,Open
2004308,10023222,0,0.644,Rule,Confirmed
2004309,10126551,0,0.664,Rule,False Positive
2004310,10162971,1,0.984,ML Model,Open
2004311,10035322,0,0.805,Rule,Closed
2004312,10264006,0,0.32,Manual,False Positive
2004313,10308809,0,0.501,ML Model,Closed
2004314,10288446,0,0.848,ML Model,Open
2004315,10008533,0,0.064,Manual,Open
2004316,10048536,0,0.867,Rule,Open
2004317,10356909,0,0.226,Manual,Open
2004318,10127032,0,0.169,Manual,False Positive
2004319,10146047,0,0.259,ML Model,Confirmed
2004320,10188786,0,0.168,ML Model,False Positive
2004321,10295072,0,0.15,Rule,False Positive
2004322,10282578,0,0.306,Rule,Confirmed
2004323,10191727,0,0.568,ML Model,Closed
2004324,10297535,0,0.158,Manual,False Positive
2004325,10356028,0,0.069,ML Model,Closed
2004326,10090429,1,0.305,Manual,Closed
2004327,10204304,0,0.038,Rule,Open
2004328,10190898,0,0.834,ML Model,Open
2004329,10112299,0,0.196,Manual,Confirmed
2004330,10191422,0,0.209,Rule,Closed
2004331,10274774,0,0.39,ML Model,Closed
2004332,10196277,0,0.217,Rule,Closed
2004333,10154482,0,0.713,Manual,Open
2004334,10360661,0,0.41,Rule,False Positive
2004335,10291317,0,0.534,Rule,Confirmed
2004336,10136626,0,0.571,ML Model,Open
2004337,10064620,0,0.884,Manual,Confirmed
2004338,10057744,0,0.877,Manual,Open
2004339,10154269,0,0.725,ML Model,False Positive
2004340,10378729,1,0.352,Manual,Closed
2004341,10239884,0,0.252,ML Model,Closed
2004342,10055428,0,0.157,ML Model,Open
2004343,10264487,0,0.11,ML Model,False Positive
2004344,10111327,0,0.282,Rule,False Positive
2004345,10114144,0,0.332,Rule,False Positive
2004346,10299891,0,0.439,Manual,Open
2004347,10142158,0,0.372,ML Model,Open
2004348,10310129,0,0.347,Manual,Closed
2004349,10169645,0,0.329,Rule,Confirmed
2004350,10326476,0,0.853,ML Model,False Positive
2004351,10397324,0,0.999,ML Model,False Positive
2004352,10130829,0,0.066,ML Model,Open
2004353,10001963,0,0.086,Manual,False Positive
2004354,10187479,1,0.983,ML Model,False Positive
2004355,10104394,0,0.644,Rule,False Positive
2004356,10127174,0,0.992,Manual,False Positive
2004357,10105188,0,0.058,Manual,False Positive
2004358,10036001,0,0.179,Rule,Open
2004359,10027060,0,0.051,Rule,Closed
2004360,10057886,0,0.961,Manual,Confirmed
2004361,10065836,0,0.716,ML Model,Confirmed
2004362,10315891,0,0.848,ML Model,False Positive
2004363,10241878,0,0.977,Rule,Closed
2004364,10145846,0,0.49,Manual,Open
2004365,10273799,0,0.064,ML Model,Closed
2004366,10132586,0,0.798,ML Model,Open
2004367,10150619,0,0.58,Rule,Open
2004368,10155359,0,0.845,Rule,Closed
2004369,10304598,0,0.769,Manual,Confirmed
2004370,10107394,0,0.604,Manual,False Positive
2004371,10066450,0,0.649,ML Model,Open
2004372,10288006,0,0.755,Manual,Closed
2004373,10396747,0,0.594,ML Model,Open
2004374,10103579,0,0.168,Manual,Confirmed
2004375,10005828,0,0.137,Rule,False Positive
2004376,10237193,0,0.936,ML Model,False Positive
2004377,10130388,0,0.98,Rule,False Positive
2004378,10240361,0,0.476,Manual,Confirmed
2004379,10073345,0,0.121,Rule,False Positive
2004380,10291423,1,0.115,Rule,Open
2004381,10066428,0,0.716,Manual,Confirmed
2004382,10033671,0,0.398,Manual,Confirmed
2004383,10156109,0,0.01,Rule,Open
2004384,10310085,0,0.022,Manual,Confirmed
2004385,10263347,0,0.862,Rule,Confirmed
2004386,10138000,0,0.062,Manual,Open
2004387,10084185,0,0.549,Rule,Confirmed
2004388,10090044,0,0.708,Rule,Open
2004389,10111286,0,0.708,Manual,Confirmed
2004390,10240056,0,0.874,Manual,False Positive
2004391,10089985,0,0.058,Manual,Confirmed
2004392,10333588,0,0.252,Rule,Confirmed
2004393,10381457,0,0.383,ML Model,Confirmed
2004394,10109049,0,0.783,Rule,False Positive
2004395,10289817,0,0.817,Rule,False Positive
2004396,10285710,0,0.575,ML Model,Confirmed
2004397,10360505,0,0.218,ML Model,Confirmed
2004398,10020381,0,0.529,ML Model,Confirmed
2004399,10271452,0,0.146,ML Model,Confirmed
2004400,10385681,0,0.291,Rule,Closed
2004401,10096711,0,0.449,Manual,False Positive
2004402,10228041,0,0.384,Manual,Open
2004403,10009426,0,0.951,ML Model,Confirmed
2004404,10278133,0,0.441,Rule,Open
2004405,10229866,1,0.407,ML Model,Closed
2004406,10156204,0,0.071,ML Model,Confirmed
2004407,10213809,0,0.644,Rule,False Positive
2004408,10221589,0,0.055,Rule,Open
2004409,10045343,0,0.268,ML Model,Closed
2004410,10062827,0,0.72,ML Model,Open
2004411,10105220,0,0.745,Rule,Confirmed
2004412,10091235,0,0.891,Rule,Open
2004413,10378391,0,0.926,Manual,Closed
2004414,10268164,0,0.912,Manual,Confirmed
2004415,10107545,0,0.083,ML Model,Closed
2004416,10324869,0,0.194,Manual,Open
2004417,10040674,0,0.321,ML Model,False Positive
2004418,10275074,1,0.918,ML Model,Open
2004419,10123286,0,0.041,Manual,Open
2004420,10136344,0,0.745,Manual,Open
2004421,10207146,0,0.657,ML Model,Confirmed
2004422,10239399,0,0.974,ML Model,Closed
2004423,10094086,0,0.09,ML Model,Closed
2004424,10069680,0,0.527,Manual,False Positive
2004425,10249872,0,0.373,Manual,Confirmed
2004426,10338896,0,0.892,Manual,Open
2004427,10368373,0,0.749,Manual,Closed
2004428,10001954,0,0.59,Manual,Closed
2004429,10094864,0,0.884,Rule,Closed
2004430,10359620,0,0.315,Manual,False Positive
2004431,10014951,0,0.65,Manual,False Positive
2004432,10083055,0,0.475,ML Model,Confirmed
2004433,10294684,0,0.324,ML Model,Open
2004434,10344747,0,0.161,Manual,False Positive
2004435,10044406,0,0.223,Manual,Open
2004436,10061679,0,0.859,Manual,Closed
2004437,10098852,0,0.007,Rule,Open
2004438,10395095,0,0.757,ML Model,Closed
2004439,10109773,0,0.229,Rule,Confirmed
2004440,10022893,0,0.256,Rule,Confirmed
2004441,10070803,0,0.072,ML Model,Open
2004442,10295410,0,0.772,ML Model,Open
2004443,10336676,0,0.194,Manual,Closed
2004444,10219582,0,0.172,Rule,Open
2004445,10375841,0,0.26,Manual,Confirmed
2004446,10212292,1,0.72,Rule,Open
2004447,10395626,0,0.247,ML Model,False Positive
2004448,10287675,0,0.658,ML Model,Open
2004449,10025680,0,0.488,ML Model,Closed
2004450,10296736,0,0.266,Rule,False Positive
2004451,10300960,0,0.892,ML Model,Confirmed
2004452,10013132,0,0.321,ML Model,Confirmed
2004453,10296027,0,0.589,ML Model,Closed
2004454,10215548,0,0.376,Rule,Confirmed
2004455,10206241,0,0.648,ML Model,Closed
2004456,10368034,0,0.83,Rule,Open
2004457,10267765,0,0.572,Rule,False Positive
2004458,10320386,0,0.456,Manual,False Positive
2004459,10323283,0,0.595,Manual,Closed
2004460,10115282,0,0.745,Manual,Closed
2004461,10293675,0,0.35,ML Model,False Positive
2004462,10339216,0,0.967,ML Model,False Positive
2004463,10226035,0,0.612,ML Model,Closed
2004464,10292979,0,0.866,Rule,Closed
2004465,10356341,0,0.039,Rule,False Positive
2004466,10095710,0,0.36,Manual,Confirmed
2004467,10034591,1,0.02,Rule,False Positive
2004468,10370659,0,0.314,Manual,Open
2004469,10039320,0,0.931,Rule,Closed
2004470,10296456,0,0.584,Rule,Confirmed
2004471,10038887,0,0.418,Manual,Confirmed
2004472,10179491,1,0.024,Rule,Closed
2004473,10086278,0,0.844,ML Model,Open
2004474,10359452,0,0.55,ML Model,False Positive
2004475,10291886,0,0.867,ML Model,Closed
2004476,10367650,0,0.118,ML Model,Closed
2004477,10387527,0,0.444,Manual,Closed
2004478,10212714,1,0.039,Rule,False Positive
2004479,10273483,0,0.964,Rule,False Positive
2004480,10116639,0,0.652,ML Model,False Positive
2004481,10037386,1,0.926,ML Model,Confirmed
2004482,10245616,0,0.234,Manual,Open
2004483,10093432,0,0.461,Manual,Open
2004484,10066659,0,0.38,Manual,Open
2004485,10101484,0,0.982,ML Model,Confirmed
2004486,10363760,0,0.323,Rule,Confirmed
2004487,10268795,0,0.873,ML Model,Confirmed
2004488,10370170,0,0.383,ML Model,Closed
2004489,10174584,0,0.219,ML Model,False Positive
2004490,10397761,0,0.601,Rule,False Positive
2004491,10110857,0,0.56,Rule,Open
2004492,10208891,0,0.071,Rule,Closed
2004493,10388632,0,0.685,ML Model,Open
2004494,10347793,0,0.048,ML Model,Confirmed
2004495,10244028,0,0.797,Rule,Open
2004496,10184453,0,0.705,Manual,False Positive
2004497,10296708,0,0.543,Rule,Closed
2004498,10201226,0,0.058,Manual,Confirmed
2004499,10396205,0,0.979,Rule,Confirmed
2004500,10398799,0,0.313,Manual,False Positive
2004501,10188334,0,0.665,Rule,False Positive
2004502,10040839,0,0.779,Rule,Open
2004503,10011855,0,0.938,ML Model,Open
2004504,10181131,0,0.027,Manual,False Positive
2004505,10180732,1,0.635,Manual,Closed
2004506,10278103,0,0.313,ML Model,Confirmed
2004507,10014215,0,0.407,Rule,Closed
2004508,10131189,0,0.804,Manual,Open
2004509,10284431,0,0.099,Manual,Confirmed
2004510,10070339,0,0.166,ML Model,Open
2004511,10149102,0,0.184,ML Model,False Positive
2004512,10118587,0,0.082,Rule,Closed
2004513,10258339,0,0.162,Rule,Closed
2004514,10374002,0,0.578,ML Model,Open
2004515,10073323,0,0.143,ML Model,Closed
2004516,10256042,0,0.777,Rule,Confirmed
2004517,10176879,0,0.35,ML Model,Open
2004518,10354022,0,0.4,Rule,False Positive
2004519,10178783,0,0.44,Manual,Closed
2004520,10045936,0,0.393,Rule,Open
2004521,10076214,0,0.666,Manual,Closed
2004522,10102578,0,0.979,ML Model,Open
2004523,10314800,0,0.642,ML Model,False Positive
2004524,10224563,0,0.921,ML Model,Confirmed
2004525,10162091,1,0.629,Manual,Confirmed
2004526,10087989,0,0.841,Manual,Closed
2004527,10223986,0,0.618,ML Model,Confirmed
2004528,10226180,0,0.723,Manual,Open
2004529,10107159,0,0.379,Manual,Open
2004530,10149292,0,0.486,ML Model,Confirmed
2004531,10139266,0,0.234,ML Model,False Positive
2004532,10197809,0,0.999,ML Model,False Positive
2004533,10278839,0,0.409,Rule,Closed
2004534,10372525,0,0.258,ML Model,Closed
2004535,10183481,0,0.461,Manual,Open
2004536,10087170,0,0.646,Rule,Open
2004537,10036982,0,0.266,Rule,Open
2004538,10389938,1,0.219,Manual,Open
2004539,10012804,0,0.365,Manual,Confirmed
2004540,10285533,0,0.683,Rule,Open
2004541,10018889,0,0.996,Manual,Confirmed
2004542,10025817,0,0.218,Manual,Open
2004543,10267628,0,0.082,ML Model,False Positive
2004544,10348823,0,0.471,Manual,Closed
2004545,10294803,0,0.755,Manual,False Positive
2004546,10273074,0,0.77,Manual,Confirmed
2004547,10141802,0,0.902,Manual,Closed
2004548,10213883,0,0.655,Manual,False Positive
2004549,10285446,1,0.065,Manual,Confirmed
2004550,10065048,0,0.142,Rule,Closed
2004551,10134934,0,0.85,Manual,Open
2004552,10269435,1,0.369,Manual,False Positive
2004553,10317163,0,0.233,Rule,Confirmed
2004554,10235511,0,0.318,Manual,False Positive
2004555,10069846,0,0.945,Rule,Open
2004556,10281255,0,0.906,Rule,Closed
2004557,10078999,0,0.77,Manual,Open
2004558,10278250,0,0.373,Rule,Open
2004559,10080176,0,0.976,Manual,Closed
2004560,10234963,0,0.162,ML Model,False Positive
2004561,10284071,1,0.602,ML Model,Open
2004562,10322104,1,0.099,ML Model,Confirmed
2004563,10231040,0,0.839,ML Model,Open
2004564,10168295,0,0.618,Manual,Closed
2004565,10284744,0,0.098,Manual,Open
2004566,10382470,0,0.415,ML Model,Open
2004567,10107181,0,0.838,ML Model,Confirmed
2004568,10233528,0,0.914,Manual,Closed
2004569,10141211,0,0.564,Manual,False Positive
2004570,10366080,0,0.015,Rule,Open
2004571,10145265,0,0.477,Manual,Open
2004572,10137815,0,0.994,ML Model,False Positive
2004573,10393386,0,0.223,ML Model,Open
2004574,10193873,0,0.911,Manual,Confirmed
2004575,10000139,0,0.064,Rule,Confirmed
2004576,10378414,0,0.884,Rule,False Positive
2004577,10247759,0,0.225,Rule,Open
2004578,10233327,0,0.976,ML Model,Confirmed
2004579,10326769,0,0.879,Rule,Closed
2004580,10253960,1,0.584,ML Model,False Positive
2004581,10156985,0,0.812,Rule,Closed
2004582,10018673,1,0.505,Manual,False Positive
2004583,10346309,0,0.027,ML Model,Closed
2004584,10392081,0,0.269,Rule,Confirmed
2004585,10131085,0,0.658,ML Model,Confirmed
2004586,10003753,0,0.54,ML Model,Confirmed
2004587,10339276,0,0.201,ML Model,Open
2004588,10104260,0,0.094,Rule,False Positive
2004589,10366648,1,0.766,Rule,False Positive
2004590,10089326,0,0.957,Rule,Open
2004591,10065275,0,0.688,Manual,Closed
2004592,10153602,0,0.923,Manual,Closed
2004593,10070337,0,0.595,Manual,False Positive
2004594,10227990,0,0.278,Manual,Closed
2004595,10254848,0,0.805,ML Model,Open
2004596,10360073,0,0.444,ML Model,Open
2004597,10012119,0,0.678,Rule,False Positive
2004598,10276382,0,0.705,Manual,Confirmed
2004599,10192477,0,0.26,Rule,False Positive
2004600,10235310,0,0.354,Rule,False Positive
2004601,10234098,0,0.179,Rule,Closed
2004602,10345926,0,0.404,Rule,Confirmed
2004603,10207793,0,0.657,Manual,Confirmed
2004604,10095905,0,0.578,Rule,Closed
2004605,10157767,0,0.683,ML Model,Open
2004606,10136867,0,0.903,Manual,Closed
2004607,10164931,0,0.63,Manual,Open
2004608,10265874,1,0.03,Manual,Closed
2004609,10237836,0,0.565,ML Model,Closed
2004610,10304253,0,0.566,Manual,Confirmed
2004611,10115880,0,0.458,ML Model,Open
2004612,10081192,0,0.907,Rule,Open
2004613,10375901,0,0.051,Manual,Open
2004614,10110337,0,0.457,Rule,Open
2004615,10096838,0,0.453,Rule,Closed
2004616,10004716,1,0.478,Rule,Open
2004617,10178950,0,0.62,Rule,Confirmed
2004618,10361632,0,0.034,Manual,False Positive
2004619,10007066,0,0.141,Manual,Closed
2004620,10086709,0,0.926,Manual,Closed
2004621,10223452,0,0.418,ML Model,Confirmed
2004622,10293742,1,0.0,Rule,Open
2004623,10263321,0,0.783,Manual,Open
2004624,10124316,1,0.382,ML Model,Closed
2004625,10114375,0,0.302,ML Model,Open
2004626,10029746,0,0.775,Manual,Confirmed
2004627,10295274,0,0.872,Manual,Open
2004628,10309652,0,0.797,Manual,Confirmed
2004629,10286875,0,0.404,Manual,Closed
2004630,10041812,0,0.504,Manual,Confirmed
2004631,10163600,0,0.359,Manual,Open
2004632,10296692,0,0.444,Rule,Open
2004633,10138967,0,0.742,Rule,Closed
2004634,10333803,0,0.072,Manual,Open
2004635,10357250,0,0.768,Rule,False Positive
2004636,10342408,0,0.403,ML Model,Closed
2004637,10260013,0,0.966,Manual,Confirmed
2004638,10139551,1,0.097,Rule,Closed
2004639,10327720,0,0.311,ML Model,Confirmed
2004640,10313391,0,0.255,ML Model,False Positive
2004641,10107769,0,0.89,ML Model,Open
2004642,10166834,1,0.059,Manual,Closed
2004643,10290957,0,0.313,ML Model,False Positive
2004644,10349209,0,0.476,Rule,False Positive
2004645,10116039,0,0.006,Manual,Open
2004646,10145339,0,0.793,Rule,Open
2004647,10382150,1,0.596,Rule,Confirmed
2004648,10248130,0,0.223,ML Model,Open
2004649,10295897,0,0.962,Rule,Confirmed
2004650,10244961,0,0.038,ML Model,Closed
2004651,10197833,0,0.175,ML Model,False Positive
2004652,10071413,0,0.574,ML Model,False Positive
2004653,10074003,0,0.297,Rule,False Positive
2004654,10095215,0,0.479,Rule,False Positive
2004655,10365015,0,0.639,ML Model,Open
2004656,10122572,0,0.346,Rule,Closed
2004657,10133730,0,0.729,Manual,Closed
2004658,10107034,0,0.359,Rule,Open
2004659,10083025,0,0.698,Rule,Open
2004660,10228046,0,0.564,ML Model,Closed
2004661,10125913,0,0.847,Manual,Confirmed
2004662,10162941,0,0.312,Rule,Confirmed
2004663,10065605,0,0.099,Rule,Closed
2004664,10190038,0,0.327,Manual,Confirmed
2004665,10352352,0,0.526,ML Model,False Positive
2004666,10324378,0,0.974,Rule,Confirmed
2004667,10197649,0,0.243,ML Model,Closed
2004668,10172148,0,0.003,Manual,Open
2004669,10159972,0,0.577,Manual,Open
2004670,10177239,0,0.873,Rule,Confirmed
2004671,10295592,0,0.67,Manual,Open
2004672,10195819,0,0.182,Manual,Closed
2004673,10155899,0,0.724,ML Model,False Positive
2004674,10149464,0,0.902,Manual,Open
2004675,10166073,0,0.9,ML Model,Confirmed
2004676,10281792,1,0.127,Manual,Closed
2004677,10268052,0,0.247,Rule,Closed
2004678,10050791,0,0.001,Manual,Open
2004679,10261832,0,0.837,Manual,Open
2004680,10331183,0,0.466,ML Model,Open
2004681,10082837,0,0.479,Rule,Closed
2004682,10303576,0,0.523,Manual,Open
2004683,10371709,0,0.387,Rule,Closed
2004684,10206821,0,0.056,Rule,Closed
2004685,10307498,0,0.536,ML Model,Confirmed
2004686,10304865,0,0.075,Manual,Open
2004687,10255955,0,0.654,Rule,Open
2004688,10201357,0,0.314,Manual,Closed
2004689,10373430,0,0.534,Rule,False Positive
2004690,10067778,0,0.855,ML Model,Closed
2004691,10051647,0,0.63,Manual,Open
2004692,10284205,0,0.103,Manual,Confirmed
2004693,10313096,1,0.586,Rule,Closed
2004694,10245485,0,0.702,Rule,False Positive
2004695,10391204,0,0.207,Rule,Confirmed
2004696,10063051,0,0.325,Rule,Confirmed
2004697,10317100,0,0.112,Manual,Open
2004698,10246693,0,0.698,ML Model,Closed
2004699,10027682,1,0.55,ML Model,Closed
2004700,10086408,0,0.042,Manual,Open
2004701,10099736,0,0.897,Manual,Closed
2004702,10142775,0,0.96,Manual,Confirmed
2004703,10081553,1,0.088,Manual,Closed
2004704,10173047,0,0.22,Manual,Closed
2004705,10398097,0,0.401,ML Model,Closed
2004706,10160944,0,0.479,Manual,False Positive
2004707,10049274,0,0.122,Rule,Closed
2004708,10288570,0,0.892,Manual,False Positive
2004709,10030490,0,0.016,Manual,Closed
2004710,10209785,0,0.026,Rule,Closed
2004711,10339340,1,0.917,Manual,Open
2004712,10190315,0,0.775,Manual,Closed
2004713,10007235,0,0.19,ML Model,Closed
2004714,10192823,1,0.859,Manual,Closed
2004715,10294138,0,0.869,Manual,Confirmed
2004716,10094752,0,0.522,Rule,Confirmed
2004717,10231779,0,0.97,Rule,Open
2004718,10106610,1,0.234,Manual,Confirmed
2004719,10067468,1,0.926,ML Model,False Positive
2004720,10128771,0,0.511,ML Model,Confirmed
2004721,10140717,0,0.184,Manual,False Positive
2004722,10170433,0,0.844,Manual,Closed
2004723,10223367,0,0.641,Manual,False Positive
2004724,10188065,0,0.845,ML Model,Open
2004725,10389068,0,0.945,ML Model,False Positive
2004726,10133871,0,0.245,ML Model,False Positive
2004727,10019665,0,0.633,ML Model,False Positive
2004728,10168054,0,0.202,Manual,False Positive
2004729,10317343,0,0.543,Rule,Confirmed
2004730,10161596,0,0.067,ML Model,Open
2004731,10159780,0,0.041,Manual,False Positive
2004732,10326488,0,0.986,Manual,False Positive
2004733,10149175,0,0.995,Manual,False Positive
2004734,10382635,1,0.637,ML Model,Closed
2004735,10027308,0,0.353,Rule,False Positive
2004736,10110367,0,0.133,Rule,Closed
2004737,10276923,0,0.691,Rule,Open
2004738,10089594,0,0.138,ML Model,Closed
2004739,10057659,0,0.858,Rule,False Positive
2004740,10325670,0,0.858,Rule,Closed
2004741,10244189,0,0.333,ML Model,Open
2004742,10078719,0,0.578,ML Model,False Positive
2004743,10302970,0,0.818,ML Model,False Positive
2004744,10194972,0,0.841,Manual,Open
2004745,10196136,0,0.621,Manual,Confirmed
2004746,10018333,0,0.585,Rule,Closed
2004747,10355038,0,0.31,Manual,Open
2004748,10278271,0,0.192,ML Model,Closed
2004749,10239171,0,0.885,ML Model,Confirmed
2004750,10298370,0,0.322,ML Model,Confirmed
2004751,10175658,0,0.925,ML Model,Confirmed
2004752,10231317,1,0.952,ML Model,Confirmed
2004753,10221506,0,0.201,Rule,False Positive
2004754,10237961,0,0.235,Rule,Confirmed
2004755,10349110,0,0.4,ML Model,Confirmed
2004756,10119480,0,0.927,Manual,False Positive
2004757,10050555,0,0.737,ML Model,Confirmed
2004758,10348708,1,0.597,ML Model,False Positive
2004759,10278521,0,0.421,Manual,Confirmed
2004760,10013614,0,0.272,Rule,Open
2004761,10020839,0,0.574,ML Model,False Positive
2004762,10311268,0,0.477,ML Model,Closed
2004763,10188694,0,0.432,Rule,False Positive
2004764,10320897,0,0.624,Manual,Open
2004765,10169141,0,0.098,ML Model,Open
2004766,10305633,1,0.503,Manual,Open
2004767,10001468,0,0.406,Manual,Closed
2004768,10102399,0,0.712,ML Model,Open
2004769,10346093,0,0.301,Manual,Closed
2004770,10038253,0,0.062,Manual,False Positive
2004771,10148881,0,0.411,Manual,Confirmed
2004772,10272877,0,0.746,Rule,False Positive
2004773,10033294,0,0.824,Manual,Closed
2004774,10224831,0,0.775,ML Model,Confirmed
2004775,10156792,0,0.472,Manual,Open
2004776,10324437,0,0.219,Manual,Closed
2004777,10365713,0,0.622,Rule,Open
2004778,10298649,0,0.936,Rule,False Positive
2004779,10137996,0,0.611,Rule,Open
2004780,10265757,0,0.039,Manual,Open
2004781,10098144,0,0.543,ML Model,Confirmed
2004782,10284811,0,0.376,Manual,False Positive
2004783,10011556,0,0.008,Rule,Confirmed
2004784,10004181,0,0.579,Manual,Closed
2004785,10131222,0,0.646,ML Model,Closed
2004786,10230494,1,0.379,Manual,Confirmed
2004787,10171224,0,0.953,ML Model,Closed
2004788,10153976,0,0.131,Manual,False Positive
2004789,10074731,0,0.011,Rule,Open
2004790,10261587,1,0.841,ML Model,Closed
2004791,10072592,0,0.058,Rule,Open
2004792,10144850,0,0.33,Manual,Closed
2004793,10113682,0,0.682,Manual,Closed
2004794,10220772,0,0.126,Rule,False Positive
2004795,10319976,0,0.509,ML Model,Open
2004796,10288569,0,0.451,Manual,False Positive
2004797,10160570,0,0.585,Manual,False Positive
2004798,10227207,1,0.64,ML Model,Closed
2004799,10171930,0,0.158,ML Model,Confirmed
2004800,10245129,0,0.038,Rule,Open
2004801,10126710,1,0.455,Manual,Open
2004802,10227831,1,0.611,ML Model,Open
2004803,10010402,0,0.685,Manual,Open
2004804,10026909,0,0.033,ML Model,Open
2004805,10189118,0,0.412,Manual,Confirmed
2004806,10154363,0,0.728,ML Model,False Positive
2004807,10363972,0,0.332,ML Model,Confirmed
2004808,10346281,0,0.309,ML Model,False Positive
2004809,10283097,0,0.641,Rule,False Positive
2004810,10138372,0,0.445,Rule,Open
2004811,10180282,0,0.885,Manual,Open
2004812,10151366,0,0.716,Manual,Confirmed
2004813,10094867,0,0.77,Manual,False Positive
2004814,10282236,0,0.254,ML Model,Confirmed
2004815,10083871,0,0.418,Manual,Open
2004816,10347571,0,0.634,Rule,Closed
2004817,10161196,0,0.485,ML Model,Confirmed
2004818,10244694,0,0.041,ML Model,Open
2004819,10155962,0,0.202,ML Model,False Positive
2004820,10388885,0,0.274,ML Model,Closed
2004821,10342885,0,0.077,Manual,False Positive
2004822,10220731,0,0.194,Rule,Open
2004823,10033362,0,0.591,ML Model,False Positive
2004824,10058124,0,0.617,Manual,Confirmed
2004825,10113014,0,0.322,Rule,Confirmed
2004826,10331650,0,0.452,ML Model,Closed
2004827,10058896,0,0.49,Manual,Closed
2004828,10126362,0,0.092,Manual,Open
2004829,10149390,0,0.229,ML Model,Confirmed
2004830,10142523,0,0.43,ML Model,Confirmed
2004831,10053131,1,0.189,Rule,Open
2004832,10268468,0,0.642,ML Model,False Positive
2004833,10066916,0,0.875,Manual,Closed
2004834,10002827,0,0.397,Rule,Open
2004835,10343998,0,0.323,Rule,Confirmed
2004836,10290103,0,0.992,Rule,Closed
2004837,10170171,0,0.798,Manual,Open
2004838,10213823,0,0.408,Manual,False Positive
2004839,10189821,0,0.199,Rule,False Positive
2004840,10123337,0,0.517,Manual,Open
2004841,10213832,0,0.908,ML Model,False Positive
2004842,10149977,0,0.321,ML Model,Confirmed
2004843,10263609,0,0.178,Rule,Confirmed
2004844,10311277,0,0.54,Rule,Closed
2004845,10070266,0,0.133,ML Model,Closed
2004846,10014121,0,0.78,Rule,False Positive
2004847,10171151,0,0.045,Manual,Open
2004848,10080175,0,0.284,Manual,Open
2004849,10041869,0,0.508,Manual,Open
2004850,10137812,0,0.564,Rule,Confirmed
2004851,10312682,0,0.892,Rule,Closed
2004852,10303887,0,0.143,Rule,Closed
2004853,10234867,0,0.32,ML Model,Open
2004854,10128906,0,0.006,ML Model,Open
2004855,10022634,0,0.149,ML Model,Closed
2004856,10363212,0,0.872,Rule,Confirmed
2004857,10303995,0,0.816,Rule,Confirmed
2004858,10194239,0,0.547,ML Model,Confirmed
2004859,10393297,0,0.313,Rule,False Positive
2004860,10174365,0,0.179,ML Model,Open
2004861,10124772,0,0.734,Manual,False Positive
2004862,10297342,0,0.409,Manual,Open
2004863,10003911,1,0.773,Rule,Open
2004864,10237195,0,0.293,ML Model,Confirmed
2004865,10331897,0,0.988,Manual,Closed
2004866,10162186,0,0.876,Manual,Closed
2004867,10307432,0,0.267,Manual,Closed
2004868,10148101,0,0.286,ML Model,Closed
2004869,10166146,0,0.284,Rule,False Positive
2004870,10037672,0,0.253,Rule,Open
2004871,10228181,0,0.101,Rule,Open
2004872,10174801,0,0.325,Rule,Confirmed
2004873,10355627,0,0.936,Rule,Confirmed
2004874,10158670,0,0.7,ML Model,False Positive
2004875,10306824,0,0.221,ML Model,Open
2004876,10247525,0,0.621,Rule,Open
2004877,10324454,0,0.909,Rule,Confirmed
2004878,10173520,0,0.61,ML Model,False Positive
2004879,10126113,0,0.942,ML Model,False Positive
2004880,10271822,1,0.388,ML Model,Closed
2004881,10323622,0,0.887,Rule,Open
2004882,10054872,0,0.201,ML Model,Confirmed
2004883,10187178,0,0.948,ML Model,Open
2004884,10011187,0,0.533,Manual,Open
2004885,10078581,0,0.289,Rule,Open
2004886,10213508,0,0.135,Rule,Closed
2004887,10332879,0,0.536,Manual,False Positive
2004888,10246458,0,0.167,Rule,Closed
2004889,10284098,0,0.276,Manual,Confirmed
2004890,10072862,0,0.23,Rule,Confirmed
2004891,10363381,0,0.041,Rule,Open
2004892,10285774,0,0.337,ML Model,Confirmed
2004893,10172743,0,0.302,Rule,Closed
2004894,10028777,0,0.91,Manual,Open
2004895,10117184,0,0.337,Rule,Open
2004896,10293480,0,0.127,Rule,False Positive
2004897,10016588,0,0.924,ML Model,Open
2004898,10001319,0,0.416,Manual,False Positive
2004899,10328235,0,0.696,Manual,False Positive
2004900,10220372,0,0.357,ML Model,Closed
2004901,10149657,0,0.709,Rule,Confirmed
2004902,10160587,0,0.473,Rule,False Positive
2004903,10001910,0,0.264,Manual,False Positive
2004904,10188596,0,0.015,Manual,Open
2004905,10059885,0,0.807,Rule,Confirmed
2004906,10089078,0,0.042,Rule,False Positive
2004907,10239987,0,0.659,Manual,Confirmed
2004908,10391776,0,0.813,Manual,Open
2004909,10359137,0,0.064,Manual,Closed
2004910,10280096,0,0.312,Rule,False Positive
2004911,10394451,0,0.305,Rule,Confirmed
2004912,10097912,0,0.407,Manual,False Positive
2004913,10276217,0,0.173,ML Model,False Positive
2004914,10105332,0,0.231,ML Model,False Positive
2004915,10204354,0,0.037,Manual,Confirmed
2004916,10014015,0,0.084,Manual,Closed
2004917,10355741,1,0.042,Rule,Confirmed
2004918,10108605,0,0.967,Rule,Confirmed
2004919,10203847,0,0.946,ML Model,Confirmed
2004920,10149691,0,0.933,ML Model,Open
2004921,10140429,0,0.506,Manual,Open
2004922,10375234,0,0.557,Manual,Confirmed
2004923,10049567,0,0.48,ML Model,Closed
2004924,10374953,0,0.888,Manual,False Positive
2004925,10149241,0,0.743,ML Model,Closed
2004926,10263584,0,0.637,Manual,Open
2004927,10320971,0,0.739,ML Model,False Positive
2004928,10081617,1,0.351,ML Model,False Positive
2004929,10171321,0,0.384,ML Model,Confirmed
2004930,10139475,0,0.991,Manual,Open
2004931,10244123,0,0.558,Manual,Open
2004932,10240569,0,0.906,Rule,Closed
2004933,10351966,0,0.685,Manual,False Positive
2004934,10392939,0,0.896,ML Model,False Positive
2004935,10068793,0,0.644,Rule,Closed
2004936,10235994,0,0.939,Rule,Open
2004937,10193376,0,0.491,ML Model,Closed
2004938,10314258,0,0.014,ML Model,Closed
2004939,10026759,1,0.106,Rule,Closed
2004940,10330636,0,0.574,Rule,Confirmed
2004941,10097618,0,0.752,ML Model,Confirmed
2004942,10380290,0,0.311,Rule,False Positive
2004943,10190188,1,0.199,Manual,Closed
2004944,10264218,1,0.161,Manual,Open
2004945,10308448,0,0.703,ML Model,Confirmed
2004946,10124706,0,0.133,Manual,Open
2004947,10098265,0,0.631,ML Model,Closed
2004948,10190536,0,0.517,Manual,Closed
2004949,10390127,0,0.799,ML Model,Open
2004950,10284399,0,0.233,ML Model,Open
2004951,10089297,0,0.859,Rule,False Positive
2004952,10330478,0,0.321,ML Model,Open
2004953,10269880,0,0.895,Rule,Open
2004954,10071351,0,0.736,Rule,Confirmed
2004955,10342103,0,0.454,Manual,Open
2004956,10181336,1,0.428,Rule,Confirmed
2004957,10176346,0,0.53,Rule,Open
2004958,10375221,0,0.052,ML Model,Closed
2004959,10215454,0,0.555,Rule,Confirmed
2004960,10324306,0,0.188,ML Model,Closed
2004961,10139007,0,0.258,Rule,Closed
2004962,10022471,0,0.065,Manual,Open
2004963,10001157,0,0.702,Manual,Open
2004964,10056162,0,0.9,Rule,Confirmed
2004965,10344426,0,0.511,Rule,Confirmed
2004966,10209508,0,0.179,Rule,Closed
2004967,10067213,0,0.301,Manual,False Positive
2004968,10268179,0,0.51,Rule,Confirmed
2004969,10340319,0,0.937,ML Model,Open
2004970,10326014,1,0.035,Rule,Closed
2004971,10373500,0,0.847,ML Model,Closed
2004972,10113798,0,0.894,Manual,Open
2004973,10323728,1,0.689,Rule,Closed
2004974,10134255,0,0.54,Manual,False Positive
2004975,10080210,0,0.365,ML Model,False Positive
2004976,10390585,0,0.404,Rule,Closed
2004977,10349590,1,0.936,Rule,False Positive
2004978,10119383,0,0.522,Manual,False Positive
2004979,10394118,0,0.296,Rule,False Positive
2004980,10259753,0,0.046,ML Model,Confirmed
2004981,10246425,0,0.424,Rule,Open
2004982,10138099,0,0.614,Manual,Closed
2004983,10016964,0,0.241,Rule,Closed
2004984,10208214,0,0.324,Rule,Open
2004985,10385182,0,0.236,ML Model,Open
2004986,10339714,0,0.96,Manual,Closed
2004987,10029684,0,0.322,ML Model,Confirmed
2004988,10356813,0,0.53,Rule,Open
2004989,10303182,0,0.904,ML Model,Open
2004990,10092813,0,0.91,ML Model,Open
2004991,10253173,0,0.916,Rule,Open
2004992,10345209,1,0.169,ML Model,Open
2004993,10293744,0,0.026,Manual,False Positive
2004994,10098126,1,0.108,ML Model,Closed
2004995,10083122,0,0.025,ML Model,False Positive
2004996,10219009,0,0.469,ML Model,Confirmed
2004997,10034535,0,0.259,Rule,False Positive
2004998,10305553,0,0.949,Manual,False Positive
2004999,10070491,0,0.812,Manual,Closed
2005000,10049737,0,0.62,Manual,Confirmed
2005001,10399907,0,0.546,Rule,False Positive
2005002,10022512,0,0.936,Manual,False Positive
2005003,10151908,0,0.257,Manual,Open
2005004,10117819,0,0.083,ML Model,Closed
2005005,10245620,0,0.162,Manual,Open
2005006,10310450,0,0.697,Rule,Closed
2005007,10145837,0,0.355,ML Model,Closed
2005008,10315690,0,0.632,Manual,Confirmed
2005009,10288877,1,0.497,Rule,Closed
2005010,10131311,0,0.646,Manual,Closed
2005011,10284855,1,0.467,ML Model,Open
2005012,10020240,0,0.802,Manual,Open
2005013,10099904,0,0.919,Manual,False Positive
2005014,10251592,0,0.319,Rule,False Positive
2005015,10266520,0,0.783,Rule,False Positive
2005016,10089512,0,0.524,Manual,False Positive
2005017,10121694,0,0.442,Manual,False Positive
2005018,10386147,0,0.579,Manual,Open
2005019,10065042,0,0.603,Rule,Closed
2005020,10162746,0,0.985,Rule,Closed
2005021,10078798,0,0.057,Manual,Open
2005022,10036858,0,0.287,ML Model,Open
2005023,10176354,0,0.742,Rule,False Positive
2005024,10386383,0,0.857,Manual,Confirmed
2005025,10209568,0,0.411,ML Model,Closed
2005026,10082764,0,0.415,ML Model,Confirmed
2005027,10323958,0,0.635,ML Model,Closed
2005028,10286173,0,0.24,ML Model,Confirmed
2005029,10359374,0,0.165,Manual,False Positive
2005030,10312203,0,0.642,Rule,Confirmed
2005031,10205474,1,0.553,ML Model,False Positive
2005032,10237805,0,0.926,Manual,Open
2005033,10327304,0,0.235,Rule,Closed
2005034,10240639,0,0.455,Manual,False Positive
2005035,10249985,0,0.636,Manual,False Positive
2005036,10080977,0,0.038,Rule,False Positive
2005037,10071347,0,0.381,ML Model,Open
2005038,10339369,0,0.786,ML Model,Confirmed
2005039,10236127,0,0.461,ML Model,Closed
2005040,10047773,0,0.611,ML Model,Open
2005041,10071129,0,0.161,Manual,False Positive
2005042,10218962,0,0.146,Rule,Confirmed
2005043,10131892,0,0.337,Rule,Open
2005044,10147588,0,0.678,Rule,Confirmed
2005045,10130615,0,0.28,Rule,Closed
2005046,10243168,0,0.693,Manual,Confirmed
2005047,10139105,0,0.632,ML Model,Closed
2005048,10278640,0,0.853,Rule,Open
2005049,10043079,0,0.95,ML Model,Open
2005050,10365945,0,0.434,Rule,False Positive
2005051,10399951,0,0.051,Manual,Confirmed
2005052,10359724,0,0.907,Rule,Open
2005053,10397162,0,0.938,Rule,Confirmed
2005054,10235332,0,0.326,Rule,Confirmed
2005055,10184858,0,0.777,ML Model,False Positive
2005056,10032932,0,0.677,ML Model,Closed
2005057,10035739,0,0.262,ML Model,Open
2005058,10223186,0,0.596,ML Model,False Positive
2005059,10324770,0,0.774,Rule,Closed
2005060,10272919,0,0.827,Rule,Open
2005061,10352019,0,0.445,Rule,False Positive
2005062,10313613,0,0.744,Manual,Confirmed
2005063,10118818,0,0.104,Rule,Open
2005064,10311187,0,0.851,Manual,False Positive
2005065,10312292,0,0.027,Manual,Confirmed
2005066,10332021,0,0.334,Manual,Closed
2005067,10084839,0,0.116,ML Model,False Positive
2005068,10135414,0,0.791,ML Model,Open
2005069,10355243,0,0.601,Manual,False Positive
2005070,10249907,0,0.726,Manual,Confirmed
2005071,10149543,0,0.107,Rule,False Positive
2005072,10248897,0,0.048,Manual,Closed
2005073,10012400,0,0.438,ML Model,Confirmed
2005074,10103112,0,0.749,Rule,Confirmed
2005075,10184351,0,0.658,Manual,Confirmed
2005076,10248659,0,0.667,Manual,Closed
2005077,10064187,0,0.686,Manual,Closed
2005078,10004358,0,0.36,ML Model,Open
2005079,10230277,0,0.599,Manual,Closed
2005080,10149666,0,0.831,Rule,False Positive
2005081,10177667,0,0.794,Manual,Closed
2005082,10050331,0,0.679,Manual,False Positive
2005083,10352465,0,0.175,ML Model,Closed
2005084,10025986,0,0.681,Rule,Closed
2005085,10291279,0,0.21,ML Model,Confirmed
2005086,10283266,0,0.486,Rule,Closed
2005087,10199708,0,0.285,Manual,False Positive
2005088,10320289,0,0.291,Rule,Confirmed
2005089,10175615,0,0.646,ML Model,Closed
2005090,10140889,0,0.836,Rule,Open
2005091,10005637,0,0.714,Rule,Confirmed
2005092,10247146,0,0.59,ML Model,False Positive
2005093,10072672,1,0.257,Rule,Closed
2005094,10051137,0,0.32,ML Model,Confirmed
2005095,10205711,0,0.305,ML Model,Closed
2005096,10018826,0,0.363,Rule,Confirmed
2005097,10014493,0,0.447,Manual,Open
2005098,10061243,0,0.017,Manual,Closed
2005099,10088566,0,0.106,ML Model,Closed
2005100,10242582,1,0.071,Rule,Open
2005101,10091377,0,0.423,Rule,Closed
2005102,10375817,1,0.99,ML Model,Closed
2005103,10134595,0,0.663,Rule,Confirmed
2005104,10332293,0,0.083,Rule,Closed
2005105,10328138,0,0.577,ML Model,False Positive
2005106,10168069,0,0.746,ML Model,Closed
2005107,10307921,0,0.174,Manual,Open
2005108,10156715,0,0.683,Rule,Open
2005109,10112889,0,0.139,Manual,False Positive
2005110,10335352,0,0.172,ML Model,Confirmed
2005111,10161778,0,0.674,Manual,False Positive
2005112,10025173,0,0.681,Rule,False Positive
2005113,10059516,0,0.688,ML Model,False Positive
2005114,10039975,0,0.747,Rule,Closed
2005115,10032801,0,0.953,ML Model,Confirmed
2005116,10171955,0,0.361,ML Model,Closed
2005117,10393107,0,0.349,Rule,False Positive
2005118,10373590,0,0.657,ML Model,False Positive
2005119,10163665,0,0.803,Manual,Confirmed
2005120,10290355,0,0.852,Rule,False Positive
2005121,10248548,0,0.89,Manual,False Positive
2005122,10005989,0,0.303,Rule,Confirmed
2005123,10316343,0,0.179,Rule,Closed
2005124,10371280,1,0.277,Manual,False Positive
2005125,10082590,0,0.705,ML Model,Closed
2005126,10027758,0,0.213,Manual,Confirmed
2005127,10397103,0,0.968,ML Model,False Positive
2005128,10335135,0,0.715,Manual,Confirmed
2005129,10356054,0,0.273,Manual,False Positive
2005130,10331591,0,0.187,Manual,Confirmed
2005131,10045044,0,0.554,Rule,False Positive
2005132,10101540,0,0.325,Manual,Open
2005133,10133340,1,0.888,Rule,Closed
2005134,10351295,0,0.581,Manual,Open
2005135,10124497,0,0.372,Rule,Open
2005136,10259204,0,0.548,Rule,Confirmed
2005137,10284662,0,0.31,ML Model,False Positive
2005138,10130373,0,0.749,ML Model,Closed
2005139,10325659,0,0.43,ML Model,Open
2005140,10366493,0,0.891,Manual,Open
2005141,10109830,0,0.844,ML Model,Closed
2005142,10055741,0,0.583,ML Model,Confirmed
2005143,10158963,0,0.777,Rule,Open
2005144,10043997,0,0.123,Manual,Confirmed
2005145,10336748,0,0.839,ML Model,False Positive
2005146,10054920,0,0.483,ML Model,Open
2005147,10129442,1,0.871,Rule,False Positive
2005148,10308820,1,0.156,Rule,Open
2005149,10146482,0,0.162,Manual,False Positive
2005150,10359205,0,0.83,ML Model,Confirmed
2005151,10207503,0,0.511,ML Model,Closed
2005152,10167897,0,0.076,Rule,False Positive
2005153,10248401,0,0.997,Rule,Confirmed
2005154,10243475,0,0.282,Rule,Closed
2005155,10347766,0,0.373,Rule,False Positive
2005156,10168285,0,0.619,Rule,Closed
2005157,10216999,0,0.608,Rule,False Positive
2005158,10001380,0,0.559,ML Model,Closed
2005159,10381969,0,0.208,ML Model,Closed
2005160,10319621,0,0.3,Manual,Open
2005161,10301841,0,0.593,Rule,Open
2005162,10095690,0,0.097,Manual,False Positive
2005163,10204458,0,0.551,ML Model,Confirmed
2005164,10384230,0,0.774,Manual,Confirmed
2005165,10298289,0,0.329,Manual,Closed
2005166,10123441,0,0.512,Manual,Closed
2005167,10190286,0,0.191,ML Model,False Positive
2005168,10256573,0,0.825,Manual,Confirmed
2005169,10182479,0,0.922,Manual,False Positive
2005170,10162735,0,0.015,Manual,Open
2005171,10399513,0,0.54,Rule,Open
2005172,10091124,0,0.43,ML Model,False Positive
2005173,10118422,0,0.862,Manual,False Positive
2005174,10093892,0,0.495,ML Model,Closed
2005175,10152053,0,0.189,ML Model,Open
2005176,10238155,0,0.355,Manual,Closed
2005177,10043692,0,0.798,ML Model,Closed
2005178,10259036,0,0.043,Rule,False Positive
2005179,10103514,0,0.929,Rule,Open
2005180,10325259,0,0.474,Rule,Open
2005181,10016059,0,0.258,Rule,Closed
2005182,10304572,0,0.291,ML Model,Confirmed
2005183,10238767,0,0.558,ML Model,Open
2005184,10020453,0,0.368,Manual,Confirmed
2005185,10380731,0,0.811,ML Model,Confirmed
2005186,10027039,0,0.401,Rule,Confirmed
2005187,10083876,0,0.064,Rule,Open
2005188,10349557,0,0.276,ML Model,Confirmed
2005189,10176893,0,0.209,Manual,Open
2005190,10276643,0,0.89,ML Model,Confirmed
2005191,10243671,0,0.218,Rule,Confirmed
2005192,10227268,0,0.58,Rule,False Positive
2005193,10370710,0,0.275,Rule,Open
2005194,10353082,0,0.348,ML Model,Open
2005195,10053741,0,0.046,Manual,Closed
2005196,10180354,0,0.848,Rule,Closed
2005197,10343003,0,0.089,ML Model,Confirmed
2005198,10387019,0,0.736,ML Model,False Positive
2005199,10173519,0,0.796,Manual,Closed
2005200,10354291,0,0.982,ML Model,Closed
2005201,10227021,0,0.012,Rule,Confirmed
2005202,10286474,0,0.038,Rule,False Positive
2005203,10324650,0,0.792,ML Model,Open
2005204,10074721,0,0.135,ML Model,Confirmed
2005205,10000448,0,0.288,ML Model,Closed
2005206,10207347,1,0.262,Manual,False Positive
2005207,10250426,0,0.552,ML Model,Open
2005208,10145921,0,0.23,Manual,Open
2005209,10123980,0,0.095,Rule,Open
2005210,10375666,0,0.208,ML Model,False Positive
2005211,10161383,0,0.444,Rule,False Positive
2005212,10169513,0,0.632,Manual,Closed
2005213,10268745,0,0.952,Rule,Closed
2005214,10062370,0,0.812,ML Model,Closed
2005215,10045845,0,0.292,ML Model,Open
2005216,10203741,0,0.949,ML Model,Open
2005217,10009192,0,0.837,Manual,Open
2005218,10366137,0,0.137,ML Model,False Positive
2005219,10239690,0,0.454,Rule,Closed
2005220,10374909,0,0.911,Manual,Closed
2005221,10363500,0,0.688,ML Model,False Positive
2005222,10187086,0,0.045,Rule,Open
2005223,10119771,0,0.217,ML Model,Confirmed
2005224,10166393,0,0.583,Manual,False Positive
2005225,10239184,0,0.614,Rule,Closed
2005226,10178368,0,0.83,ML Model,Confirmed
2005227,10283696,0,0.156,ML Model,False Positive
2005228,10194589,0,0.123,ML Model,Open
2005229,10095552,1,0.851,Rule,Closed
2005230,10025761,0,0.375,Rule,Confirmed
2005231,10106604,1,0.736,ML Model,Open
2005232,10054837,0,0.186,ML Model,Open
2005233,10263324,0,0.437,Manual,Open
2005234,10040940,0,0.683,Manual,Confirmed
2005235,10343460,0,0.989,Rule,Closed
2005236,10196910,0,0.907,ML Model,False Positive
2005237,10370858,0,0.469,Rule,Confirmed
2005238,10391921,0,0.668,ML Model,Confirmed
2005239,10280799,0,0.966,Rule,Open
2005240,10008653,0,0.932,Rule,Confirmed
2005241,10078102,0,0.624,ML Model,Open
2005242,10374736,0,0.034,ML Model,Confirmed
2005243,10190841,0,0.736,Rule,Open
2005244,10043382,0,0.43,Rule,Open
2005245,10330417,0,0.709,Rule,Closed
2005246,10274257,0,0.525,ML Model,Confirmed
2005247,10022191,0,0.969,ML Model,False Positive
2005248,10057939,0,0.998,ML Model,Closed
2005249,10016496,0,0.382,Rule,Open
2005250,10081875,0,0.617,Manual,False Positive
2005251,10034129,0,0.789,ML Model,False Positive
2005252,10099934,0,0.283,Rule,Open
2005253,10115150,0,0.805,ML Model,Closed
2005254,10114992,0,0.477,ML Model,False Positive
2005255,10160281,0,0.881,Rule,False Positive
2005256,10390182,0,0.785,ML Model,Confirmed
2005257,10380742,0,0.78,Manual,Closed
2005258,10232505,0,0.305,Manual,False Positive
2005259,10298525,0,0.766,Manual,Open
2005260,10331760,0,0.956,Rule,Confirmed
2005261,10218071,0,0.656,Rule,Open
2005262,10171265,0,0.999,Manual,Open
2005263,10116857,0,0.034,Rule,Closed
2005264,10215593,0,0.74,Manual,Confirmed
2005265,10397542,0,0.1,ML Model,False Positive
2005266,10200610,0,0.057,ML Model,Confirmed
2005267,10336918,0,0.157,Manual,Closed
2005268,10323652,1,0.799,ML Model,Confirmed
2005269,10085340,0,0.691,Rule,Confirmed
2005270,10295683,0,0.76,ML Model,Closed
2005271,10039472,0,0.638,ML Model,False Positive
2005272,10176290,0,0.434,ML Model,False Positive
2005273,10075325,0,0.646,Rule,Closed
2005274,10227555,0,0.935,Rule,False Positive
2005275,10183567,0,0.121,Manual,Open
2005276,10121448,0,0.45,ML Model,Closed
2005277,10379824,0,0.261,Rule,Open
2005278,10317785,0,0.591,ML Model,Closed
2005279,10174085,1,0.066,ML Model,Closed
2005280,10185202,0,0.43,Rule,False Positive
2005281,10301566,0,0.873,Manual,Confirmed
2005282,10158185,0,0.876,Manual,False Positive
2005283,10063851,0,0.158,ML Model,Confirmed
2005284,10240467,0,0.48,Rule,Closed
2005285,10134815,0,0.819,ML Model,Open
2005286,10234617,1,0.674,Rule,Closed
2005287,10012518,0,0.308,ML Model,Open
2005288,10081902,0,0.884,Rule,False Positive
2005289,10310104,0,0.798,Rule,Open
2005290,10097708,0,0.846,Rule,Confirmed
2005291,10277465,0,0.696,Rule,False Positive
2005292,10008004,0,0.368,Manual,Confirmed
2005293,10093314,0,0.041,ML Model,False Positive
2005294,10372158,0,0.661,Manual,Open
2005295,10168380,0,0.14,Rule,Open
2005296,10018516,1,0.143,Rule,Closed
2005297,10122962,0,0.417,Rule,Closed
2005298,10146334,0,0.948,Manual,Confirmed
2005299,10106558,0,0.537,Manual,Open
2005300,10265753,0,0.334,Rule,Closed
2005301,10270657,0,0.816,Manual,Confirmed
2005302,10081812,0,0.778,ML Model,False Positive
2005303,10220448,0,0.828,ML Model,False Positive
2005304,10394041,0,0.847,ML Model,False Positive
2005305,10046695,0,0.197,ML Model,Closed
2005306,10119736,0,0.071,Rule,Open
2005307,10236868,0,0.323,Rule,Confirmed
2005308,10395682,0,0.754,Manual,Confirmed
2005309,10350192,0,0.758,ML Model,False Positive
2005310,10333284,0,0.93,Rule,False Positive
2005311,10025883,0,0.014,Rule,False Positive
2005312,10288733,0,0.942,Rule,Confirmed
2005313,10344026,0,0.3,Rule,Closed
2005314,10258675,0,0.967,Manual,Closed
2005315,10279096,0,0.616,ML Model,Confirmed
2005316,10164888,0,0.04,Rule,Closed
2005317,10114568,0,0.547,Manual,Confirmed
2005318,10244158,0,0.089,Rule,Closed
2005319,10273653,0,0.581,Rule,Open
2005320,10143534,0,0.552,ML Model,Open
2005321,10190094,0,0.112,Rule,Confirmed
2005322,10191363,0,0.384,ML Model,False Positive
2005323,10286803,0,0.198,ML Model,Open
2005324,10027236,0,0.595,Rule,False Positive
2005325,10150811,0,0.637,Manual,Confirmed
2005326,10104003,0,0.273,ML Model,Open
2005327,10048972,0,0.004,Rule,Closed
2005328,10263389,0,0.692,ML Model,False Positive
2005329,10281408,0,0.597,ML Model,Closed
2005330,10073508,0,0.136,ML Model,Closed
2005331,10142287,0,0.318,ML Model,False Positive
2005332,10222983,0,0.477,Manual,Closed
2005333,10246034,0,0.678,Manual,Closed
2005334,10188110,0,0.297,ML Model,Open
2005335,10348907,0,0.13,Rule,Closed
2005336,10185609,0,0.295,ML Model,Closed
2005337,10261242,0,0.5,Manual,Closed
2005338,10190887,0,0.73,ML Model,Closed
2005339,10367431,0,0.539,ML Model,Closed
2005340,10005340,1,0.432,Manual,Open
2005341,10215514,0,0.37,Rule,Closed
2005342,10081983,0,0.846,ML Model,Open
2005343,10281397,0,0.398,Rule,Confirmed
2005344,10072478,0,0.985,ML Model,Confirmed
2005345,10048276,0,0.658,Manual,Open
2005346,10003894,0,0.545,Rule,Closed
2005347,10317590,0,0.07,ML Model,Confirmed
2005348,10212199,0,0.972,Manual,False Positive
2005349,10278671,0,0.446,Rule,False Positive
2005350,10259645,0,0.089,Manual,False Positive
2005351,10352096,0,0.087,Rule,Open
2005352,10208238,0,0.246,Manual,False Positive
2005353,10266664,0,0.153,Manual,False Positive
2005354,10205598,0,0.319,Rule,Closed
2005355,10082138,0,0.44,Manual,Closed
2005356,10200495,0,0.514,Manual,Closed
2005357,10000442,0,0.877,ML Model,Open
2005358,10160153,0,0.435,ML Model,Closed
2005359,10263394,0,0.673,Rule,False Positive
2005360,10211398,0,0.287,ML Model,Closed
2005361,10375661,0,0.294,Manual,Open
2005362,10147280,0,0.548,Manual,Closed
2005363,10187442,0,0.066,Manual,Confirmed
2005364,10212166,0,0.881,Rule,Closed
2005365,10214489,0,0.616,ML Model,Closed
2005366,10198889,0,0.095,Rule,Closed
2005367,10166489,0,0.643,Rule,Open
2005368,10316699,0,0.159,ML Model,Closed
2005369,10180772,0,0.923,Manual,Open
2005370,10234334,0,0.632,Manual,Open
2005371,10057788,0,0.177,Manual,False Positive
2005372,10310717,0,0.777,Manual,Closed
2005373,10219281,0,0.182,ML Model,Confirmed
2005374,10233091,0,0.814,Rule,False Positive
2005375,10156512,0,0.266,Manual,Closed
2005376,10250467,1,0.764,Manual,False Positive
2005377,10063323,0,0.008,Manual,Closed
2005378,10004787,1,0.502,ML Model,Confirmed
2005379,10006652,0,0.738,Rule,Open
2005380,10344818,0,0.264,Manual,Closed
2005381,10008477,0,0.247,ML Model,False Positive
2005382,10217374,0,0.37,Rule,Open
2005383,10129699,0,0.566,Manual,False Positive
2005384,10038877,0,0.321,ML Model,Confirmed
2005385,10189561,0,0.091,ML Model,Confirmed
2005386,10388908,0,0.53,Manual,False Positive
2005387,10370953,0,0.702,Rule,Confirmed
2005388,10220500,1,0.062,Rule,Closed
2005389,10150985,0,0.268,ML Model,Closed
2005390,10306341,0,0.338,Rule,False Positive
2005391,10044756,1,0.482,ML Model,Closed
2005392,10121627,0,0.391,ML Model,False Positive
2005393,10065833,0,0.826,Rule,False Positive
2005394,10264972,0,0.861,Manual,Open
2005395,10391001,0,0.638,ML Model,Confirmed
2005396,10137412,0,0.861,Rule,Closed
2005397,10264012,0,0.753,ML Model,Confirmed
2005398,10028451,0,0.702,Rule,Closed
2005399,10220655,0,0.786,Manual,False Positive
2005400,10174371,1,0.048,Rule,Open
2005401,10050330,0,0.016,ML Model,Closed
2005402,10283997,0,0.993,Manual,False Positive
2005403,10049486,0,0.965,ML Model,False Positive
2005404,10073581,0,0.845,Manual,Closed
2005405,10215896,0,0.944,Rule,Confirmed
2005406,10330682,0,0.131,ML Model,Confirmed
2005407,10345794,0,0.6,Manual,False Positive
2005408,10119241,0,0.171,ML Model,Confirmed
2005409,10193145,0,0.44,ML Model,Closed
2005410,10241849,0,0.608,ML Model,Confirmed
2005411,10036857,0,0.58,Rule,Open
2005412,10347067,0,0.344,Rule,Closed
2005413,10162360,0,0.853,Manual,Closed
2005414,10286533,0,0.061,Rule,Open
2005415,10342040,0,0.648,Rule,False Positive
2005416,10120778,1,0.347,Manual,Closed
2005417,10143084,0,0.772,Rule,Open
2005418,10154334,0,0.076,Rule,False Positive
2005419,10227857,0,0.168,ML Model,False Positive
2005420,10395610,0,0.616,Manual,Confirmed
2005421,10268432,0,0.311,Manual,False Positive
2005422,10337519,0,0.922,Rule,Confirmed
2005423,10009387,0,0.367,Manual,Confirmed
2005424,10212390,0,0.14,ML Model,Confirmed
2005425,10062114,0,0.987,Rule,Closed
2005426,10134570,0,0.182,Rule,Closed
2005427,10291371,0,0.794,Rule,Open
2005428,10042669,0,0.777,ML Model,Open
2005429,10276319,0,0.34,ML Model,Confirmed
2005430,10192754,0,0.396,Rule,Open
2005431,10037279,0,0.994,Rule,Open
2005432,10112661,0,0.558,Manual,Open
2005433,10361860,0,0.347,ML Model,False Positive
2005434,10049467,0,0.206,ML Model,Open
2005435,10169711,0,0.671,ML Model,Closed
2005436,10188350,0,0.344,ML Model,False Positive
2005437,10158262,0,0.702,Manual,False Positive
2005438,10314541,0,0.345,Manual,Closed
2005439,10170008,0,0.532,Rule,Closed
2005440,10076875,0,0.341,Rule,Open
2005441,10053474,0,0.267,Manual,Confirmed
2005442,10358515,0,0.325,Manual,Open
2005443,10095511,0,0.312,ML Model,Open
2005444,10038959,0,0.509,Manual,Open
2005445,10362051,0,0.343,Rule,False Positive
2005446,10227433,0,0.804,Rule,Confirmed
2005447,10064103,0,0.792,Rule,Open
2005448,10330470,0,0.522,ML Model,False Positive
2005449,10185612,0,0.724,Rule,Open
2005450,10094803,0,0.229,Manual,Open
2005451,10205918,0,0.071,Manual,False Positive
2005452,10123513,0,0.745,ML Model,Closed
2005453,10371965,0,0.825,ML Model,False Positive
2005454,10299422,0,0.057,Manual,Closed
2005455,10238652,0,0.944,Rule,Open
2005456,10038808,0,0.138,Rule,False Positive
2005457,10045364,0,0.967,Rule,Closed
2005458,10087712,0,0.016,Rule,Confirmed
2005459,10168217,0,0.222,Manual,Open
2005460,10356812,0,0.428,Manual,False Positive
2005461,10283792,0,0.694,ML Model,Confirmed
2005462,10065993,0,0.83,ML Model,Open
2005463,10326061,0,0.268,ML Model,Open
2005464,10124044,0,0.576,Rule,Closed
2005465,10120734,0,0.17,ML Model,False Positive
2005466,10054035,0,0.148,Manual,Open
2005467,10192743,0,0.561,ML Model,Closed
2005468,10007591,0,0.283,ML Model,Closed
2005469,10304517,0,0.534,Rule,Confirmed
2005470,10070719,0,0.027,Manual,Confirmed
2005471,10318185,0,0.216,Manual,Open
2005472,10380461,0,0.628,Rule,Confirmed
2005473,10290317,0,0.129,ML Model,Open
2005474,10017932,0,0.288,Rule,Open
2005475,10105436,0,0.748,Rule,Closed
2005476,10376914,0,0.104,Rule,False Positive
2005477,10318373,0,0.52,Manual,Open
2005478,10084299,1,0.845,Rule,Open
2005479,10190068,0,0.309,Manual,Open
2005480,10166935,0,0.688,Rule,Closed
2005481,10048480,0,0.559,Manual,Confirmed
2005482,10201779,0,0.196,ML Model,Confirmed
2005483,10339460,0,0.091,Rule,Confirmed
2005484,10005521,0,0.98,Manual,Closed
2005485,10033653,0,0.378,ML Model,False Positive
2005486,10147697,1,0.217,Rule,Closed
2005487,10003266,0,0.819,ML Model,Confirmed
2005488,10217257,1,0.666,Rule,Confirmed
2005489,10221111,0,0.463,Rule,Open
2005490,10257072,0,0.48,ML Model,Open
2005491,10365065,0,0.89,Rule,Closed
2005492,10390341,0,0.022,Manual,Open
2005493,10236357,0,0.989,ML Model,Closed
2005494,10125403,0,0.07,Manual,False Positive
2005495,10394647,0,0.429,ML Model,Confirmed
2005496,10381117,0,0.159,Manual,Open
2005497,10099820,0,0.353,Rule,Closed
2005498,10039046,0,0.334,Manual,Open
2005499,10386139,0,0.174,Manual,Closed
2005500,10383858,0,0.776,Rule,False Positive
2005501,10182813,0,0.278,Manual,Open
2005502,10034548,0,0.895,Rule,False Positive
2005503,10044477,1,0.4,Rule,Open
2005504,10081547,1,0.251,Rule,Open
2005505,10051496,0,0.925,Manual,Open
2005506,10012528,0,0.443,ML Model,Closed
2005507,10379878,0,0.334,Rule,False Positive
2005508,10086216,1,0.901,ML Model,Confirmed
2005509,10323282,0,0.805,Rule,False Positive
2005510,10392501,0,0.498,Manual,Open
2005511,10357723,0,0.56,ML Model,Confirmed
2005512,10236874,0,0.153,Manual,Closed
2005513,10347878,0,0.046,Rule,Closed
2005514,10304081,0,0.709,Rule,Open
2005515,10319848,1,0.577,Manual,Open
2005516,10249418,0,0.844,ML Model,Closed
2005517,10186727,0,0.36,ML Model,Open
2005518,10221992,0,0.715,Rule,Confirmed
2005519,10364052,0,0.098,ML Model,Open
2005520,10235999,0,0.646,Manual,Confirmed
2005521,10115993,0,0.266,ML Model,Closed
2005522,10338290,0,0.18,ML Model,Open
2005523,10103142,0,0.841,Rule,Confirmed
2005524,10386869,0,0.947,ML Model,Closed
2005525,10207558,0,0.473,Manual,Open
2005526,10307238,0,0.527,Rule,False Positive
2005527,10214835,1,0.448,ML Model,Confirmed
2005528,10175927,0,0.313,Rule,Open
2005529,10108709,0,0.638,Manual,Confirmed
2005530,10306509,0,0.317,ML Model,Closed
2005531,10377094,0,0.807,ML Model,Confirmed
2005532,10310422,0,0.302,ML Model,Open
2005533,10195080,0,0.431,Manual,Confirmed
2005534,10268556,0,0.243,ML Model,Closed
2005535,10386249,0,0.757,Rule,Closed
2005536,10061937,0,0.688,Manual,Closed
2005537,10124345,0,0.787,ML Model,Confirmed
2005538,10377712,1,0.224,Manual,Confirmed
2005539,10088164,0,0.982,ML Model,Open
2005540,10159153,0,0.792,ML Model,Open
2005541,10050401,0,0.926,ML Model,Confirmed
2005542,10257830,0,0.771,ML Model,Confirmed
2005543,10056852,0,0.49,Manual,Confirmed
2005544,10295692,0,0.467,ML Model,Open
2005545,10370288,0,0.399,Manual,Confirmed
2005546,10077526,0,0.573,Manual,Closed
2005547,10007596,0,0.603,Rule,Open
2005548,10332229,0,0.349,ML Model,Closed
2005549,10076935,0,0.213,Rule,Confirmed
2005550,10228508,0,0.284,Manual,Open
2005551,10019814,0,0.851,Rule,Open
2005552,10253478,0,0.963,Manual,False Positive
2005553,10110884,0,0.573,ML Model,Confirmed
2005554,10248225,0,0.864,ML Model,Open
2005555,10374907,0,0.932,Manual,False Positive
2005556,10377026,0,0.452,Manual,Open
2005557,10098192,0,0.085,Manual,Closed
2005558,10371618,0,0.537,ML Model,Confirmed
2005559,10021594,0,0.359,Manual,Closed
2005560,10082609,0,0.594,Manual,Open
2005561,10176751,1,0.989,Manual,Open
2005562,10385212,0,0.541,Manual,Closed
2005563,10062558,0,0.017,Rule,Confirmed
2005564,10390157,0,0.479,ML Model,False Positive
2005565,10236526,0,0.263,Rule,Open
2005566,10069445,0,0.918,ML Model,Open
2005567,10346620,0,0.33,Manual,False Positive
2005568,10298391,1,0.333,ML Model,False Positive
2005569,10092949,0,0.805,Manual,Closed
2005570,10093316,0,0.773,Rule,Confirmed
2005571,10342105,0,0.51,Manual,Open
2005572,10153079,0,0.08,Manual,Closed
2005573,10189281,0,0.041,Rule,False Positive
2005574,10255413,0,0.837,Manual,Closed
2005575,10166891,0,0.769,Rule,False Positive
2005576,10058233,0,0.74,ML Model,Open
2005577,10104022,0,0.322,Manual,Confirmed
2005578,10082106,0,0.939,Manual,False Positive
2005579,10369916,0,0.709,Rule,False Positive
2005580,10394403,0,0.836,Rule,Closed
2005581,10087103,0,0.464,Manual,Closed
2005582,10060449,0,0.821,Rule,Open
2005583,10134765,0,0.436,ML Model,False Positive
2005584,10154344,0,0.275,Rule,Closed
2005585,10317022,0,0.918,Manual,Open
2005586,10347485,0,0.583,Manual,Confirmed
2005587,10335129,0,0.591,Manual,Closed
2005588,10172054,0,0.301,ML Model,False Positive
2005589,10118559,0,0.642,Manual,Closed
2005590,10086734,0,0.467,ML Model,Confirmed
2005591,10053328,0,0.532,ML Model,Closed
2005592,10387445,0,0.455,Rule,Confirmed
2005593,10366650,0,0.548,ML Model,Confirmed
2005594,10245992,0,0.659,Rule,False Positive
2005595,10069030,0,0.176,ML Model,False Positive
2005596,10139444,0,0.128,Rule,Closed
2005597,10044952,0,0.711,Rule,Confirmed
2005598,10290272,0,0.577,Manual,Confirmed
2005599,10112456,0,0.612,ML Model,Confirmed
2005600,10361169,0,0.951,ML Model,False Positive
2005601,10364808,0,0.989,ML Model,Confirmed
2005602,10067707,0,0.603,ML Model,Closed
2005603,10127845,0,0.843,ML Model,False Positive
2005604,10112663,0,0.332,Rule,Confirmed
2005605,10353947,0,0.203,Manual,False Positive
2005606,10192304,1,0.712,Manual,Confirmed
2005607,10212949,0,0.194,Manual,False Positive
2005608,10250433,0,0.263,ML Model,False Positive
2005609,10144841,0,0.33,Rule,Confirmed
2005610,10215764,0,0.789,Manual,False Positive
2005611,10096537,0,0.97,Manual,False Positive
2005612,10210746,1,0.464,Manual,Confirmed
2005613,10163570,0,0.199,Rule,False Positive
2005614,10380127,0,0.02,ML Model,Confirmed
2005615,10016537,0,0.644,Manual,Closed
2005616,10074962,0,0.734,Manual,Closed
2005617,10143450,0,0.781,ML Model,Closed
2005618,10200921,0,0.286,Manual,Confirmed
2005619,10208849,0,0.166,Rule,False Positive
2005620,10261612,0,0.576,ML Model,Closed
2005621,10168130,0,0.589,Rule,Closed
2005622,10116185,0,0.68,Manual,Open
2005623,10315087,0,0.746,Manual,Confirmed
2005624,10002926,0,0.356,Manual,Closed
2005625,10079989,0,0.692,Manual,False Positive
2005626,10276694,0,0.588,ML Model,False Positive
2005627,10199001,1,0.071,Rule,Open
2005628,10193464,0,0.372,Manual,Confirmed
2005629,10002940,0,0.506,Manual,Open
2005630,10009655,0,0.726,Rule,Confirmed
2005631,10160004,0,0.189,Rule,False Positive
2005632,10238531,0,0.736,ML Model,Closed
2005633,10180992,0,0.279,Manual,Open
2005634,10148116,0,0.048,ML Model,Confirmed
2005635,10398058,1,0.739,Manual,False Positive
2005636,10247631,0,0.08,ML Model,Confirmed
2005637,10194678,0,0.783,ML Model,Confirmed
2005638,10038131,0,0.437,Manual,Closed
2005639,10007074,0,0.413,ML Model,Confirmed
2005640,10181248,0,0.888,Manual,Closed
2005641,10175116,0,0.676,Manual,Open
2005642,10007377,0,0.724,ML Model,Open
2005643,10029328,0,0.132,ML Model,Open
2005644,10356446,0,0.021,ML Model,Open
2005645,10190099,0,0.506,Manual,False Positive
2005646,10042625,0,0.748,Rule,Open
2005647,10366905,0,0.458,Manual,Open
2005648,10134081,0,0.711,Rule,Closed
2005649,10324548,0,0.821,Manual,Confirmed
2005650,10244016,0,0.08,Rule,Closed
2005651,10365720,0,0.278,Manual,Confirmed
2005652,10098796,0,0.653,ML Model,Confirmed
2005653,10174216,0,0.731,Manual,Closed
2005654,10262977,0,0.868,Manual,Confirmed
2005655,10017041,0,0.652,ML Model,Closed
2005656,10026140,0,0.304,ML Model,Closed
2005657,10302381,1,0.841,Manual,Closed
2005658,10015736,0,0.01,Rule,False Positive
2005659,10358857,0,0.815,Manual,Confirmed
2005660,10274575,0,0.949,ML Model,False Positive
2005661,10399310,0,0.956,ML Model,False Positive
2005662,10136240,0,0.329,Manual,Open
2005663,10206123,0,0.361,Rule,False Positive
2005664,10373787,0,0.414,Manual,Confirmed
2005665,10382110,0,0.968,Manual,Closed
2005666,10218208,0,0.214,Rule,False Positive
2005667,10180384,0,0.068,ML Model,False Positive
2005668,10377715,0,0.295,Rule,Confirmed
2005669,10252989,0,0.798,Manual,Open
2005670,10264729,0,0.754,Manual,Closed
2005671,10064712,0,0.743,Rule,False Positive
2005672,10370200,0,0.519,Manual,Confirmed
2005673,10398750,1,0.502,Manual,Closed
2005674,10083049,0,0.707,Manual,Confirmed
2005675,10135456,0,0.725,Rule,Closed
2005676,10242829,0,0.581,ML Model,False Positive
2005677,10307212,0,0.306,Manual,Closed
2005678,10319703,0,0.798,Manual,Confirmed
2005679,10075698,0,0.955,Rule,False Positive
2005680,10194431,0,0.501,ML Model,Closed
2005681,10038093,0,0.814,Rule,Closed
2005682,10287416,0,0.625,Manual,Confirmed
2005683,10130221,0,0.007,Manual,Closed
2005684,10362403,0,0.341,Rule,Open
2005685,10329233,0,0.559,ML Model,Confirmed
2005686,10395138,0,0.755,Rule,Open
2005687,10208895,0,0.289,Rule,Open
2005688,10035356,0,0.424,Manual,Confirmed
2005689,10074596,1,0.762,Manual,False Positive
2005690,10035032,0,0.248,ML Model,Confirmed
2005691,10165644,0,0.06,Manual,Closed
2005692,10259019,0,0.429,Rule,Open
2005693,10074506,0,0.2,Manual,Closed
2005694,10286564,0,0.753,ML Model,False Positive
2005695,10330385,0,0.339,Manual,False Positive
2005696,10253727,0,0.464,Rule,False Positive
2005697,10074605,0,0.231,Manual,Open
2005698,10184256,0,0.128,Manual,Closed
2005699,10164496,0,0.207,Rule,Closed
2005700,10226155,0,0.087,Manual,Closed
2005701,10288587,0,0.211,Rule,False Positive
2005702,10147039,0,0.996,Rule,Open
2005703,10024833,0,0.427,Manual,False Positive
2005704,10340816,0,0.231,Manual,Open
2005705,10181322,0,0.988,Manual,False Positive
2005706,10247605,0,0.131,ML Model,Confirmed
2005707,10301825,0,0.471,ML Model,Confirmed
2005708,10239982,0,0.506,Manual,Closed
2005709,10259066,0,0.907,Manual,False Positive
2005710,10394499,0,0.84,Manual,Closed
2005711,10140969,0,0.499,ML Model,Confirmed
2005712,10370848,0,0.425,Manual,Open
2005713,10363207,0,0.187,Rule,Open
2005714,10183777,0,0.367,Manual,Open
2005715,10387583,0,0.56,Rule,Open
2005716,10356682,0,0.168,Manual,Open
2005717,10038383,0,0.602,Rule,Closed
2005718,10052653,0,0.441,ML Model,Confirmed
2005719,10131062,0,0.318,ML Model,Confirmed
2005720,10313980,0,0.763,ML Model,False Positive
2005721,10254665,0,0.823,Rule,Open
2005722,10219933,0,0.31,ML Model,Confirmed
2005723,10120789,0,0.74,Rule,Confirmed
2005724,10059172,0,0.075,ML Model,Open
2005725,10213863,0,0.685,ML Model,False Positive
2005726,10370370,0,0.359,Rule,Confirmed
2005727,10329763,1,0.448,Rule,False Positive
2005728,10220608,0,0.923,ML Model,Closed
2005729,10221590,0,0.242,Rule,Confirmed
2005730,10256055,0,0.094,ML Model,Closed
2005731,10055462,0,0.774,ML Model,Confirmed
2005732,10103484,0,0.721,Rule,Closed
2005733,10333170,1,0.38,ML Model,Confirmed
2005734,10338892,0,0.508,Manual,Open
2005735,10013052,0,0.566,ML Model,Confirmed
2005736,10033381,0,0.545,Manual,False Positive
2005737,10084777,0,0.095,ML Model,Confirmed
2005738,10147975,1,0.625,ML Model,Closed
2005739,10257582,0,0.518,ML Model,Closed
2005740,10183946,0,0.76,Manual,Closed
2005741,10328246,0,0.187,ML Model,False Positive
2005742,10341135,0,0.014,Manual,Closed
2005743,10058440,1,0.41,Rule,Open
2005744,10022072,0,0.306,ML Model,Open
2005745,10322833,0,0.324,Manual,Confirmed
2005746,10049250,0,0.401,Rule,False Positive
2005747,10364202,1,0.206,ML Model,Open
2005748,10036757,0,0.238,Rule,Open
2005749,10336691,0,0.922,Rule,Confirmed
2005750,10167288,0,0.808,Manual,Confirmed
2005751,10100900,0,0.507,ML Model,Closed
2005752,10386706,0,0.67,Rule,Open
2005753,10037963,0,0.847,Manual,Confirmed
2005754,10038393,0,0.27,Rule,False Positive
2005755,10234762,0,0.105,ML Model,Confirmed
2005756,10146612,0,0.047,Rule,False Positive
2005757,10212451,0,0.931,ML Model,Closed
2005758,10375405,0,0.686,Manual,Open
2005759,10344986,0,0.527,ML Model,Open
2005760,10312662,0,0.449,ML Model,Open
2005761,10089049,0,0.353,Rule,False Positive
2005762,10352333,0,0.974,Manual,False Positive
2005763,10272477,1,0.966,Rule,False Positive
2005764,10368106,1,0.917,Manual,Confirmed
2005765,10329211,0,0.276,Manual,Open
2005766,10073302,0,0.325,ML Model,False Positive
2005767,10289888,0,0.944,Rule,False Positive
2005768,10284700,0,0.976,ML Model,Closed
2005769,10284580,0,0.013,ML Model,False Positive
2005770,10332769,0,0.053,Rule,Confirmed
2005771,10248342,0,0.922,Manual,Closed
2005772,10315320,0,0.387,ML Model,Open
2005773,10094614,0,0.49,Manual,Open
2005774,10071632,0,0.786,Rule,Confirmed
2005775,10306737,0,0.588,ML Model,Confirmed
2005776,10098625,0,0.371,Manual,Open
2005777,10184228,0,0.135,Manual,Confirmed
2005778,10262217,1,0.846,ML Model,Closed
2005779,10108111,0,0.359,ML Model,Closed
2005780,10364835,0,0.029,ML Model,Confirmed
2005781,10218941,0,0.623,Manual,Confirmed
2005782,10114690,0,0.096,Manual,Open
2005783,10346981,1,0.667,ML Model,Closed
2005784,10006754,0,0.921,Manual,Confirmed
2005785,10160297,0,0.489,Rule,Confirmed
2005786,10272431,0,0.131,Rule,Closed
2005787,10364061,0,0.555,ML Model,Closed
2005788,10277046,0,0.952,ML Model,Closed
2005789,10325127,0,0.643,ML Model,Closed
2005790,10075460,0,0.984,Manual,False Positive
2005791,10362078,0,0.028,Rule,Confirmed
2005792,10258493,0,0.319,Manual,Open
2005793,10098741,0,0.47,Manual,Confirmed
2005794,10237390,0,0.38,Rule,Confirmed
2005795,10224684,0,0.56,Rule,False Positive
2005796,10335067,0,0.379,ML Model,False Positive
2005797,10031321,0,0.383,ML Model,False Positive
2005798,10132388,0,0.595,Rule,Closed
2005799,10110142,1,0.41,Manual,False Positive
2005800,10316284,0,0.545,Rule,Confirmed
2005801,10015553,0,0.743,ML Model,False Positive
2005802,10232431,0,0.731,Rule,Closed
2005803,10020182,0,0.669,ML Model,Confirmed
2005804,10242404,0,0.584,ML Model,Closed
2005805,10077759,0,0.758,ML Model,Closed
2005806,10208843,0,0.936,Rule,Open
2005807,10330892,0,0.33,ML Model,Open
2005808,10259795,0,0.512,Rule,False Positive
2005809,10096689,0,0.769,Manual,Open
2005810,10034138,0,0.549,Rule,False Positive
2005811,10349293,0,0.155,Rule,Open
2005812,10053338,0,0.746,ML Model,False Positive
2005813,10107117,0,0.201,ML Model,Confirmed
2005814,10110808,0,0.489,ML Model,Open
2005815,10257956,0,0.845,Rule,False Positive
2005816,10244895,0,0.241,Rule,Open
2005817,10287011,0,0.444,Rule,Open
2005818,10243125,0,0.081,Rule,Closed
2005819,10253554,0,0.569,Rule,Closed
2005820,10132236,0,0.884,ML Model,Confirmed
2005821,10099274,0,0.393,ML Model,Open
2005822,10219783,0,0.001,Rule,Closed
2005823,10027912,0,0.906,Manual,Closed
2005824,10050076,0,0.146,Rule,Confirmed
2005825,10063664,0,0.288,ML Model,Confirmed
2005826,10121768,0,0.675,ML Model,Confirmed
2005827,10349520,0,0.261,ML Model,Confirmed
2005828,10089987,0,0.385,ML Model,False Positive
2005829,10106674,0,0.605,ML Model,False Positive
2005830,10032956,0,0.155,Rule,Closed
2005831,10260108,1,0.594,Manual,Closed
2005832,10133036,0,0.381,Rule,Confirmed
2005833,10023712,0,0.131,Manual,Confirmed
2005834,10262758,0,0.497,ML Model,False Positive
2005835,10130206,0,0.632,Manual,Confirmed
2005836,10026181,0,0.522,ML Model,Closed
2005837,10254353,0,0.181,Manual,Closed
2005838,10140179,0,0.568,ML Model,Confirmed
2005839,10266871,0,0.654,Manual,False Positive
2005840,10208639,1,0.644,ML Model,Open
2005841,10261202,0,0.154,Rule,Closed
2005842,10107305,0,0.884,ML Model,Closed
2005843,10097370,0,0.153,ML Model,False Positive
2005844,10089585,0,0.458,Rule,Open
2005845,10346182,0,0.659,Manual,Open
2005846,10135731,1,0.554,Manual,False Positive
2005847,10042429,0,0.658,Rule,Confirmed
2005848,10116986,0,0.869,Manual,Open
2005849,10090778,0,0.928,Rule,Closed
2005850,10224259,0,0.324,Manual,Confirmed
2005851,10393012,0,0.202,ML Model,Open
2005852,10159980,0,0.438,ML Model,Closed
2005853,10370455,0,0.703,Manual,False Positive
2005854,10141869,1,0.245,ML Model,Closed
2005855,10144567,0,0.747,Manual,False Positive
2005856,10349403,0,0.927,Manual,False Positive
2005857,10002202,0,0.008,Manual,Closed
2005858,10314103,0,0.805,Manual,Open
2005859,10101941,0,0.702,Manual,False Positive
2005860,10342265,0,0.206,Rule,Confirmed
2005861,10348496,0,0.551,Manual,Open
2005862,10388892,0,0.564,Manual,Closed
2005863,10380404,0,0.008,Manual,Closed
2005864,10161291,0,0.364,Rule,Closed
2005865,10276518,0,0.316,Rule,Closed
2005866,10162529,0,0.539,Rule,Confirmed
2005867,10027596,0,0.54,ML Model,Confirmed
2005868,10348596,0,0.937,Manual,Closed
2005869,10384250,0,0.983,ML Model,False Positive
2005870,10383777,0,0.267,ML Model,Closed
2005871,10314736,0,0.597,Manual,False Positive
2005872,10340528,0,0.001,Rule,Confirmed
2005873,10205177,0,0.741,Rule,Confirmed
2005874,10385937,0,0.992,Manual,False Positive
2005875,10318291,0,0.086,ML Model,Closed
2005876,10257288,0,0.696,Manual,Open
2005877,10123806,0,0.632,ML Model,False Positive
2005878,10090796,1,0.327,Rule,Open
2005879,10077385,0,0.614,Manual,Confirmed
2005880,10385361,0,0.466,ML Model,Confirmed
2005881,10245415,1,0.412,Manual,Open
2005882,10170385,0,0.072,ML Model,False Positive
2005883,10012918,0,0.89,ML Model,Confirmed
2005884,10049623,0,0.22,Manual,Closed
2005885,10011363,0,0.048,Rule,Closed
2005886,10149913,0,0.081,Manual,False Positive
2005887,10133205,0,0.643,Manual,Open
2005888,10188475,0,0.739,ML Model,False Positive
2005889,10368477,0,0.359,ML Model,False Positive
2005890,10155753,0,0.633,Rule,False Positive
2005891,10364878,0,0.294,ML Model,Open
2005892,10034561,0,0.018,Rule,False Positive
2005893,10081711,0,0.02,ML Model,Confirmed
2005894,10092896,0,0.963,ML Model,Closed
2005895,10373040,0,0.857,Manual,Confirmed
2005896,10164713,0,0.17,ML Model,Closed
2005897,10140483,0,0.091,Manual,Open
2005898,10206372,0,0.042,Manual,Confirmed
2005899,10033449,0,0.281,ML Model,False Positive
2005900,10135155,0,0.739,Manual,False Positive
2005901,10007065,0,0.626,Rule,Confirmed
2005902,10129721,0,0.516,Rule,Closed
2005903,10270056,0,0.601,Manual,Closed
2005904,10006936,0,0.167,Rule,Confirmed
2005905,10095182,0,0.328,Rule,Closed
2005906,10214400,0,0.484,Manual,Closed
2005907,10095112,0,0.62,ML Model,Open
2005908,10271577,0,0.249,Rule,Closed
2005909,10168723,0,0.832,ML Model,Open
2005910,10175587,0,0.254,ML Model,Confirmed
2005911,10154248,0,0.532,ML Model,Open
2005912,10256950,0,0.767,Rule,Confirmed
2005913,10068700,0,0.137,ML Model,Open
2005914,10127413,0,0.244,Manual,Confirmed
2005915,10189898,0,0.147,Manual,Closed
2005916,10004542,0,0.914,Rule,Confirmed
2005917,10215715,1,0.056,Manual,Open
2005918,10092184,0,0.772,Manual,Closed
2005919,10176809,0,0.638,Rule,Confirmed
2005920,10340525,0,0.59,ML Model,Confirmed
2005921,10273352,0,0.222,ML Model,False Positive
2005922,10351242,0,0.45,Manual,Closed
2005923,10027943,0,0.722,Manual,Confirmed
2005924,10297725,0,0.136,Manual,False Positive
2005925,10228195,0,0.595,ML Model,Closed
2005926,10337715,0,0.754,Manual,Closed
2005927,10143709,0,0.18,ML Model,Closed
2005928,10298835,0,0.285,Rule,Open
2005929,10276393,0,0.53,Manual,Open
2005930,10385504,1,0.041,ML Model,Open
2005931,10168035,0,0.144,ML Model,Closed
2005932,10103495,0,0.968,Rule,Closed
2005933,10299876,0,0.352,ML Model,False Positive
2005934,10285437,1,0.711,Manual,False Positive
2005935,10321855,0,0.331,Rule,Closed
2005936,10314334,0,0.844,Rule,Closed
2005937,10265131,0,0.704,Manual,Open
2005938,10216772,0,0.038,Rule,False Positive
2005939,10326695,0,0.765,Manual,Open
2005940,10030243,0,0.874,Rule,False Positive
2005941,10033132,0,0.873,Manual,Closed
2005942,10351983,0,0.111,Manual,Closed
2005943,10181851,0,0.872,Manual,Confirmed
2005944,10396711,0,0.613,ML Model,Closed
2005945,10228481,0,0.905,Manual,Closed
2005946,10314288,0,0.545,Manual,Open
2005947,10078838,0,0.476,Manual,False Positive
2005948,10132289,0,0.243,Rule,Closed
2005949,10182405,0,0.773,Manual,Open
2005950,10348201,0,0.658,ML Model,Open
2005951,10201645,0,0.246,Rule,Closed
2005952,10376356,0,0.593,Rule,Closed
2005953,10263752,0,0.797,ML Model,Closed
2005954,10316016,0,0.705,Manual,Closed
2005955,10197186,0,0.364,Rule,Closed
2005956,10371252,0,0.649,Manual,Confirmed
2005957,10320205,0,0.472,Rule,Open
2005958,10175392,0,0.026,ML Model,Confirmed
2005959,10219051,0,0.732,Manual,Closed
2005960,10349041,0,0.34,Manual,Closed
2005961,10301929,0,0.534,Manual,Closed
2005962,10159949,0,0.858,Manual,False Positive
2005963,10209408,0,0.482,Manual,False Positive
2005964,10241487,0,0.166,Manual,False Positive
2005965,10058008,1,0.767,Rule,Closed
2005966,10093682,0,0.166,ML Model,False Positive
2005967,10321896,0,0.66,ML Model,Confirmed
2005968,10275591,0,0.325,ML Model,Confirmed
2005969,10392934,0,0.394,Manual,False Positive
2005970,10141138,0,0.846,ML Model,Open
2005971,10212395,0,0.985,Rule,False Positive
2005972,10267888,0,0.796,ML Model,Closed
2005973,10322601,0,0.248,Manual,Confirmed
2005974,10007757,1,0.601,Rule,False Positive
2005975,10050351,0,0.158,Manual,Open
2005976,10178051,0,0.079,Manual,Open
2005977,10166522,0,0.904,ML Model,Confirmed
2005978,10127041,0,0.038,ML Model,Closed
2005979,10193222,0,0.863,Rule,Closed
2005980,10087347,0,0.709,Rule,Closed
2005981,10010299,0,0.308,Rule,Open
2005982,10190055,0,0.289,ML Model,Open
2005983,10099741,0,0.282,Rule,Open
2005984,10357748,0,0.349,Rule,Confirmed
2005985,10129768,0,0.383,Manual,False Positive
2005986,10015315,0,0.514,Rule,Open
2005987,10187030,0,0.709,ML Model,Open
2005988,10309170,0,0.28,Manual,False Positive
2005989,10119826,0,0.986,Rule,Open
2005990,10108022,0,0.373,Manual,Open
2005991,10192181,0,0.383,Rule,Closed
2005992,10354466,0,0.334,Manual,Closed
2005993,10344124,0,0.37,Rule,Closed
2005994,10025034,0,0.237,Manual,False Positive
2005995,10312409,1,0.044,ML Model,Closed
2005996,10243450,0,0.428,ML Model,Closed
2005997,10272399,0,0.367,Manual,Closed
2005998,10123254,0,0.447,Rule,Confirmed
2005999,10217885,0,0.898,Manual,False Positive
2006000,10247124,0,0.537,Rule,Closed
2006001,10024429,0,0.908,Rule,False Positive
2006002,10278698,0,0.78,ML Model,Confirmed
2006003,10307192,0,0.029,Rule,False Positive
2006004,10347377,1,0.617,Manual,False Positive
2006005,10339849,0,0.697,ML Model,Confirmed
2006006,10077474,0,0.183,ML Model,Confirmed
2006007,10151430,1,0.509,Rule,False Positive
2006008,10187887,0,0.384,ML Model,Confirmed
2006009,10285990,0,0.703,Rule,Confirmed
2006010,10219715,1,0.635,ML Model,Open
2006011,10231178,1,0.347,ML Model,False Positive
2006012,10024801,0,0.567,Manual,False Positive
2006013,10133333,0,0.526,Manual,False Positive
2006014,10047739,0,0.142,Manual,Closed
2006015,10301028,0,0.944,ML Model,Confirmed
2006016,10156968,0,0.769,Manual,False Positive
2006017,10219597,0,0.843,Rule,Confirmed
2006018,10182678,0,0.915,Manual,Closed
2006019,10369081,0,0.863,Manual,Closed
2006020,10181156,0,0.367,Rule,False Positive
2006021,10029836,0,0.015,Manual,Open
2006022,10017006,0,0.532,ML Model,Open
2006023,10311295,0,0.489,ML Model,Closed
2006024,10270509,0,0.792,Rule,Open
2006025,10297151,0,0.128,ML Model,False Positive
2006026,10080898,0,0.065,Rule,False Positive
2006027,10070124,0,0.77,ML Model,Open
2006028,10209855,0,0.979,Rule,Closed
2006029,10200607,0,0.857,ML Model,Open
2006030,10067832,1,0.661,Rule,Closed
2006031,10106177,0,0.831,Manual,Closed
2006032,10030906,0,0.436,Rule,Confirmed
2006033,10398160,0,0.452,ML Model,Confirmed
2006034,10311364,0,0.351,Rule,Open
2006035,10176546,1,0.243,ML Model,Confirmed
2006036,10016187,0,0.538,Manual,False Positive
2006037,10122312,0,0.628,Rule,Confirmed
2006038,10313815,0,0.734,Rule,Closed
2006039,10194601,0,0.985,ML Model,Open
2006040,10137180,0,0.184,ML Model,Confirmed
2006041,10373715,0,0.393,Manual,False Positive
2006042,10364012,0,0.05,Manual,Open
2006043,10161419,0,0.74,Rule,False Positive
2006044,10227057,0,0.547,Manual,False Positive
2006045,10068029,0,0.374,Manual,Closed
2006046,10088661,0,0.375,Manual,False Positive
2006047,10162412,0,0.608,Rule,False Positive
2006048,10235752,0,0.67,ML Model,False Positive
2006049,10203522,0,0.497,Manual,Confirmed
2006050,10187899,0,0.837,Manual,Closed
2006051,10276960,0,0.854,Rule,Confirmed
2006052,10279133,0,0.797,Manual,Confirmed
2006053,10097962,0,0.739,ML Model,Open
2006054,10184656,0,0.825,Rule,Closed
2006055,10277012,0,0.262,Rule,Confirmed
2006056,10005472,0,0.662,Manual,Confirmed
2006057,10208678,0,0.961,Rule,False Positive
2006058,10067595,0,0.465,Rule,Closed
2006059,10397423,0,0.495,ML Model,Open
2006060,10361279,0,0.894,Manual,False Positive
2006061,10308620,1,0.781,ML Model,Open
2006062,10351306,0,0.086,Rule,Confirmed
2006063,10050435,0,0.138,Manual,Confirmed
2006064,10138940,0,0.434,Rule,False Positive
2006065,10187954,0,0.377,Manual,False Positive
2006066,10168611,0,0.218,Rule,Confirmed
2006067,10315595,0,0.085,ML Model,Closed
2006068,10150416,0,0.777,Rule,Open
2006069,10189653,0,0.302,Rule,Confirmed
2006070,10363765,0,0.438,Rule,Closed
2006071,10124269,0,0.097,Manual,Open
2006072,10046124,0,0.21,Rule,Closed
2006073,10166993,0,0.674,Rule,Closed
2006074,10150838,0,0.19,ML Model,False Positive
2006075,10033793,0,0.411,ML Model,False Positive
2006076,10376468,1,0.126,ML Model,Closed
2006077,10361442,0,0.841,ML Model,Confirmed
2006078,10008502,1,0.795,ML Model,False Positive
2006079,10224591,0,0.659,ML Model,False Positive
2006080,10353886,0,0.092,Manual,Open
2006081,10228637,0,0.474,Manual,False Positive
2006082,10393536,1,0.446,Manual,False Positive
2006083,10208073,0,0.239,Rule,Closed
2006084,10032751,1,0.576,Manual,False Positive
2006085,10243882,0,0.598,ML Model,Confirmed
2006086,10280310,0,0.384,Manual,Confirmed
2006087,10100967,0,0.594,Manual,Closed
2006088,10154607,0,0.642,ML Model,False Positive
2006089,10379774,0,0.73,ML Model,Confirmed
2006090,10342574,0,0.393,Rule,Confirmed
2006091,10205748,0,0.944,ML Model,Confirmed
2006092,10010845,0,0.8,Rule,Open
2006093,10365754,0,0.837,ML Model,Closed
2006094,10226831,0,0.499,Rule,Closed
2006095,10304269,0,0.062,Rule,Confirmed
2006096,10128155,0,0.479,Rule,Confirmed
2006097,10132885,0,0.068,Rule,Confirmed
2006098,10001790,0,0.271,Rule,Confirmed
2006099,10388390,0,0.619,Rule,Open
2006100,10236449,1,0.496,Manual,Closed
2006101,10065257,0,0.697,Manual,False Positive
2006102,10344302,0,0.908,Manual,Open
2006103,10170793,0,0.84,Rule,Open
2006104,10070084,0,0.404,ML Model,Closed
2006105,10051760,0,0.096,ML Model,Closed
2006106,10221365,0,0.476,Manual,False Positive
2006107,10394982,0,0.146,Rule,Closed
2006108,10367127,0,0.652,Manual,False Positive
2006109,10290297,0,0.319,Rule,False Positive
2006110,10163169,0,0.564,Rule,Open
2006111,10105642,0,0.916,Rule,Closed
2006112,10347069,0,0.935,ML Model,False Positive
2006113,10159496,0,0.594,Manual,Confirmed
2006114,10090394,0,0.216,Manual,Confirmed
2006115,10078359,0,0.809,ML Model,Confirmed
2006116,10066324,0,0.063,Manual,False Positive
2006117,10069672,0,0.799,Manual,Open
2006118,10117853,0,0.58,Manual,False Positive
2006119,10319345,0,0.207,ML Model,Closed
2006120,10027311,0,0.57,ML Model,Closed
2006121,10095068,1,0.619,Rule,Closed
2006122,10369609,1,0.3,ML Model,Confirmed
2006123,10243596,0,0.769,Manual,Closed
2006124,10240134,0,0.187,Manual,Open
2006125,10141888,0,0.729,ML Model,Confirmed
2006126,10082567,0,0.885,Rule,False Positive
2006127,10365594,0,0.654,Rule,Confirmed
2006128,10210925,0,0.236,Rule,Confirmed
2006129,10111146,1,0.533,Rule,Confirmed
2006130,10186568,0,0.286,Rule,False Positive
2006131,10253916,0,0.407,Rule,Confirmed
2006132,10336390,0,0.213,ML Model,Closed
2006133,10262389,0,0.45,Manual,Open
2006134,10174347,0,0.733,Rule,Closed
2006135,10302718,1,0.283,ML Model,Open
2006136,10336702,0,0.788,Manual,Confirmed
2006137,10163287,0,0.05,Rule,Closed
2006138,10066793,0,0.599,Rule,Open
2006139,10345279,0,0.295,Rule,Confirmed
2006140,10299338,0,0.401,Rule,Open
2006141,10332813,0,0.478,Manual,False Positive
2006142,10210477,0,0.175,Rule,Closed
2006143,10202581,0,0.032,ML Model,Open
2006144,10145945,0,0.573,ML Model,False Positive
2006145,10030694,0,0.202,Manual,False Positive
2006146,10003446,0,0.65,ML Model,False Positive
2006147,10395608,0,0.005,Manual,Open
2006148,10029371,0,0.242,ML Model,Open
2006149,10365764,0,0.625,ML Model,Open
2006150,10079549,0,0.703,Manual,False Positive
2006151,10344838,0,0.239,Rule,Closed
2006152,10325363,1,0.199,Manual,False Positive
2006153,10291624,0,0.832,ML Model,Confirmed
2006154,10048502,0,0.697,Manual,Confirmed
2006155,10158327,0,0.954,Manual,Confirmed
2006156,10315629,0,0.421,ML Model,Confirmed
2006157,10271221,0,0.928,ML Model,Open
2006158,10077717,0,0.577,Rule,Closed
2006159,10065808,1,0.435,Rule,Open
2006160,10134344,0,0.121,Manual,Open
2006161,10210704,0,0.228,Rule,Open
2006162,10193049,0,0.274,Rule,Open
2006163,10086925,0,0.945,Manual,Open
2006164,10216370,0,0.607,Manual,Closed
2006165,10012398,0,0.414,Rule,Closed
2006166,10065392,0,0.655,ML Model,Confirmed
2006167,10356130,1,0.73,Manual,Closed
2006168,10068413,0,0.199,ML Model,Closed
2006169,10218331,0,0.723,Rule,Open
2006170,10087554,0,0.821,ML Model,Confirmed
2006171,10093485,0,0.692,ML Model,Confirmed
2006172,10153253,0,0.581,Rule,Open
2006173,10398018,0,0.063,Manual,Closed
2006174,10194850,0,0.932,Rule,False Positive
2006175,10062564,0,0.875,Manual,Open
2006176,10259999,0,0.133,ML Model,False Positive
2006177,10376629,0,0.393,ML Model,Confirmed
2006178,10197075,0,0.912,ML Model,Open
2006179,10121180,0,0.637,Manual,Confirmed
2006180,10394432,0,0.765,ML Model,Closed
2006181,10382676,0,0.476,ML Model,Closed
2006182,10162347,0,0.651,Rule,Open
2006183,10067202,0,0.464,Rule,False Positive
2006184,10300744,1,0.763,ML Model,Open
2006185,10062186,0,0.497,Manual,Open
2006186,10302086,0,0.69,Rule,False Positive
2006187,10277416,0,0.243,Manual,False Positive
2006188,10153635,0,0.113,ML Model,Closed
2006189,10047046,0,0.401,Manual,Closed
2006190,10196914,0,0.928,Rule,Open
2006191,10210966,0,0.05,Manual,Open
2006192,10394098,0,0.669,Rule,Open
2006193,10224407,1,0.99,Manual,Closed
2006194,10280056,1,0.905,Rule,Confirmed
2006195,10198357,0,0.553,Rule,False Positive
2006196,10142956,0,0.466,Rule,Closed
2006197,10061355,0,0.858,ML Model,Closed
2006198,10144376,0,0.49,Rule,Confirmed
2006199,10341324,0,0.099,Manual,Confirmed
2006200,10170641,0,0.306,Rule,False Positive
2006201,10225425,0,0.071,Manual,Confirmed
2006202,10233790,0,0.812,Rule,Confirmed
2006203,10390964,0,0.201,Rule,Confirmed
2006204,10227236,0,0.184,Manual,Confirmed
2006205,10390919,0,0.812,Rule,Confirmed
2006206,10219328,0,0.78,Rule,Confirmed
2006207,10042710,0,0.61,ML Model,False Positive
2006208,10397385,0,0.264,ML Model,Confirmed
2006209,10048738,0,0.676,Manual,False Positive
2006210,10374260,0,0.721,Rule,Closed
2006211,10127266,0,0.985,Rule,Open
2006212,10356875,0,0.113,Manual,Confirmed
2006213,10256008,0,0.557,Manual,Closed
2006214,10227574,0,0.999,ML Model,Confirmed
2006215,10179782,0,0.698,ML Model,Closed
2006216,10262283,0,0.093,Manual,False Positive
2006217,10174935,0,0.87,ML Model,Closed
2006218,10012227,0,0.991,ML Model,Open
2006219,10208427,0,0.569,Rule,False Positive
2006220,10252987,0,0.306,ML Model,Open
2006221,10202508,0,0.578,ML Model,Open
2006222,10388564,1,0.04,Manual,Open
2006223,10333705,0,0.449,ML Model,Closed
2006224,10246954,0,0.579,Manual,Open
2006225,10043013,0,0.356,ML Model,Open
2006226,10209762,0,0.204,ML Model,False Positive
2006227,10123347,0,0.853,Manual,Closed
2006228,10292855,0,0.105,Rule,Open
2006229,10321107,0,0.578,Rule,Open
2006230,10238026,0,0.073,ML Model,Open
2006231,10293320,0,0.743,Rule,Closed
2006232,10119682,0,0.67,Manual,False Positive
2006233,10373616,1,0.992,Manual,Confirmed
2006234,10349176,0,0.582,Manual,False Positive
2006235,10123876,0,0.683,ML Model,Confirmed
2006236,10249537,0,0.178,Rule,False Positive
2006237,10291889,0,0.35,ML Model,Open
2006238,10193931,0,0.583,ML Model,Confirmed
2006239,10259757,0,0.853,ML Model,Open
2006240,10116459,0,0.58,Rule,Confirmed
2006241,10313952,0,0.832,Manual,Open
2006242,10040072,0,0.348,ML Model,Open
2006243,10088465,0,0.48,Manual,Open
2006244,10126828,0,0.912,Rule,False Positive
2006245,10045385,0,0.717,ML Model,False Positive
2006246,10102663,0,0.304,Rule,False Positive
2006247,10007259,0,0.953,Rule,Open
2006248,10230791,0,0.844,Rule,False Positive
2006249,10359956,0,0.712,Rule,False Positive
2006250,10054751,0,0.955,Rule,Confirmed
2006251,10294998,0,0.516,ML Model,Open
2006252,10348895,0,0.053,Rule,Confirmed
2006253,10200221,0,0.438,ML Model,Confirmed
2006254,10241846,0,0.994,Rule,Confirmed
2006255,10177000,0,0.869,ML Model,Confirmed
2006256,10328346,0,0.595,Manual,Confirmed
2006257,10099966,0,0.72,ML Model,False Positive
2006258,10089910,0,0.701,Manual,False Positive
2006259,10239639,0,0.3,Rule,Closed
2006260,10386777,0,0.237,Manual,Confirmed
2006261,10348981,0,0.65,Manual,False Positive
2006262,10305959,0,0.51,Rule,False Positive
2006263,10219867,0,0.745,Manual,Open
2006264,10260409,0,0.296,ML Model,False Positive
2006265,10155937,0,0.627,Manual,Closed
2006266,10346317,0,0.079,Manual,Open
2006267,10386800,0,0.622,Manual,False Positive
2006268,10077971,0,0.037,Manual,False Positive
2006269,10321311,0,0.021,ML Model,False Positive
2006270,10044347,0,0.259,Manual,Closed
2006271,10072519,0,0.027,Rule,Closed
2006272,10188073,0,0.986,Manual,False Positive
2006273,10172764,0,0.689,Rule,False Positive
2006274,10101394,0,0.758,ML Model,Open
2006275,10192505,0,0.935,Manual,Open
2006276,10054495,0,0.007,Rule,Confirmed
2006277,10143666,0,0.928,ML Model,Confirmed
2006278,10268743,0,0.816,ML Model,Confirmed
2006279,10030148,0,0.364,ML Model,Confirmed
2006280,10136607,0,0.501,Manual,Open
2006281,10333264,0,0.967,Manual,Confirmed
2006282,10140900,0,0.187,ML Model,Closed
2006283,10326901,0,0.77,ML Model,False Positive
2006284,10221732,0,0.883,ML Model,False Positive
2006285,10059883,0,0.042,Manual,Closed
2006286,10339345,0,0.373,Rule,Open
2006287,10044885,1,0.615,Manual,Closed
2006288,10180349,0,0.624,Rule,Confirmed
2006289,10341826,0,0.788,ML Model,Closed
2006290,10198144,0,0.57,Rule,Confirmed
2006291,10344926,0,0.82,Rule,Open
2006292,10092664,0,0.916,Rule,False Positive
2006293,10061517,0,0.484,ML Model,Open
2006294,10191803,0,0.82,Rule,Confirmed
2006295,10144014,0,0.704,Rule,Closed
2006296,10193385,0,0.057,Rule,Open
2006297,10268215,0,0.223,ML Model,Open
2006298,10254887,0,0.91,Manual,Open
2006299,10297855,0,0.839,ML Model,Open
2006300,10293073,0,0.801,Rule,Closed
2006301,10323314,0,0.186,Rule,False Positive
2006302,10000422,0,0.838,Rule,Closed
2006303,10237202,0,0.666,Rule,False Positive
2006304,10140848,0,0.197,ML Model,Closed
2006305,10159935,0,0.886,ML Model,Confirmed
2006306,10152606,0,0.084,Rule,Closed
2006307,10396428,0,0.555,Manual,Open
2006308,10109900,0,0.15,ML Model,Open
2006309,10394150,0,0.232,Manual,Confirmed
2006310,10267907,0,0.185,Rule,False Positive
2006311,10218822,0,0.459,ML Model,False Positive
2006312,10043904,0,0.423,Manual,Open
2006313,10221908,0,0.443,Manual,False Positive
2006314,10347936,0,0.924,Manual,Confirmed
2006315,10159434,0,0.974,Manual,False Positive
2006316,10272594,0,0.519,ML Model,Confirmed
2006317,10029375,0,0.249,Rule,Closed
2006318,10177992,0,0.622,Rule,Closed
2006319,10183804,0,0.078,ML Model,Closed
2006320,10070947,0,0.356,Manual,Closed
2006321,10341676,0,0.234,Manual,Confirmed
2006322,10215799,0,0.402,Rule,Confirmed
2006323,10324863,0,0.725,ML Model,False Positive
2006324,10230737,0,0.291,Manual,Confirmed
2006325,10001450,0,0.514,Manual,Closed
2006326,10223451,0,0.309,Manual,Closed
2006327,10371546,0,0.04,ML Model,Confirmed
2006328,10019345,0,0.215,Rule,Confirmed
2006329,10338997,0,0.038,ML Model,Open
2006330,10345536,1,0.431,Rule,Open
2006331,10134728,0,0.749,ML Model,Open
2006332,10211448,0,0.54,Rule,Confirmed
2006333,10343089,0,0.914,ML Model,Closed
2006334,10170679,0,0.508,Rule,False Positive
2006335,10108926,0,0.326,ML Model,False Positive
2006336,10063555,0,0.465,ML Model,False Positive
2006337,10371329,0,0.321,Manual,Confirmed
2006338,10229863,1,0.687,Rule,Open
2006339,10367021,0,0.913,Rule,Confirmed
2006340,10024507,0,0.987,Manual,Confirmed
2006341,10065358,0,0.701,Rule,False Positive
2006342,10194270,0,0.688,Manual,Closed
2006343,10150079,0,0.264,Manual,Confirmed
2006344,10223820,0,0.521,Rule,Closed
2006345,10001832,0,0.045,Manual,Open
2006346,10099910,0,0.847,Rule,Open
2006347,10015761,0,0.958,ML Model,Open
2006348,10398653,0,0.878,Manual,Open
2006349,10286569,0,0.801,Manual,Closed
2006350,10151486,0,0.219,Rule,Closed
2006351,10121675,1,0.035,Rule,False Positive
2006352,10043700,0,0.6,Manual,Confirmed
2006353,10349440,0,0.547,ML Model,Confirmed
2006354,10172842,0,0.886,ML Model,Open
2006355,10329201,0,0.257,Manual,False Positive
2006356,10208707,0,0.465,Rule,Open
2006357,10013154,1,0.509,ML Model,Closed
2006358,10012604,0,0.382,Rule,Confirmed
2006359,10241368,0,0.217,Rule,Confirmed
2006360,10154595,0,0.19,ML Model,Closed
2006361,10013638,0,0.063,Manual,Open
2006362,10191429,1,0.244,Rule,Open
2006363,10146766,0,0.703,Manual,Confirmed
2006364,10102034,0,0.279,Rule,Confirmed
2006365,10318046,0,0.822,ML Model,False Positive
2006366,10118009,1,0.68,Manual,Open
2006367,10353076,0,0.893,Manual,Confirmed
2006368,10264300,0,0.232,ML Model,Open
2006369,10218178,0,0.071,ML Model,Closed
2006370,10221301,0,0.17,Rule,False Positive
2006371,10112951,0,0.082,Manual,Closed
2006372,10115436,0,0.613,ML Model,False Positive
2006373,10385789,0,0.298,Manual,False Positive
2006374,10255415,0,0.715,Rule,Confirmed
2006375,10314308,0,0.524,Rule,Open
2006376,10353359,0,0.113,Manual,Confirmed
2006377,10189184,0,0.573,Rule,False Positive
2006378,10075322,0,0.935,ML Model,Confirmed
2006379,10347458,0,0.985,Manual,False Positive
2006380,10010509,0,0.192,Manual,Closed
2006381,10363842,0,0.702,Manual,Confirmed
2006382,10121358,0,0.705,Manual,Open
2006383,10288163,0,0.524,Rule,Closed
2006384,10372226,0,0.174,ML Model,False Positive
2006385,10144085,0,0.791,Manual,Open
2006386,10002146,0,0.892,Manual,False Positive
2006387,10284697,0,0.455,Manual,Closed
2006388,10360741,0,0.723,ML Model,Open
2006389,10045186,0,0.213,Manual,False Positive
2006390,10176398,0,0.571,ML Model,False Positive
2006391,10260011,1,0.858,ML Model,Open
2006392,10375449,1,0.584,Manual,Closed
2006393,10309640,0,0.853,ML Model,False Positive
2006394,10118349,1,0.975,ML Model,Open
2006395,10105085,0,0.176,Rule,Open
2006396,10249882,0,0.112,ML Model,Closed
2006397,10328725,0,0.625,Rule,Open
2006398,10171331,0,0.959,ML Model,False Positive
2006399,10337276,0,0.209,Manual,Open
2006400,10053907,0,0.817,ML Model,Confirmed
2006401,10128847,1,0.645,Manual,Closed
2006402,10139952,0,0.799,Rule,Confirmed
2006403,10066804,0,0.974,Rule,Confirmed
2006404,10303830,0,0.898,ML Model,Confirmed
2006405,10169834,0,0.028,ML Model,Confirmed
2006406,10347094,0,0.437,Manual,Closed
2006407,10138956,0,0.321,Manual,False Positive
2006408,10218165,0,0.183,Rule,Open
2006409,10049670,0,0.25,Rule,Open
2006410,10380643,0,0.179,Manual,False Positive
2006411,10236889,0,0.821,ML Model,False Positive
2006412,10351896,0,0.688,Manual,False Positive
2006413,10105425,0,0.021,Rule,Closed
2006414,10177997,0,0.185,Manual,Open
2006415,10032594,0,0.368,Rule,False Positive
2006416,10388497,0,0.107,Manual,False Positive
2006417,10359611,0,0.311,Rule,Open
2006418,10377548,0,0.116,Manual,Confirmed
2006419,10000544,0,0.706,Manual,Open
2006420,10162377,0,0.739,Manual,Confirmed
2006421,10267746,0,0.027,Rule,Open
2006422,10174491,0,0.09,ML Model,Open
2006423,10090270,1,0.441,ML Model,False Positive
2006424,10248890,0,0.887,Manual,False Positive
2006425,10330809,0,0.705,ML Model,False Positive
2006426,10144965,0,0.572,Manual,Confirmed
2006427,10216402,1,0.191,ML Model,Closed
2006428,10198031,0,0.036,Rule,False Positive
2006429,10385327,0,0.211,ML Model,Closed
2006430,10142709,0,0.271,ML Model,Open
2006431,10205833,0,0.294,ML Model,Confirmed
2006432,10295432,0,0.55,Manual,Confirmed
2006433,10336261,1,0.699,ML Model,Open
2006434,10025993,0,0.078,ML Model,False Positive
2006435,10055142,0,0.851,ML Model,Confirmed
2006436,10170523,0,0.806,Rule,Confirmed
2006437,10047443,0,0.029,Manual,Open
2006438,10290209,0,0.913,Manual,Confirmed
2006439,10287844,1,0.61,Rule,Confirmed
2006440,10197455,0,0.461,Manual,Open
2006441,10087253,0,0.118,ML Model,Confirmed
2006442,10108336,0,0.43,Manual,Closed
2006443,10219990,0,0.563,Manual,False Positive
2006444,10020165,0,0.208,ML Model,Open
2006445,10372796,0,0.635,Manual,Closed
2006446,10321173,0,0.012,ML Model,Closed
2006447,10348970,0,0.139,Manual,Open
2006448,10218103,0,0.369,ML Model,Open
2006449,10202965,0,0.869,Rule,Open
2006450,10147852,0,0.763,Manual,Open
2006451,10226981,0,0.688,Manual,Confirmed
2006452,10005618,0,0.882,Manual,Confirmed
2006453,10141709,0,0.836,ML Model,Confirmed
2006454,10259843,0,0.302,Rule,False Positive
2006455,10389243,0,0.528,ML Model,Open
2006456,10130011,0,0.877,ML Model,Closed
2006457,10076153,0,0.213,ML Model,False Positive
2006458,10338287,1,0.655,Manual,False Positive
2006459,10076283,0,0.638,Rule,Open
2006460,10272256,0,0.657,Manual,Confirmed
2006461,10082095,1,0.947,Manual,Open
2006462,10225948,0,0.761,Rule,Closed
2006463,10292195,0,0.739,Manual,False Positive
2006464,10031893,0,0.273,Rule,False Positive
2006465,10177408,0,0.996,Rule,Open
2006466,10118092,0,0.393,Rule,Confirmed
2006467,10322669,0,0.137,Rule,Open
2006468,10341664,1,0.504,Rule,Closed
2006469,10252340,0,0.326,ML Model,Open
2006470,10166664,0,0.858,Rule,Closed
2006471,10119098,1,0.01,ML Model,Open
2006472,10363321,0,0.379,Rule,Open
2006473,10284418,0,0.59,Manual,Closed
2006474,10135939,0,0.069,Manual,Confirmed
2006475,10353363,0,0.083,Manual,Open
2006476,10001812,0,0.181,Manual,Confirmed
2006477,10030050,1,0.395,Manual,Confirmed
2006478,10118356,0,0.561,ML Model,Closed
2006479,10247528,0,0.565,ML Model,False Positive
2006480,10191443,0,0.989,ML Model,False Positive
2006481,10242089,0,0.295,Manual,Confirmed
2006482,10042176,0,0.503,ML Model,False Positive
2006483,10367678,0,0.874,ML Model,Closed
2006484,10116133,0,0.065,Rule,Open
2006485,10195944,0,0.726,Manual,False Positive
2006486,10343325,0,0.49,ML Model,False Positive
2006487,10298026,0,0.434,ML Model,False Positive
2006488,10383116,0,0.162,Rule,Open
2006489,10240607,0,0.387,Manual,Open
2006490,10289215,0,0.442,Manual,Confirmed
2006491,10249680,0,0.092,Rule,Closed
2006492,10213747,0,0.697,Rule,Open
2006493,10389145,0,0.056,Rule,Closed
2006494,10149287,0,0.204,ML Model,Closed
2006495,10375360,0,0.387,ML Model,False Positive
2006496,10239255,0,0.6,ML Model,Open
2006497,10063297,0,0.647,Manual,False Positive
2006498,10367084,0,0.151,Rule,Open
2006499,10000269,0,0.198,Rule,Open
2006500,10142678,0,0.887,Rule,False Positive
2006501,10117042,0,0.904,ML Model,Open
2006502,10130910,0,0.062,ML Model,Closed
2006503,10246293,0,0.739,Manual,False Positive
2006504,10143645,0,0.438,Manual,Confirmed
2006505,10267525,0,0.73,Rule,Closed
2006506,10203181,0,0.755,Rule,Closed
2006507,10244043,0,0.794,Manual,Confirmed
2006508,10258023,0,0.503,Manual,Confirmed
2006509,10045647,0,0.46,ML Model,Open
2006510,10394900,0,0.12,ML Model,Closed
2006511,10153894,0,0.893,ML Model,Closed
2006512,10306953,0,0.715,Manual,Open
2006513,10373726,0,0.276,Manual,Open
2006514,10227158,0,0.88,ML Model,Open
2006515,10357902,0,0.77,Rule,Confirmed
2006516,10127875,0,0.14,Manual,False Positive
2006517,10076382,0,0.215,Rule,False Positive
2006518,10026377,0,0.073,Manual,Open
2006519,10204721,1,0.216,Manual,Open
2006520,10185713,0,0.552,Rule,Open
2006521,10143256,0,0.924,Manual,Closed
2006522,10268964,0,0.279,ML Model,Confirmed
2006523,10209319,0,0.823,Rule,Confirmed
2006524,10084119,0,0.637,Manual,Confirmed
2006525,10234700,0,0.209,ML Model,Confirmed
2006526,10299046,0,0.431,Manual,Confirmed
2006527,10267321,0,0.917,Rule,Closed
2006528,10103363,0,0.196,Rule,Closed
2006529,10046555,0,0.184,Rule,Closed
2006530,10386293,0,0.808,Manual,Confirmed
2006531,10052514,0,0.682,ML Model,Closed
2006532,10042635,0,0.851,ML Model,Open
2006533,10340437,0,0.554,Manual,False Positive
2006534,10014156,0,0.015,Rule,Open
2006535,10322633,0,0.809,Manual,Confirmed
2006536,10033077,0,0.462,Manual,Confirmed
2006537,10364883,0,0.419,ML Model,Open
2006538,10034709,0,0.233,Manual,Closed
2006539,10398427,0,0.857,Manual,False Positive
2006540,10289377,0,0.677,Manual,Closed
2006541,10136360,0,0.541,ML Model,False Positive
2006542,10331333,0,0.291,Rule,Confirmed
2006543,10065611,0,0.567,Manual,Closed
2006544,10082732,0,0.901,ML Model,Confirmed
2006545,10160319,0,0.373,Rule,Confirmed
2006546,10118876,0,0.947,ML Model,Closed
2006547,10248671,0,0.26,ML Model,False Positive
2006548,10069101,0,0.487,ML Model,False Positive
2006549,10341273,0,0.07,Rule,Closed
2006550,10312325,0,0.966,ML Model,Confirmed
2006551,10286960,0,0.66,ML Model,False Positive
2006552,10343278,0,0.774,Rule,Confirmed
2006553,10255158,0,0.61,Rule,Open
2006554,10324394,0,0.143,Manual,Closed
2006555,10358550,0,0.868,ML Model,Closed
2006556,10006492,0,0.067,Rule,Confirmed
2006557,10041262,0,0.734,ML Model,False Positive
2006558,10089814,0,0.959,Manual,Confirmed
2006559,10226115,0,0.248,Rule,False Positive
2006560,10215109,0,0.501,Rule,False Positive
2006561,10308868,0,0.135,Manual,Closed
2006562,10247703,0,0.544,Manual,False Positive
2006563,10219664,1,0.635,Manual,Closed
2006564,10254187,0,0.086,Manual,Confirmed
2006565,10237715,0,0.476,Rule,Open
2006566,10101196,0,0.61,Rule,False Positive
2006567,10256971,0,0.402,Rule,False Positive
2006568,10140782,0,0.0,Manual,False Positive
2006569,10095124,0,0.656,ML Model,Closed
2006570,10183706,0,0.011,ML Model,Confirmed
2006571,10243993,0,0.622,ML Model,Open
2006572,10011964,0,0.759,ML Model,Open
2006573,10250957,0,0.569,Rule,False Positive
2006574,10193204,0,0.405,ML Model,Closed
2006575,10145891,0,0.241,Manual,Open
2006576,10253276,1,0.35,Manual,False Positive
2006577,10190527,0,0.82,ML Model,False Positive
2006578,10185702,0,0.659,Rule,False Positive
2006579,10090999,0,0.519,Rule,Open
2006580,10013731,0,0.351,Rule,Closed
2006581,10164094,0,0.541,Manual,Closed
2006582,10155208,0,0.888,Manual,Open
2006583,10002351,0,0.965,Manual,Closed
2006584,10196917,1,0.017,ML Model,Open
2006585,10244667,0,0.219,Rule,False Positive
2006586,10121527,0,0.6,Manual,Closed
2006587,10270155,0,0.017,Rule,Open
2006588,10381526,0,0.553,Manual,Closed
2006589,10202010,1,0.339,Rule,Confirmed
2006590,10091736,0,0.809,ML Model,Closed
2006591,10096629,0,0.025,Manual,Open
2006592,10354739,0,0.888,Manual,Open
2006593,10235853,0,0.739,Rule,Confirmed
2006594,10121754,0,0.467,Rule,False Positive
2006595,10399059,0,0.372,ML Model,Confirmed
2006596,10331824,0,0.925,Manual,False Positive
2006597,10191902,1,0.642,Manual,Confirmed
2006598,10376099,0,0.004,ML Model,False Positive
2006599,10374494,0,0.8,ML Model,False Positive
2006600,10070046,0,0.041,Manual,Open
2006601,10069595,0,0.727,ML Model,Open
2006602,10010048,0,0.534,ML Model,False Positive
2006603,10027415,0,0.359,Rule,Open
2006604,10221789,0,0.708,Manual,Open
2006605,10317743,0,0.577,ML Model,Open
2006606,10352413,0,0.858,Rule,False Positive
2006607,10344020,0,0.643,Rule,Closed
2006608,10073867,0,0.197,ML Model,Confirmed
2006609,10374458,0,0.766,Rule,False Positive
2006610,10352112,1,0.06,Manual,Confirmed
2006611,10288389,0,0.717,Rule,Closed
2006612,10182857,0,0.776,Manual,Confirmed
2006613,10265084,0,0.287,Rule,False Positive
2006614,10397971,0,0.687,Rule,Open
2006615,10152955,0,0.571,Rule,Open
2006616,10384797,0,0.773,ML Model,Confirmed
2006617,10133878,0,0.201,Rule,Confirmed
2006618,10239276,1,0.084,ML Model,False Positive
2006619,10337333,0,0.154,Rule,Closed
2006620,10305238,0,0.949,ML Model,Open
2006621,10355449,0,0.063,ML Model,False Positive
2006622,10305128,0,0.019,Rule,Closed
2006623,10331642,0,0.615,Rule,False Positive
2006624,10211992,0,0.391,ML Model,Open
2006625,10144275,0,0.857,ML Model,False Positive
2006626,10167529,0,0.868,Manual,Open
2006627,10052138,0,0.525,Rule,Open
2006628,10322128,1,0.601,Manual,Closed
2006629,10209234,0,0.809,Manual,Confirmed
2006630,10220354,0,0.191,Rule,Confirmed
2006631,10030738,0,0.737,Manual,Confirmed
2006632,10048835,0,0.295,Manual,Closed
2006633,10363588,0,0.173,Manual,Confirmed
2006634,10028967,0,0.27,Rule,Closed
2006635,10185889,0,0.275,Rule,Closed
2006636,10095087,0,0.556,Manual,Confirmed
2006637,10143392,0,0.724,ML Model,Open
2006638,10238491,0,0.289,ML Model,Open
2006639,10375364,0,0.517,ML Model,Confirmed
2006640,10307003,0,0.289,Rule,Open
2006641,10069498,0,0.145,Manual,Open
2006642,10325020,0,0.72,Manual,Open
2006643,10063805,0,0.842,ML Model,Open
2006644,10033663,0,0.204,ML Model,Open
2006645,10268484,0,0.374,Rule,Open
2006646,10355948,0,0.491,Rule,Confirmed
2006647,10343789,0,0.846,Manual,Closed
2006648,10336985,0,0.428,Manual,Closed
2006649,10268480,0,0.617,ML Model,Open
2006650,10083130,0,0.285,ML Model,Open
2006651,10182741,0,0.292,Rule,Open
2006652,10008567,1,0.904,Rule,False Positive
2006653,10261919,0,0.507,Rule,Confirmed
2006654,10287575,0,0.805,Manual,Confirmed
2006655,10073443,0,0.916,Rule,Confirmed
2006656,10330689,0,0.102,Manual,Confirmed
2006657,10206440,0,0.622,Manual,False Positive
2006658,10062761,0,0.77,Rule,Closed
2006659,10186725,0,0.175,Manual,Confirmed
2006660,10041093,0,0.253,Rule,Open
2006661,10254165,0,0.336,Manual,Closed
2006662,10218790,0,0.36,Rule,False Positive
2006663,10185447,0,0.888,ML Model,Confirmed
2006664,10278990,0,0.476,Rule,Closed
2006665,10223060,0,0.267,Rule,Open
2006666,10321589,0,0.568,Rule,Confirmed
2006667,10386148,0,0.644,Rule,Open
2006668,10300958,0,0.051,Rule,False Positive
2006669,10185868,0,0.212,Rule,Confirmed
2006670,10210514,0,0.686,Rule,Confirmed
2006671,10373566,0,0.29,ML Model,Confirmed
2006672,10253929,0,0.702,ML Model,Confirmed
2006673,10189114,0,0.062,ML Model,Closed
2006674,10082240,0,0.182,Manual,False Positive
2006675,10275385,0,0.456,Rule,Closed
2006676,10129051,0,0.759,Manual,Closed
2006677,10196718,0,0.309,Manual,Closed
2006678,10115448,0,0.19,ML Model,False Positive
2006679,10221824,0,0.267,Rule,Closed
2006680,10148470,0,0.867,Manual,Confirmed
2006681,10098585,0,0.099,ML Model,Closed
2006682,10140209,0,0.249,Manual,Confirmed
2006683,10388551,0,0.154,Rule,False Positive
2006684,10362179,0,0.934,Manual,Closed
2006685,10313825,0,0.153,Manual,Confirmed
2006686,10046318,0,0.333,ML Model,Open
2006687,10365030,0,0.31,Rule,Open
2006688,10229138,0,0.526,Manual,Open
2006689,10223506,0,0.432,Rule,False Positive
2006690,10126472,0,0.988,Rule,Confirmed
2006691,10320834,0,0.609,Rule,Open
2006692,10351195,1,0.829,Manual,Closed
2006693,10046625,0,0.656,Rule,Closed
2006694,10134949,0,0.899,Rule,Confirmed
2006695,10122633,0,0.916,ML Model,Closed
2006696,10313578,0,0.527,Rule,Closed
2006697,10024977,0,0.746,ML Model,Confirmed
2006698,10398280,0,0.863,Rule,Closed
2006699,10033564,0,0.556,ML Model,False Positive
2006700,10077003,0,0.119,ML Model,False Positive
2006701,10015999,0,0.773,ML Model,Open
2006702,10353916,0,0.926,ML Model,Open
2006703,10051151,0,0.436,Manual,Confirmed
2006704,10170354,0,0.614,ML Model,Open
2006705,10302497,0,0.96,Rule,Open
2006706,10358698,0,0.36,Rule,False Positive
2006707,10334141,0,0.653,Rule,False Positive
2006708,10349814,0,0.812,ML Model,Closed
2006709,10081800,0,0.658,Manual,Open
2006710,10015463,0,0.102,ML Model,Open
2006711,10018562,0,0.03,Rule,Confirmed
2006712,10396645,0,0.479,Rule,False Positive
2006713,10396786,0,0.351,Rule,Open
2006714,10053612,0,0.451,Manual,Confirmed
2006715,10116438,0,0.598,Manual,Open
2006716,10338203,0,0.472,ML Model,Confirmed
2006717,10165171,0,0.475,ML Model,Confirmed
2006718,10090968,0,0.958,Manual,Closed
2006719,10216890,0,0.058,Manual,Confirmed
2006720,10359901,0,0.198,Manual,Open
2006721,10385482,0,0.912,Rule,Open
2006722,10234328,0,0.348,ML Model,Closed
2006723,10120311,0,0.82,Manual,Closed
2006724,10156881,0,0.332,Manual,Confirmed
2006725,10342126,0,0.075,ML Model,False Positive
2006726,10006195,0,0.084,Rule,Closed
2006727,10037097,0,0.068,Rule,Confirmed
2006728,10016416,0,0.145,Manual,False Positive
2006729,10380787,0,0.803,ML Model,False Positive
2006730,10351647,0,0.65,ML Model,Open
2006731,10311286,0,0.244,Manual,Open
2006732,10102000,0,0.323,ML Model,Open
2006733,10212107,0,0.488,Rule,Closed
2006734,10153057,0,0.629,ML Model,Open
2006735,10330279,0,0.662,Manual,Open
2006736,10386221,0,0.988,Rule,Closed
2006737,10043017,0,0.83,Rule,Closed
2006738,10199180,0,0.502,Rule,Closed
2006739,10331784,0,0.885,ML Model,Confirmed
2006740,10034564,0,0.21,Rule,False Positive
2006741,10023164,0,0.539,ML Model,Confirmed
2006742,10236167,0,0.887,Manual,Closed
2006743,10338241,0,0.296,Manual,Confirmed
2006744,10305404,0,0.78,Manual,Closed
2006745,10152731,0,0.757,Rule,Closed
2006746,10038901,0,0.524,Manual,False Positive
2006747,10081512,0,0.657,ML Model,Open
2006748,10237262,0,0.951,ML Model,False Positive
2006749,10220234,0,0.773,Manual,Open
2006750,10109616,0,0.254,Manual,Closed
2006751,10153233,0,0.777,Manual,False Positive
2006752,10135081,1,0.995,Rule,Open
2006753,10081242,0,0.635,ML Model,Open
2006754,10255744,0,0.4,Manual,False Positive
2006755,10126390,0,0.649,ML Model,Confirmed
2006756,10328821,0,0.705,Rule,False Positive
2006757,10144974,0,0.397,Manual,Confirmed
2006758,10148252,0,0.98,ML Model,Open
2006759,10137103,1,0.317,Manual,Open
2006760,10321535,0,0.744,Manual,Closed
2006761,10270289,0,0.531,Rule,Open
2006762,10180146,0,0.69,Rule,Closed
2006763,10168214,0,0.607,ML Model,Confirmed
2006764,10117432,0,0.779,Manual,Confirmed
2006765,10125426,1,0.501,Rule,False Positive
2006766,10099265,0,0.399,Manual,Confirmed
2006767,10130426,0,0.818,Manual,False Positive
2006768,10179388,0,0.807,ML Model,Open
2006769,10284079,0,0.474,Manual,Closed
2006770,10022300,1,0.527,ML Model,Open
2006771,10312364,0,0.558,Rule,False Positive
2006772,10055040,0,0.426,Rule,Confirmed
2006773,10019217,0,0.316,ML Model,False Positive
2006774,10378101,0,0.864,Rule,Closed
2006775,10343603,0,0.907,Manual,Open
2006776,10299087,0,0.67,Manual,Closed
2006777,10001030,0,0.804,ML Model,Confirmed
2006778,10029662,0,0.528,Manual,Open
2006779,10395488,0,0.913,Rule,Open
2006780,10233891,0,0.102,Manual,Closed
2006781,10379770,0,0.13,ML Model,Closed
2006782,10393738,0,0.716,Manual,Confirmed
2006783,10257236,0,0.221,ML Model,Closed
2006784,10203446,0,0.117,ML Model,False Positive
2006785,10194621,0,0.754,Manual,Open
2006786,10310148,0,0.516,Manual,Closed
2006787,10123632,1,0.213,Rule,Confirmed
2006788,10183053,0,0.002,ML Model,Closed
2006789,10056206,0,0.904,Rule,Confirmed
2006790,10081473,0,0.861,ML Model,False Positive
2006791,10233593,0,0.767,ML Model,Closed
2006792,10186892,1,0.94,Manual,False Positive
2006793,10326219,0,0.443,ML Model,Closed
2006794,10396446,0,0.604,Manual,Closed
2006795,10114941,0,0.977,Manual,Closed
2006796,10046654,0,0.898,Manual,Open
2006797,10103014,0,0.507,Manual,False Positive
2006798,10016832,0,0.188,Manual,Open
2006799,10137408,0,0.7,ML Model,Confirmed
2006800,10185004,0,0.098,Rule,False Positive
2006801,10055917,0,0.397,ML Model,False Positive
2006802,10104396,0,0.223,ML Model,Open
2006803,10286384,0,0.277,Rule,Confirmed
2006804,10034554,0,0.21,Manual,False Positive
2006805,10016679,0,0.131,ML Model,Closed
2006806,10132266,0,0.715,Rule,False Positive
2006807,10235740,0,0.125,Manual,Open
2006808,10231637,0,0.978,Manual,Open
2006809,10114840,0,0.997,Rule,Confirmed
2006810,10321277,0,0.186,ML Model,Open
2006811,10363502,0,0.131,Manual,Confirmed
2006812,10156771,0,0.884,ML Model,Closed
2006813,10206159,0,0.81,ML Model,False Positive
2006814,10398173,1,0.029,Rule,False Positive
2006815,10127012,0,0.359,Rule,Open
2006816,10068642,0,0.853,ML Model,Open
2006817,10355665,0,0.496,Rule,Closed
2006818,10296822,0,0.531,Rule,Confirmed
2006819,10320190,0,0.685,Manual,Closed
2006820,10037210,0,0.273,Manual,False Positive
2006821,10382654,0,0.949,ML Model,Open
2006822,10192479,0,0.483,ML Model,Closed
2006823,10399408,0,0.075,ML Model,Open
2006824,10052772,0,0.433,ML Model,False Positive
2006825,10207220,0,0.818,Manual,False Positive
2006826,10194171,0,0.187,Rule,Open
2006827,10392638,0,0.06,Manual,Closed
2006828,10157754,1,0.544,Manual,False Positive
2006829,10366857,0,0.219,Manual,Confirmed
2006830,10194629,0,0.837,Manual,Closed
2006831,10005384,0,0.584,Manual,False Positive
2006832,10260660,0,0.552,ML Model,False Positive
2006833,10086490,0,0.99,ML Model,Open
2006834,10342803,0,0.325,ML Model,False Positive
2006835,10233931,0,0.077,Rule,Closed
2006836,10278430,0,0.18,Manual,False Positive
2006837,10305811,1,0.908,Rule,False Positive
2006838,10066719,1,0.394,Manual,Open
2006839,10153700,0,0.08,ML Model,Confirmed
2006840,10032861,0,0.987,ML Model,Closed
2006841,10260311,0,0.437,Manual,Closed
2006842,10044571,0,0.358,Rule,False Positive
2006843,10298875,0,0.616,Manual,Closed
2006844,10025157,0,0.811,ML Model,Closed
2006845,10025970,0,0.878,Rule,Confirmed
2006846,10208056,0,0.274,Manual,Open
2006847,10376889,0,0.453,Manual,False Positive
2006848,10368741,0,0.567,Rule,False Positive
2006849,10389061,1,0.074,ML Model,False Positive
2006850,10264419,0,0.174,Manual,Closed
2006851,10344826,0,0.964,Rule,False Positive
2006852,10143377,0,0.394,Manual,Open
2006853,10063214,0,0.9,Rule,False Positive
2006854,10311917,0,0.914,ML Model,Open
2006855,10317958,0,0.237,Rule,Closed
2006856,10218439,0,0.439,Manual,False Positive
2006857,10010114,0,0.135,Manual,Open
2006858,10221064,0,0.687,ML Model,Closed
2006859,10281325,0,0.16,Rule,Closed
2006860,10113922,0,0.243,ML Model,Open
2006861,10124147,0,0.324,Rule,Closed
2006862,10303334,0,0.987,ML Model,Confirmed
2006863,10048766,0,0.973,Rule,Closed
2006864,10313592,0,0.478,Manual,Closed
2006865,10225559,1,0.981,Manual,Confirmed
2006866,10262392,0,0.698,Manual,Closed
2006867,10045366,0,0.497,ML Model,Confirmed
2006868,10130635,0,0.161,Manual,Closed
2006869,10365879,0,0.595,Manual,False Positive
2006870,10023107,0,0.355,ML Model,False Positive
2006871,10121102,0,0.901,ML Model,Open
2006872,10342422,0,0.107,Manual,Confirmed
2006873,10294401,0,0.015,Manual,Confirmed
2006874,10135262,0,0.273,ML Model,False Positive
2006875,10379494,0,0.81,Rule,Open
2006876,10317716,0,0.327,Manual,Closed
2006877,10049315,0,0.954,Rule,False Positive
2006878,10051623,0,0.891,ML Model,Closed
2006879,10247545,0,0.642,Manual,Open
2006880,10336514,0,0.164,Manual,Confirmed
2006881,10306567,0,0.254,ML Model,Open
2006882,10286145,0,0.528,Manual,Closed
2006883,10210918,0,0.566,ML Model,Closed
2006884,10170549,0,0.18,ML Model,False Positive
2006885,10234091,0,0.907,Rule,Confirmed
2006886,10057858,0,0.848,Manual,Confirmed
2006887,10079981,0,0.801,Manual,False Positive
2006888,10001441,0,0.396,ML Model,False Positive
2006889,10288481,0,0.197,Manual,Confirmed
2006890,10059866,0,0.029,Rule,Closed
2006891,10249674,0,0.553,Manual,False Positive
2006892,10124386,0,0.2,ML Model,Open
2006893,10145354,0,0.255,Manual,Open
2006894,10158530,0,0.261,ML Model,Closed
2006895,10282589,0,0.764,Manual,Closed
2006896,10182475,0,0.438,Manual,False Positive
2006897,10380598,0,0.751,ML Model,Confirmed
2006898,10333542,0,0.627,Manual,Open
2006899,10132288,0,0.991,Manual,False Positive
2006900,10356862,1,0.887,ML Model,False Positive
2006901,10186142,0,0.98,ML Model,Open
2006902,10185877,0,0.271,Manual,Closed
2006903,10063404,0,0.479,Rule,Closed
2006904,10265298,0,0.475,Rule,False Positive
2006905,10165409,0,0.771,Rule,Closed
2006906,10264003,0,0.826,Manual,Confirmed
2006907,10173016,0,0.919,ML Model,False Positive
2006908,10365946,1,0.91,ML Model,Open
2006909,10005739,0,0.495,ML Model,Closed
2006910,10032651,0,0.998,Manual,Closed
2006911,10297379,0,0.839,Rule,False Positive
2006912,10343771,0,0.735,ML Model,False Positive
2006913,10094347,0,0.287,Rule,Open
2006914,10109747,0,0.144,ML Model,Confirmed
2006915,10269758,0,0.234,Manual,Confirmed
2006916,10121914,0,0.447,ML Model,Confirmed
2006917,10040043,0,0.393,ML Model,Confirmed
2006918,10100028,0,0.01,Rule,Closed
2006919,10118769,0,0.321,Rule,Confirmed
2006920,10038392,0,0.255,ML Model,Confirmed
2006921,10037249,0,0.413,Manual,Closed
2006922,10094680,0,0.644,Rule,Closed
2006923,10099237,1,0.725,Rule,Closed
2006924,10284222,0,0.801,Manual,False Positive
2006925,10259086,0,0.857,ML Model,Confirmed
2006926,10064009,1,0.176,ML Model,False Positive
2006927,10214453,0,0.43,ML Model,Confirmed
2006928,10198220,0,0.745,ML Model,Closed
2006929,10360485,0,0.166,Rule,False Positive
2006930,10225933,0,0.451,Manual,Confirmed
2006931,10022164,0,0.488,Rule,Confirmed
2006932,10254264,0,0.976,ML Model,False Positive
2006933,10219103,0,0.571,ML Model,Confirmed
2006934,10352080,1,0.602,Rule,False Positive
2006935,10159051,0,0.936,ML Model,Confirmed
2006936,10047643,0,0.024,ML Model,Confirmed
2006937,10188603,0,0.123,Rule,False Positive
2006938,10212482,0,0.252,Manual,False Positive
2006939,10023497,0,0.695,Manual,Confirmed
2006940,10356175,0,0.567,Rule,Open
2006941,10190579,0,0.605,ML Model,Confirmed
2006942,10169762,0,0.605,ML Model,Closed
2006943,10319842,0,0.056,Rule,Confirmed
2006944,10346553,0,0.43,Manual,Open
2006945,10372293,0,0.29,ML Model,Open
2006946,10049100,0,0.433,ML Model,Closed
2006947,10271860,0,0.489,Rule,Open
2006948,10181258,0,0.094,Rule,Confirmed
2006949,10141951,0,0.045,Manual,Open
2006950,10212311,0,0.342,Rule,Confirmed
2006951,10230807,0,0.244,ML Model,Open
2006952,10101968,0,0.983,ML Model,Open
2006953,10025813,0,0.634,ML Model,Closed
2006954,10373141,0,0.589,Manual,Open
2006955,10256608,0,0.471,Manual,Confirmed
2006956,10305051,0,0.214,Manual,Closed
2006957,10054019,0,0.695,Rule,Confirmed
2006958,10307428,0,0.215,Manual,Closed
2006959,10269484,0,0.421,ML Model,Closed
2006960,10214060,0,0.412,Rule,Confirmed
2006961,10259345,0,0.964,ML Model,Open
2006962,10307808,0,0.257,ML Model,False Positive
2006963,10097690,0,0.552,Rule,Confirmed
2006964,10197371,0,0.931,ML Model,Open
2006965,10119774,0,0.623,Rule,Open
2006966,10119876,1,0.08,Rule,Confirmed
2006967,10006586,0,0.891,Manual,False Positive
2006968,10350201,0,0.908,Manual,False Positive
2006969,10293579,0,0.577,Rule,Closed
2006970,10356886,0,0.426,Rule,False Positive
2006971,10322167,0,0.147,Manual,Closed
2006972,10305682,0,0.39,ML Model,Confirmed
2006973,10157983,0,0.031,Rule,False Positive
2006974,10293419,0,0.079,ML Model,Open
2006975,10155042,0,0.439,Rule,Confirmed
2006976,10124973,0,0.442,Manual,False Positive
2006977,10371971,0,0.033,Rule,Open
2006978,10368897,0,0.379,Rule,Closed
2006979,10085757,0,0.871,Manual,False Positive
2006980,10383455,0,0.721,Manual,Closed
2006981,10009014,0,0.875,Manual,Closed
2006982,10285272,0,0.041,Rule,False Positive
2006983,10364881,0,0.096,ML Model,Closed
2006984,10147207,0,0.817,Rule,Confirmed
2006985,10383767,0,0.659,Manual,Open
2006986,10003055,0,0.313,Manual,False Positive
2006987,10159206,0,0.527,ML Model,Confirmed
2006988,10119713,0,0.991,Rule,False Positive
2006989,10332966,0,0.238,ML Model,Open
2006990,10047568,0,0.54,Manual,Closed
2006991,10199055,0,0.077,Manual,Open
2006992,10207138,0,0.188,Manual,Open
2006993,10334869,0,0.999,ML Model,Open
2006994,10175635,0,0.557,Rule,Closed
2006995,10135879,0,0.05,Manual,Closed
2006996,10114559,1,0.707,Manual,False Positive
2006997,10046289,0,0.36,Rule,Open
2006998,10385876,0,0.857,ML Model,Open
2006999,10167270,0,0.502,ML Model,False Positive
2007000,10379107,0,0.784,ML Model,Open
2007001,10109928,0,0.23,ML Model,Confirmed
2007002,10177823,0,0.195,Rule,Confirmed
2007003,10394012,0,0.858,Rule,Confirmed
2007004,10383018,0,0.74,ML Model,Confirmed
2007005,10351079,0,0.395,Manual,Closed
2007006,10223201,0,0.941,ML Model,Closed
2007007,10156613,0,0.382,ML Model,Closed
2007008,10247627,0,0.908,Rule,False Positive
2007009,10034187,0,0.148,ML Model,Confirmed
2007010,10371854,0,0.402,ML Model,Closed
2007011,10051226,0,0.586,Manual,Open
2007012,10076136,1,0.912,Manual,Confirmed
2007013,10139673,0,0.541,Manual,Closed
2007014,10252611,1,0.738,Rule,Open
2007015,10377921,1,0.82,ML Model,Confirmed
2007016,10322532,0,0.356,Manual,Confirmed
2007017,10005378,0,0.175,Rule,Confirmed
2007018,10338933,0,0.216,Manual,Closed
2007019,10141553,0,0.119,Manual,False Positive
2007020,10334776,0,0.923,ML Model,Closed
2007021,10215358,1,0.855,ML Model,Closed
2007022,10391091,0,0.947,Manual,Open
2007023,10213646,1,0.08,ML Model,Confirmed
2007024,10053203,0,0.462,ML Model,Confirmed
2007025,10060043,0,0.771,ML Model,False Positive
2007026,10245284,0,0.137,Manual,Confirmed
2007027,10203178,0,0.491,Manual,Confirmed
2007028,10210549,0,0.781,Rule,Open
2007029,10218528,0,0.887,ML Model,Open
2007030,10194414,0,0.766,Manual,Confirmed
2007031,10366226,0,0.446,ML Model,False Positive
2007032,10010226,0,0.696,ML Model,Confirmed
2007033,10192867,0,0.393,Rule,False Positive
2007034,10335861,1,0.683,ML Model,Open
2007035,10357651,0,0.852,Manual,Confirmed
2007036,10299543,0,0.725,Manual,Closed
2007037,10196543,0,0.492,Manual,False Positive
2007038,10161351,0,0.471,Rule,Confirmed
2007039,10033737,0,0.119,Manual,Closed
2007040,10077580,0,0.523,ML Model,Closed
2007041,10165105,0,0.311,Rule,Closed
2007042,10059707,0,0.905,Rule,Open
2007043,10236151,0,0.503,Manual,False Positive
2007044,10191542,0,0.489,Rule,Open
2007045,10336821,0,0.278,ML Model,Closed
2007046,10387465,0,0.669,ML Model,Confirmed
2007047,10030374,0,0.187,Manual,Confirmed
2007048,10350544,0,0.473,ML Model,False Positive
2007049,10374516,0,0.208,Rule,False Positive
2007050,10226214,0,0.744,Rule,Closed
2007051,10000900,0,0.946,Manual,Closed
2007052,10041286,0,0.829,ML Model,Closed
2007053,10001094,0,0.99,Manual,Open
2007054,10115013,0,0.875,Rule,Closed
2007055,10258699,0,0.493,Rule,Closed
2007056,10039911,1,0.353,Manual,Confirmed
2007057,10219357,0,0.146,ML Model,False Positive
2007058,10399669,0,0.18,Manual,False Positive
2007059,10051304,0,0.011,ML Model,False Positive
2007060,10182351,0,0.274,Rule,False Positive
2007061,10059568,0,0.633,Manual,Confirmed
2007062,10122684,0,0.515,ML Model,Confirmed
2007063,10329867,1,0.32,Rule,Confirmed
2007064,10270636,0,0.845,Manual,False Positive
2007065,10247707,0,0.266,Rule,False Positive
2007066,10331132,0,0.361,ML Model,Closed
2007067,10320258,0,0.643,Rule,Confirmed
2007068,10214167,0,0.783,Manual,Open
2007069,10138711,0,0.803,Rule,Open
2007070,10156424,0,0.993,Rule,Open
2007071,10377004,0,0.24,Rule,False Positive
2007072,10282240,0,0.062,Manual,False Positive
2007073,10212436,0,0.288,Rule,Confirmed
2007074,10089423,0,0.535,Manual,Closed
2007075,10091790,0,0.876,Rule,False Positive
2007076,10221523,0,0.834,Rule,Closed
2007077,10277789,0,0.32,Manual,Open
2007078,10258209,0,0.185,Manual,False Positive
2007079,10201005,0,0.98,Rule,Closed
2007080,10029149,0,0.349,Rule,False Positive
2007081,10223158,0,0.81,ML Model,False Positive
2007082,10014956,0,0.218,Rule,Open
2007083,10397199,0,0.736,ML Model,Closed
2007084,10064572,0,0.539,Manual,Confirmed
2007085,10019526,0,0.898,Rule,False Positive
2007086,10087982,0,0.895,Manual,False Positive
2007087,10195446,0,0.449,ML Model,Closed
2007088,10361117,0,0.321,Manual,Open
2007089,10008905,0,0.875,ML Model,Open
2007090,10102714,0,0.066,Rule,Closed
2007091,10364476,0,0.389,Rule,Open
2007092,10314133,0,0.817,Rule,Closed
2007093,10293641,0,0.18,Rule,Confirmed
2007094,10351249,0,0.214,ML Model,Confirmed
2007095,10013241,0,0.613,Manual,Confirmed
2007096,10054542,0,0.806,Rule,Open
2007097,10321562,0,0.673,Rule,Closed
2007098,10198806,0,0.076,ML Model,Closed
2007099,10140041,0,0.753,Rule,False Positive
2007100,10282572,0,0.488,ML Model,False Positive
2007101,10104277,0,0.067,Manual,Closed
2007102,10048708,0,0.634,Rule,False Positive
2007103,10074622,0,0.811,Rule,Closed
2007104,10316811,1,0.026,Rule,Open
2007105,10343601,0,0.867,ML Model,Confirmed
2007106,10009434,0,0.689,Manual,False Positive
2007107,10026098,0,0.688,Manual,False Positive
2007108,10161063,0,0.782,ML Model,Open
2007109,10141131,0,0.524,ML Model,Confirmed
2007110,10342353,0,0.984,Manual,False Positive
2007111,10265737,0,0.426,ML Model,Confirmed
2007112,10002809,0,0.333,ML Model,Open
2007113,10319779,0,0.634,Manual,Confirmed
2007114,10015490,0,0.373,ML Model,False Positive
2007115,10091263,0,0.623,Rule,False Positive
2007116,10048996,0,0.542,Rule,Closed
2007117,10282820,0,0.098,Rule,Closed
2007118,10328052,1,0.461,Manual,False Positive
2007119,10128997,0,0.985,ML Model,Confirmed
2007120,10317894,0,0.878,ML Model,Open
2007121,10179500,1,0.538,Rule,False Positive
2007122,10316618,0,0.176,Manual,Closed
2007123,10280070,0,0.782,Manual,Confirmed
2007124,10114271,0,0.626,Manual,Open
2007125,10107625,0,0.77,Manual,Confirmed
2007126,10335715,0,0.384,Rule,Closed
2007127,10048782,0,0.549,Rule,Closed
2007128,10186875,0,0.524,Manual,Open
2007129,10052441,1,0.979,ML Model,Open
2007130,10049510,0,0.634,Rule,Closed
2007131,10355063,0,0.497,Rule,Closed
2007132,10223251,0,0.438,ML Model,Confirmed
2007133,10213128,0,0.057,ML Model,False Positive
2007134,10341352,0,0.874,ML Model,Closed
2007135,10130896,0,0.479,ML Model,Open
2007136,10077742,0,0.708,Manual,Open
2007137,10282009,0,0.141,Rule,Open
2007138,10290090,0,0.285,Manual,Open
2007139,10295095,0,0.766,Manual,False Positive
2007140,10351613,0,0.526,Manual,Closed
2007141,10082344,0,0.571,Rule,Closed
2007142,10345982,0,0.521,Manual,False Positive
2007143,10283407,0,0.207,ML Model,Closed
2007144,10252197,0,0.297,Manual,Open
2007145,10252889,1,0.409,ML Model,Open
2007146,10177988,0,0.734,ML Model,False Positive
2007147,10002241,0,0.577,Manual,Open
2007148,10122009,0,0.38,Rule,False Positive
2007149,10114490,0,0.775,Manual,Closed
2007150,10245266,1,0.242,Rule,Confirmed
2007151,10128620,0,0.668,ML Model,Closed
2007152,10153406,0,0.398,Manual,False Positive
2007153,10188755,0,0.022,Rule,Confirmed
2007154,10024310,0,0.827,Manual,Open
2007155,10051965,0,0.117,ML Model,Closed
2007156,10276682,0,0.443,Manual,Confirmed
2007157,10362081,0,0.918,ML Model,False Positive
2007158,10362738,0,0.566,ML Model,Confirmed
2007159,10379893,0,0.779,Rule,Confirmed
2007160,10377852,0,0.389,Manual,Open
2007161,10069434,0,0.507,Manual,False Positive
2007162,10077306,0,0.203,Manual,Confirmed
2007163,10375387,0,0.454,Manual,Closed
2007164,10340682,0,0.082,Rule,Open
2007165,10015534,0,0.405,Manual,Closed
2007166,10011865,0,0.591,Manual,False Positive
2007167,10117689,0,0.426,ML Model,Closed
2007168,10099472,0,0.271,Manual,False Positive
2007169,10108615,0,0.669,ML Model,Confirmed
2007170,10047233,0,0.038,Rule,Confirmed
2007171,10380542,1,0.916,Manual,Confirmed
2007172,10292571,0,0.834,Rule,Closed
2007173,10095675,0,0.697,Rule,Closed
2007174,10344420,0,0.998,Rule,Confirmed
2007175,10292483,0,0.255,Manual,Closed
2007176,10344377,0,0.77,Rule,Confirmed
2007177,10261707,0,0.629,Manual,Closed
2007178,10343170,0,0.468,Rule,Confirmed
2007179,10264939,0,0.033,ML Model,Open
2007180,10189464,0,0.803,Rule,Closed
2007181,10237037,1,0.757,Manual,Confirmed
2007182,10355461,0,0.743,ML Model,False Positive
2007183,10271974,0,0.984,Manual,Closed
2007184,10263702,0,0.373,Rule,Closed
2007185,10316553,1,0.331,ML Model,Closed
2007186,10115633,0,0.946,Rule,Closed
2007187,10073352,0,0.384,ML Model,False Positive
2007188,10316557,0,0.025,ML Model,Closed
2007189,10105178,1,0.516,Rule,False Positive
2007190,10345809,1,0.07,Manual,Open
2007191,10123379,0,0.536,Manual,Closed
2007192,10324322,0,0.412,ML Model,Closed
2007193,10062069,0,0.68,Manual,False Positive
2007194,10273928,0,0.814,Rule,Closed
2007195,10108046,0,0.362,ML Model,Closed
2007196,10225775,0,0.292,Manual,Confirmed
2007197,10074412,0,0.32,Manual,Confirmed
2007198,10324500,1,0.841,ML Model,Confirmed
2007199,10052331,0,0.406,ML Model,Confirmed
2007200,10032577,0,0.35,ML Model,False Positive
2007201,10246230,0,0.867,ML Model,False Positive
2007202,10183129,0,0.185,ML Model,False Positive
2007203,10037529,0,0.65,Manual,Closed
2007204,10011068,0,0.188,ML Model,False Positive
2007205,10184030,1,0.283,Rule,False Positive
2007206,10322506,0,0.858,Manual,Open
2007207,10341451,0,0.992,Manual,Closed
2007208,10176976,0,0.901,ML Model,Closed
2007209,10082038,0,0.971,ML Model,Confirmed
2007210,10200116,1,0.969,Rule,Confirmed
2007211,10062427,1,0.6,ML Model,False Positive
2007212,10026977,0,0.49,Rule,Open
2007213,10221213,0,0.171,ML Model,False Positive
2007214,10061680,1,0.041,ML Model,Closed
2007215,10315743,0,0.558,Rule,Closed
2007216,10314127,0,0.497,ML Model,False Positive
2007217,10310569,0,0.73,ML Model,Confirmed
2007218,10274563,0,0.262,Rule,Closed
2007219,10373870,0,0.196,Rule,Confirmed
2007220,10210377,0,0.949,ML Model,False Positive
2007221,10369877,0,0.855,Manual,Confirmed
2007222,10347851,0,0.266,Manual,Open
2007223,10032382,0,0.694,ML Model,False Positive
2007224,10347555,0,0.23,Manual,Open
2007225,10108685,0,0.277,ML Model,Closed
2007226,10304473,0,0.197,ML Model,False Positive
2007227,10086565,0,0.367,ML Model,Closed
2007228,10249344,0,0.306,Manual,False Positive
2007229,10095139,0,0.284,ML Model,False Positive
2007230,10084600,0,0.616,Manual,False Positive
2007231,10376044,0,0.614,Rule,False Positive
2007232,10102160,0,0.897,Manual,Open
2007233,10342640,0,0.893,ML Model,Open
2007234,10237880,0,0.329,ML Model,Confirmed
2007235,10305271,0,0.288,Rule,Confirmed
2007236,10001196,0,0.421,ML Model,Open
2007237,10317458,0,0.28,ML Model,False Positive
2007238,10332802,0,0.325,Manual,Closed
2007239,10340248,0,0.058,Manual,Open
2007240,10376825,0,0.081,Rule,Open
2007241,10235767,0,0.377,Rule,Closed
2007242,10215969,0,0.568,Manual,False Positive
2007243,10125887,0,0.41,Manual,Open
2007244,10047451,0,0.341,Manual,Closed
2007245,10050779,0,0.189,Manual,Confirmed
2007246,10200606,0,0.872,Rule,Open
2007247,10271167,0,0.0,Manual,False Positive
2007248,10258505,0,0.514,Manual,Confirmed
2007249,10295373,0,0.728,Manual,Closed
2007250,10056371,0,0.043,Manual,Confirmed
2007251,10068277,0,0.894,Manual,Confirmed
2007252,10384787,0,0.441,ML Model,Closed
2007253,10386476,0,0.708,Rule,Closed
2007254,10065680,0,0.251,Rule,Open
2007255,10041968,0,0.973,ML Model,Confirmed
2007256,10000897,0,0.075,Rule,Open
2007257,10111707,0,0.031,ML Model,Open
2007258,10006211,0,0.56,ML Model,False Positive
2007259,10284525,0,0.332,Rule,Closed
2007260,10347859,0,0.69,Rule,Closed
2007261,10176357,0,0.842,Manual,Confirmed
2007262,10375443,0,0.973,Manual,Confirmed
2007263,10373195,0,0.656,ML Model,Open
2007264,10026197,0,0.283,Rule,False Positive
2007265,10311130,0,0.229,Manual,Confirmed
2007266,10068884,1,0.23,Rule,Open
2007267,10368931,0,0.068,Manual,Open
2007268,10370822,1,0.506,Manual,False Positive
2007269,10006852,0,0.773,Rule,Confirmed
2007270,10148423,0,0.119,Manual,Confirmed
2007271,10087577,0,0.332,ML Model,False Positive
2007272,10178192,0,0.889,Rule,False Positive
2007273,10368262,0,0.15,ML Model,False Positive
2007274,10399569,0,0.131,ML Model,False Positive
2007275,10293051,0,0.409,ML Model,Confirmed
2007276,10092681,0,0.698,Rule,Open
2007277,10005971,0,0.589,ML Model,Confirmed
2007278,10096662,0,0.208,Manual,False Positive
2007279,10169129,0,0.461,Manual,Open
2007280,10393838,0,0.252,Manual,Closed
2007281,10376987,0,0.004,ML Model,False Positive
2007282,10237947,0,0.176,Rule,False Positive
2007283,10383635,0,0.881,ML Model,Confirmed
2007284,10227822,0,0.32,Manual,False Positive
2007285,10350138,0,0.507,Rule,Closed
2007286,10214698,0,0.696,ML Model,Closed
2007287,10067472,0,0.064,ML Model,Closed
2007288,10064267,0,0.026,Rule,False Positive
2007289,10245234,0,0.59,ML Model,Confirmed
2007290,10179911,0,0.874,Manual,False Positive
2007291,10216954,1,0.838,Rule,False Positive
2007292,10294857,0,0.718,ML Model,Open
2007293,10082157,0,0.36,Manual,Closed
2007294,10195303,0,0.006,Manual,Open
2007295,10353765,0,0.059,Rule,Open
2007296,10058562,0,0.719,Rule,Closed
2007297,10386864,0,0.372,Rule,Confirmed
2007298,10285555,0,0.386,Rule,Confirmed
2007299,10011395,0,0.92,Rule,False Positive
2007300,10197563,0,0.356,Rule,False Positive
2007301,10041601,0,0.858,Manual,Closed
2007302,10381486,0,0.111,Rule,Confirmed
2007303,10331099,0,0.147,Rule,Open
2007304,10295464,0,0.998,Rule,Closed
2007305,10237133,0,0.594,Manual,False Positive
2007306,10027871,0,0.689,Rule,False Positive
2007307,10171343,0,0.211,Manual,False Positive
2007308,10041303,0,0.557,Rule,Closed
2007309,10018532,0,0.949,ML Model,Confirmed
2007310,10339861,0,0.141,ML Model,False Positive
2007311,10370715,0,0.24,Manual,Open
2007312,10017606,0,0.056,Manual,Closed
2007313,10018131,0,0.988,Manual,Closed
2007314,10275829,0,0.921,Manual,Open
2007315,10090594,0,0.173,Rule,False Positive
2007316,10325614,0,0.144,ML Model,False Positive
2007317,10083084,0,0.198,Manual,Closed
2007318,10170181,0,0.846,ML Model,Open
2007319,10100688,0,0.398,Manual,Confirmed
2007320,10088680,0,0.182,ML Model,Open
2007321,10000734,0,0.934,Manual,Open
2007322,10154568,0,0.244,Rule,False Positive
2007323,10372410,0,0.345,Rule,Confirmed
2007324,10179655,0,0.268,Rule,Open
2007325,10171353,0,0.62,Rule,Open
2007326,10132380,0,0.613,ML Model,False Positive
2007327,10351838,0,0.494,Manual,Confirmed
2007328,10242386,0,0.878,Rule,Open
2007329,10346245,0,0.066,Rule,Closed
2007330,10190642,0,0.188,ML Model,Closed
2007331,10205146,0,0.242,Manual,False Positive
2007332,10067419,0,0.853,ML Model,False Positive
2007333,10248972,0,0.612,Rule,False Positive
2007334,10094239,0,0.75,Manual,Closed
2007335,10178086,0,0.49,Manual,False Positive
2007336,10102868,0,0.519,Manual,Confirmed
2007337,10010449,0,0.28,ML Model,Open
2007338,10348326,0,0.773,Rule,Closed
2007339,10295626,0,0.401,Rule,Confirmed
2007340,10161218,0,0.545,ML Model,Closed
2007341,10259402,1,0.351,Rule,Confirmed
2007342,10306733,0,0.704,Manual,Confirmed
2007343,10090768,0,0.778,Manual,Open
2007344,10201531,0,0.167,Rule,Open
2007345,10153163,0,0.998,ML Model,Open
2007346,10199289,0,0.984,ML Model,Closed
2007347,10020762,0,0.376,Manual,False Positive
2007348,10174909,0,0.673,ML Model,False Positive
2007349,10109313,1,0.737,Manual,Confirmed
2007350,10372311,0,0.316,ML Model,Closed
2007351,10264960,1,0.849,Manual,Confirmed
2007352,10068324,0,0.561,Manual,False Positive
2007353,10367250,0,0.395,Rule,False Positive
2007354,10274656,0,0.573,Manual,False Positive
2007355,10117300,0,0.562,Rule,Confirmed
2007356,10236614,0,0.155,Manual,Open
2007357,10109217,0,0.223,Rule,False Positive
2007358,10201670,0,0.439,Rule,Closed
2007359,10096764,0,0.34,Rule,Confirmed
2007360,10289727,0,0.844,Manual,Open
2007361,10353262,0,0.517,Manual,Confirmed
2007362,10021827,0,0.354,Rule,Confirmed
2007363,10196447,0,0.124,Manual,Confirmed
2007364,10346860,0,0.518,Rule,Closed
2007365,10379168,0,0.445,ML Model,Open
2007366,10131571,0,0.175,ML Model,Open
2007367,10366702,0,0.205,ML Model,False Positive
2007368,10305069,0,0.875,ML Model,Closed
2007369,10046128,0,0.374,Manual,Closed
2007370,10344046,0,0.165,ML Model,Closed
2007371,10116654,1,0.539,Manual,Closed
2007372,10184061,0,0.299,Manual,Open
2007373,10061472,0,0.155,ML Model,Confirmed
2007374,10344288,0,0.632,Rule,Open
2007375,10381092,0,0.783,Manual,Confirmed
2007376,10086840,0,0.098,Manual,False Positive
2007377,10068123,0,0.371,Manual,Confirmed
2007378,10231743,0,0.83,Rule,Open
2007379,10338502,0,0.202,Manual,Open
2007380,10227450,1,0.79,ML Model,Open
2007381,10090794,0,0.758,Rule,Open
2007382,10138315,0,0.768,Rule,Confirmed
2007383,10092696,0,0.451,ML Model,Confirmed
2007384,10061760,0,0.267,ML Model,False Positive
2007385,10095507,0,0.781,ML Model,Closed
2007386,10398735,0,0.755,ML Model,Closed
2007387,10091860,1,0.441,Rule,Closed
2007388,10383222,1,0.185,ML Model,Closed
2007389,10043551,0,0.922,Rule,False Positive
2007390,10134836,0,0.868,Manual,Open
2007391,10298053,0,0.507,ML Model,Confirmed
2007392,10311923,0,0.881,ML Model,False Positive
2007393,10384663,0,0.893,Manual,Confirmed
2007394,10044092,0,0.614,ML Model,Confirmed
2007395,10195443,0,0.106,Manual,Closed
2007396,10142698,0,0.458,ML Model,Closed
2007397,10170153,0,0.75,ML Model,Closed
2007398,10382117,0,0.031,ML Model,Closed
2007399,10055285,0,0.723,Rule,False Positive
2007400,10117162,0,0.396,Rule,Open
2007401,10364174,0,0.433,Rule,Confirmed
2007402,10295168,0,0.936,Rule,Confirmed
2007403,10012620,0,0.98,ML Model,Confirmed
2007404,10226469,0,0.548,ML Model,Closed
2007405,10188052,0,0.596,Manual,Confirmed
2007406,10352981,0,0.037,ML Model,Confirmed
2007407,10164740,1,0.341,Manual,Confirmed
2007408,10108663,0,0.554,Manual,Closed
2007409,10377046,0,0.226,Manual,Closed
2007410,10011942,0,0.991,ML Model,Closed
2007411,10367347,0,0.352,Manual,Confirmed
2007412,10399477,0,0.624,Manual,False Positive
2007413,10360546,0,0.007,Manual,Confirmed
2007414,10007087,0,0.067,Rule,False Positive
2007415,10063613,0,0.453,ML Model,Confirmed
2007416,10149864,0,0.432,Rule,False Positive
2007417,10011060,0,0.615,ML Model,Open
2007418,10094356,0,0.497,Manual,Confirmed
2007419,10386085,0,0.043,Rule,Closed
2007420,10199047,0,0.35,Rule,Confirmed
2007421,10266947,0,0.58,ML Model,False Positive
2007422,10041759,0,0.123,Manual,Open
2007423,10164881,0,0.762,Rule,Confirmed
2007424,10391951,0,0.256,Rule,Closed
2007425,10382992,0,0.001,Manual,Confirmed
2007426,10232003,0,0.405,ML Model,Open
2007427,10194124,1,0.674,Manual,Open
2007428,10030360,0,0.156,Rule,Open
2007429,10130457,0,0.073,Rule,Confirmed
2007430,10190676,0,0.218,Rule,Confirmed
2007431,10063641,0,0.057,Rule,Closed
2007432,10051255,0,0.084,ML Model,Closed
2007433,10015026,0,0.21,Manual,Closed
2007434,10115458,0,0.746,Rule,Confirmed
2007435,10298828,0,0.879,Manual,Confirmed
2007436,10024083,0,0.184,Manual,False Positive
2007437,10294893,0,0.903,Rule,Open
2007438,10260427,0,0.35,Rule,False Positive
2007439,10276174,0,0.39,Manual,Open
2007440,10034231,0,0.969,Rule,Confirmed
2007441,10165579,0,0.075,ML Model,False Positive
2007442,10012618,0,0.363,Manual,Open
2007443,10145247,0,0.787,Rule,False Positive
2007444,10039297,0,0.631,Manual,Confirmed
2007445,10319719,0,0.947,Rule,Open
2007446,10000272,0,0.626,ML Model,False Positive
2007447,10002557,0,0.454,Manual,Closed
2007448,10208156,0,0.758,ML Model,Closed
2007449,10138473,0,0.426,ML Model,False Positive
2007450,10264041,0,0.524,Rule,Open
2007451,10036033,0,0.245,ML Model,Closed
2007452,10344868,0,0.584,Manual,Confirmed
2007453,10192060,1,0.536,Rule,Confirmed
2007454,10146330,0,0.943,ML Model,Closed
2007455,10014886,0,0.007,Manual,Confirmed
2007456,10348019,0,0.871,Rule,Closed
2007457,10340851,0,0.654,Manual,False Positive
2007458,10054333,0,0.641,ML Model,Confirmed
2007459,10327157,0,0.374,Rule,Closed
2007460,10336008,0,0.561,Rule,Closed
2007461,10379684,1,0.316,ML Model,Confirmed
2007462,10262149,0,0.335,ML Model,Confirmed
2007463,10112770,0,0.101,Manual,False Positive
2007464,10270113,0,0.482,ML Model,False Positive
2007465,10181164,0,0.101,Manual,Confirmed
2007466,10340327,0,0.597,Rule,Open
2007467,10115011,0,0.373,Rule,Open
2007468,10321131,0,0.352,Manual,Open
2007469,10312702,0,0.196,ML Model,Open
2007470,10057961,0,0.933,Manual,Closed
2007471,10078329,0,0.729,ML Model,Confirmed
2007472,10021360,0,0.7,Rule,False Positive
2007473,10341656,0,0.604,ML Model,Open
2007474,10100073,0,0.56,Rule,Confirmed
2007475,10314337,0,0.513,ML Model,Closed
2007476,10374714,0,0.934,Manual,Confirmed
2007477,10204344,0,0.345,Rule,Open
2007478,10374698,0,0.958,Rule,False Positive
2007479,10061209,0,0.131,Manual,False Positive
2007480,10317266,1,0.319,ML Model,Confirmed
2007481,10100424,0,0.876,Rule,False Positive
2007482,10201227,0,0.494,Manual,Closed
2007483,10389688,0,0.432,Manual,Open
2007484,10110712,0,0.882,Manual,Open
2007485,10150106,0,0.979,ML Model,Closed
2007486,10016109,0,0.763,Rule,False Positive
2007487,10236336,0,0.061,Rule,Open
2007488,10239473,0,0.502,Manual,Confirmed
2007489,10143579,0,0.391,Manual,Closed
2007490,10220291,0,0.81,Rule,Confirmed
2007491,10300386,0,0.455,ML Model,False Positive
2007492,10146228,0,0.933,Rule,Closed
2007493,10325359,0,0.342,Manual,Open
2007494,10257474,0,0.262,ML Model,False Positive
2007495,10024631,0,0.987,Rule,False Positive
2007496,10346001,0,0.491,Rule,Open
2007497,10128497,0,0.629,Rule,Confirmed
2007498,10133264,0,0.461,Rule,Closed
2007499,10142600,1,0.012,ML Model,Closed
2007500,10071380,0,0.022,ML Model,Open
2007501,10292651,1,0.127,ML Model,Confirmed
2007502,10088178,0,0.588,Rule,Closed
2007503,10297406,0,0.437,ML Model,Open
2007504,10120679,0,0.677,Rule,Closed
2007505,10337988,0,0.586,ML Model,Open
2007506,10358866,0,0.376,ML Model,Confirmed
2007507,10393464,0,0.323,Manual,Closed
2007508,10156152,0,0.996,Rule,Closed
2007509,10172275,0,0.18,Rule,Closed
2007510,10274907,0,0.517,Rule,False Positive
2007511,10328740,0,0.611,Rule,Confirmed
2007512,10281177,0,0.048,Rule,Open
2007513,10378373,0,0.974,Rule,Closed
2007514,10106845,0,0.771,Rule,Open
2007515,10385055,0,0.223,Rule,Open
2007516,10209646,0,0.923,ML Model,Confirmed
2007517,10256143,0,0.931,Rule,False Positive
2007518,10007221,0,0.173,ML Model,Open
2007519,10040616,0,0.591,Rule,Confirmed
2007520,10273009,0,0.659,Manual,Confirmed
2007521,10032090,0,0.328,ML Model,Open
2007522,10081393,0,0.51,Manual,Open
2007523,10067099,0,0.416,ML Model,False Positive
2007524,10222204,0,0.217,Manual,Closed
2007525,10235789,0,0.343,Rule,False Positive
2007526,10144410,0,0.879,ML Model,False Positive
2007527,10155303,0,0.813,Rule,Confirmed
2007528,10072626,0,0.682,Manual,Open
2007529,10029296,0,0.722,Manual,Open
2007530,10225756,0,0.701,ML Model,False Positive
2007531,10228298,0,0.991,Rule,Confirmed
2007532,10208949,0,0.64,Rule,Open
2007533,10255770,0,0.68,ML Model,Confirmed
2007534,10370269,0,0.711,Manual,False Positive
2007535,10387392,0,0.401,Manual,False Positive
2007536,10385680,0,0.792,Rule,Open
2007537,10300081,0,0.102,ML Model,Closed
2007538,10190907,0,0.274,Manual,Open
2007539,10211150,0,0.694,ML Model,Open
2007540,10374436,0,0.478,Rule,Open
2007541,10036353,0,0.171,Rule,Open
2007542,10398960,0,0.066,ML Model,Confirmed
2007543,10309186,0,0.199,ML Model,Confirmed
2007544,10198139,0,0.042,Manual,Confirmed
2007545,10027455,0,0.351,Manual,Confirmed
2007546,10218264,0,0.181,ML Model,False Positive
2007547,10195493,0,0.084,ML Model,False Positive
2007548,10251812,1,0.739,Rule,False Positive
2007549,10244179,0,0.543,Rule,False Positive
2007550,10086225,0,0.558,Manual,Open
2007551,10265415,0,0.432,ML Model,Open
2007552,10039529,0,0.155,Rule,False Positive
2007553,10102908,0,0.456,Manual,Closed
2007554,10112300,0,0.982,ML Model,Closed
2007555,10045484,0,0.953,Rule,False Positive
2007556,10141789,0,0.979,Manual,Closed
2007557,10362831,0,0.691,Rule,False Positive
2007558,10076087,0,0.26,Rule,False Positive
2007559,10325873,0,0.38,Rule,Confirmed
2007560,10286233,0,0.592,Rule,Confirmed
2007561,10104034,1,0.733,Manual,Closed
2007562,10178333,1,0.727,Manual,False Positive
2007563,10316399,0,0.534,Manual,Open
2007564,10313783,0,0.25,ML Model,Open
2007565,10069126,1,0.355,ML Model,Closed
2007566,10104486,0,0.012,ML Model,Open
2007567,10252227,0,0.283,Manual,Open
2007568,10265125,0,0.344,ML Model,False Positive
2007569,10197480,0,0.678,Rule,False Positive
2007570,10319510,0,0.497,Manual,False Positive
2007571,10161920,0,0.076,Rule,False Positive
2007572,10399588,0,0.484,Rule,Open
2007573,10278187,0,0.802,Rule,Open
2007574,10319417,0,0.939,Manual,Open
2007575,10172385,0,0.536,Manual,Confirmed
2007576,10372180,0,0.341,ML Model,Confirmed
2007577,10227899,0,0.953,Manual,False Positive
2007578,10278699,1,0.874,Manual,Confirmed
2007579,10386581,0,0.657,Manual,Open
2007580,10088621,0,0.323,Manual,Confirmed
2007581,10338699,0,0.969,Rule,Open
2007582,10124270,0,0.236,Manual,False Positive
2007583,10132851,0,0.919,ML Model,False Positive
2007584,10208923,0,0.297,ML Model,False Positive
2007585,10255221,0,0.492,ML Model,Confirmed
2007586,10341245,0,0.803,Rule,Confirmed
2007587,10356027,0,0.119,Manual,Confirmed
2007588,10160261,0,0.068,Rule,False Positive
2007589,10021870,0,0.301,Rule,Confirmed
2007590,10058235,0,0.005,ML Model,Confirmed
2007591,10129070,0,0.69,ML Model,False Positive
2007592,10312623,0,0.116,Manual,Open
2007593,10057321,0,0.872,ML Model,Closed
2007594,10083691,0,0.268,Rule,Confirmed
2007595,10106251,0,0.667,Rule,Open
2007596,10305054,0,0.29,ML Model,False Positive
2007597,10107195,0,0.096,ML Model,Confirmed
2007598,10313583,0,0.212,Rule,False Positive
2007599,10044627,0,0.291,Manual,False Positive
2007600,10091186,0,0.114,ML Model,False Positive
2007601,10060042,0,0.221,Rule,Closed
2007602,10041628,0,0.667,Manual,Closed
2007603,10291452,0,0.684,ML Model,Confirmed
2007604,10107352,0,0.389,ML Model,Open
2007605,10212653,0,0.399,ML Model,False Positive
2007606,10002123,0,0.134,Manual,Open
2007607,10278328,0,0.076,Manual,Confirmed
2007608,10338420,0,0.524,Rule,Closed
2007609,10064679,0,0.048,Rule,Confirmed
2007610,10229720,0,0.372,ML Model,False Positive
2007611,10000318,0,0.508,Manual,Closed
2007612,10215258,0,0.932,Rule,Open
2007613,10287100,1,0.965,Rule,Confirmed
2007614,10171130,0,0.727,Rule,Confirmed
2007615,10321002,0,0.121,Manual,Open
2007616,10120342,0,0.38,Rule,Confirmed
2007617,10185039,0,0.903,Manual,Confirmed
2007618,10304888,0,0.557,Manual,Open
2007619,10138418,0,0.312,Rule,Closed
2007620,10278863,0,0.089,Rule,Closed
2007621,10286811,0,0.415,Manual,Open
2007622,10099956,0,0.538,ML Model,Open
2007623,10387307,1,0.224,Rule,Closed
2007624,10242876,0,0.187,Rule,False Positive
2007625,10381142,0,0.175,ML Model,Confirmed
2007626,10289844,0,0.641,ML Model,False Positive
2007627,10181970,0,0.476,Rule,Open
2007628,10305850,0,0.737,Manual,False Positive
2007629,10203607,0,0.952,Rule,Confirmed
2007630,10165656,1,0.409,Rule,Closed
2007631,10225428,0,0.231,Manual,Confirmed
2007632,10033288,0,0.051,ML Model,Closed
2007633,10192055,0,0.018,Manual,Confirmed
2007634,10081309,0,0.723,ML Model,False Positive
2007635,10388420,0,0.251,Manual,False Positive
2007636,10345306,0,0.235,Rule,Open
2007637,10171631,0,0.962,Manual,Confirmed
2007638,10258976,0,0.635,Manual,Closed
2007639,10256837,0,0.575,Rule,False Positive
2007640,10322517,0,0.398,Manual,Confirmed
2007641,10234375,0,0.861,Manual,Closed
2007642,10277370,1,0.298,Rule,Confirmed
2007643,10284581,0,0.362,Rule,False Positive
2007644,10167845,0,0.475,Manual,False Positive
2007645,10242170,0,0.792,ML Model,False Positive
2007646,10218529,0,0.148,ML Model,Confirmed
2007647,10010625,0,0.492,ML Model,False Positive
2007648,10187953,0,0.671,ML Model,Closed
2007649,10021821,0,0.76,Manual,Confirmed
2007650,10093240,0,0.133,ML Model,Closed
2007651,10371139,0,0.192,Rule,Confirmed
2007652,10335315,0,0.126,Rule,Open
2007653,10009075,0,0.087,Manual,Open
2007654,10067376,0,0.67,ML Model,False Positive
2007655,10334608,0,0.469,Rule,Open
2007656,10183420,0,0.111,Rule,Closed
2007657,10006661,0,0.879,Manual,Closed
2007658,10244363,0,0.487,Rule,Open
2007659,10067290,0,0.297,ML Model,Confirmed
2007660,10006435,0,0.901,Rule,Closed
2007661,10025032,0,0.839,ML Model,Confirmed
2007662,10163097,0,0.65,Manual,Confirmed
2007663,10146832,0,0.717,Manual,Open
2007664,10299978,1,0.78,Manual,Open
2007665,10043977,0,0.594,ML Model,Closed
2007666,10274757,1,0.977,Rule,False Positive
2007667,10388156,1,0.211,Manual,Closed
2007668,10170589,1,0.889,Rule,Closed
2007669,10058380,0,0.064,ML Model,Confirmed
2007670,10179068,0,0.669,Manual,Open
2007671,10006407,0,0.714,Rule,False Positive
2007672,10057934,0,0.72,Rule,False Positive
2007673,10183642,1,0.223,Rule,Confirmed
2007674,10264747,0,0.237,Manual,Confirmed
2007675,10397271,0,0.965,Rule,Open
2007676,10060629,0,0.757,Manual,Closed
2007677,10305060,0,0.29,ML Model,False Positive
2007678,10036022,0,0.054,ML Model,Confirmed
2007679,10274629,0,0.342,ML Model,Confirmed
2007680,10103950,0,0.569,Rule,False Positive
2007681,10250949,0,0.804,Rule,Closed
2007682,10124766,0,0.657,Manual,Closed
2007683,10288534,0,0.87,ML Model,Closed
2007684,10398604,1,0.534,ML Model,False Positive
2007685,10324091,1,0.947,ML Model,Open
2007686,10205734,0,0.929,ML Model,Open
2007687,10362128,0,0.957,ML Model,Open
2007688,10136499,0,0.808,Manual,Open
2007689,10290299,0,0.949,Rule,Closed
2007690,10290708,0,0.456,ML Model,Closed
2007691,10381298,0,0.53,Rule,Open
2007692,10255328,0,0.413,ML Model,Closed
2007693,10138371,0,0.899,Manual,Confirmed
2007694,10032675,0,0.612,ML Model,Closed
2007695,10371223,0,0.962,Manual,Open
2007696,10103717,0,0.422,ML Model,Open
2007697,10352398,0,0.354,Manual,False Positive
2007698,10029612,0,0.747,Rule,Open
2007699,10220515,0,0.476,ML Model,Closed
2007700,10132585,0,0.301,Rule,Open
2007701,10377126,0,0.291,Rule,Closed
2007702,10386497,0,0.121,Rule,False Positive
2007703,10261960,0,0.939,Rule,Confirmed
2007704,10167445,0,0.082,Rule,Open
2007705,10101143,0,0.506,Manual,Closed
2007706,10256922,0,0.322,Manual,Confirmed
2007707,10190473,0,0.824,ML Model,Open
2007708,10165295,0,0.162,ML Model,False Positive
2007709,10235495,0,0.733,Manual,Confirmed
2007710,10198360,0,0.663,Manual,Open
2007711,10242214,0,0.909,Manual,Closed
2007712,10218984,0,0.42,Rule,Open
2007713,10263732,0,0.846,Rule,False Positive
2007714,10387665,0,0.91,Rule,Closed
2007715,10224354,0,0.133,ML Model,Closed
2007716,10392968,0,0.178,Rule,Open
2007717,10258713,0,0.564,Manual,False Positive
2007718,10390318,0,0.919,ML Model,Closed
2007719,10359644,0,0.716,Rule,Closed
2007720,10389747,0,0.465,Rule,False Positive
2007721,10147511,0,0.719,ML Model,Confirmed
2007722,10345219,0,0.011,Manual,Confirmed
2007723,10314161,1,0.311,Rule,Closed
2007724,10098159,1,0.307,Rule,Open
2007725,10165537,0,0.851,ML Model,Closed
2007726,10087636,1,0.445,Rule,False Positive
2007727,10375381,0,0.259,Manual,Confirmed
2007728,10352571,0,0.755,Manual,False Positive
2007729,10287572,0,0.476,ML Model,False Positive
2007730,10320374,0,0.006,Rule,Open
2007731,10147883,0,0.384,Rule,Open
2007732,10034413,0,0.515,ML Model,Confirmed
2007733,10182565,0,0.155,Rule,Confirmed
2007734,10201885,0,0.973,Manual,False Positive
2007735,10337110,0,0.385,Rule,Closed
2007736,10136051,0,0.431,Manual,Open
2007737,10070799,0,0.196,ML Model,Confirmed
2007738,10272997,0,0.439,Manual,False Positive
2007739,10159629,0,0.725,Rule,Open
2007740,10365317,0,0.005,Manual,Closed
2007741,10010738,0,0.393,ML Model,Confirmed
2007742,10350282,0,0.846,ML Model,False Positive
2007743,10380671,1,0.979,ML Model,Confirmed
2007744,10079545,0,0.777,ML Model,Confirmed
2007745,10181275,0,0.493,Manual,False Positive
2007746,10185962,0,0.529,ML Model,Closed
2007747,10027923,0,0.923,ML Model,Confirmed
2007748,10379556,1,0.718,ML Model,False Positive
2007749,10040730,0,0.092,Manual,Closed
2007750,10397725,0,0.298,Manual,False Positive
2007751,10056840,0,0.639,Manual,Closed
2007752,10244399,0,0.182,Manual,Open
2007753,10158117,0,0.064,Manual,Closed
2007754,10394342,0,0.548,Manual,Confirmed
2007755,10254207,0,0.738,Rule,False Positive
2007756,10095330,0,0.778,Rule,Open
2007757,10194934,0,0.45,Manual,False Positive
2007758,10325835,0,0.416,Rule,Confirmed
2007759,10231455,0,0.718,Rule,False Positive
2007760,10367201,1,0.732,Rule,Closed
2007761,10233358,0,0.683,Manual,Open
2007762,10045745,0,0.425,Manual,Confirmed
2007763,10310863,0,0.044,Manual,Open
2007764,10358091,0,0.859,Rule,Confirmed
2007765,10274268,1,0.561,ML Model,Closed
2007766,10104957,0,0.317,Rule,Confirmed
2007767,10331710,1,0.356,ML Model,Confirmed
2007768,10013539,0,0.304,ML Model,False Positive
2007769,10054603,0,0.159,Manual,False Positive
2007770,10368020,0,0.875,Rule,Open
2007771,10373146,1,0.491,Manual,Closed
2007772,10217784,0,0.317,ML Model,Closed
2007773,10232260,0,0.98,Rule,False Positive
2007774,10230127,0,0.917,ML Model,Confirmed
2007775,10330554,0,0.183,ML Model,False Positive
2007776,10072559,0,0.327,ML Model,False Positive
2007777,10146317,0,0.335,Rule,False Positive
2007778,10343550,0,0.91,Rule,Closed
2007779,10035418,0,0.982,ML Model,False Positive
2007780,10224463,0,0.491,Manual,False Positive
2007781,10399734,0,0.066,Rule,Closed
2007782,10007712,1,0.707,Rule,False Positive
2007783,10142334,0,0.008,Rule,Closed
2007784,10096157,0,0.157,Rule,Closed
2007785,10167098,0,0.302,ML Model,False Positive
2007786,10105122,0,0.431,ML Model,Closed
2007787,10101379,0,0.412,Rule,Open
2007788,10376173,0,0.018,Rule,False Positive
2007789,10190389,0,0.895,ML Model,Closed
2007790,10095555,0,0.886,ML Model,Closed
2007791,10039003,0,0.699,Manual,False Positive
2007792,10067476,0,0.406,Rule,Open
2007793,10366103,0,0.574,Rule,Confirmed
2007794,10047097,0,0.89,ML Model,False Positive
2007795,10064936,1,0.232,ML Model,Confirmed
2007796,10189874,0,0.287,ML Model,False Positive
2007797,10183902,1,0.78,ML Model,False Positive
2007798,10063791,0,0.383,Manual,Confirmed
2007799,10074891,0,0.05,ML Model,False Positive
2007800,10237092,0,0.942,ML Model,Confirmed
2007801,10138222,0,0.746,ML Model,Open
2007802,10183445,0,0.646,Manual,Open
2007803,10260590,0,0.906,Rule,False Positive
2007804,10363408,0,0.653,Manual,Open
2007805,10026836,0,0.263,Manual,Confirmed
2007806,10275917,0,0.972,Rule,Closed
2007807,10170009,0,0.149,Manual,Closed
2007808,10262273,0,0.614,Manual,Open
2007809,10095097,0,0.117,ML Model,Confirmed
2007810,10311755,0,0.298,Manual,Open
2007811,10226368,0,0.719,Manual,Closed
2007812,10237633,1,0.542,ML Model,Confirmed
2007813,10205202,0,0.628,Manual,Confirmed
2007814,10169817,0,0.105,Rule,Closed
2007815,10177052,0,0.807,ML Model,False Positive
2007816,10347403,0,0.617,ML Model,Open
2007817,10136287,0,0.91,Rule,Confirmed
2007818,10242756,0,0.948,Manual,Confirmed
2007819,10123608,0,0.845,Manual,False Positive
2007820,10386072,0,0.538,Rule,Confirmed
2007821,10114735,0,0.467,Manual,Closed
2007822,10014543,0,0.609,ML Model,Open
2007823,10298972,0,0.197,ML Model,Confirmed
2007824,10319926,0,0.188,ML Model,False Positive
2007825,10369735,0,0.873,Rule,Confirmed
2007826,10133963,0,0.797,ML Model,Confirmed
2007827,10137747,0,0.741,ML Model,Open
2007828,10029421,0,0.832,Manual,Confirmed
2007829,10295714,0,0.168,Rule,Closed
2007830,10343114,0,0.875,Rule,Confirmed
2007831,10246053,0,0.632,Rule,Closed
2007832,10300614,0,0.396,ML Model,Closed
2007833,10395364,0,0.14,Rule,Closed
2007834,10174097,0,0.842,Rule,Closed
2007835,10032349,0,0.677,ML Model,False Positive
2007836,10058093,0,0.747,ML Model,Confirmed
2007837,10284875,0,0.881,Manual,Confirmed
2007838,10176947,0,0.884,Manual,False Positive
2007839,10211641,1,0.171,ML Model,Closed
2007840,10036616,0,0.707,ML Model,Confirmed
2007841,10282566,0,0.856,ML Model,False Positive
2007842,10335041,0,0.652,Manual,Confirmed
2007843,10251719,0,0.716,ML Model,Open
2007844,10389804,1,0.782,Manual,False Positive
2007845,10138062,0,0.617,Manual,Open
2007846,10362212,0,0.443,ML Model,Closed
2007847,10285841,1,0.187,Manual,Confirmed
2007848,10374556,1,0.947,ML Model,Open
2007849,10165883,0,0.498,Rule,False Positive
2007850,10094348,0,0.469,ML Model,Open
2007851,10305541,0,0.498,ML Model,Closed
2007852,10187260,0,0.533,ML Model,Confirmed
2007853,10028746,0,0.051,Manual,Closed
2007854,10039798,0,0.716,ML Model,Open
2007855,10348459,0,0.097,ML Model,Closed
2007856,10339128,0,0.064,Rule,Closed
2007857,10257737,0,0.058,ML Model,Confirmed
2007858,10305156,0,0.588,Manual,Closed
2007859,10147930,0,0.009,Rule,Closed
2007860,10353785,0,0.279,Manual,Open
2007861,10050059,0,0.91,ML Model,Confirmed
2007862,10022013,0,0.422,ML Model,Confirmed
2007863,10272839,0,0.187,Manual,Confirmed
2007864,10386483,1,0.064,Manual,Closed
2007865,10278011,0,0.333,ML Model,Closed
2007866,10066234,0,0.584,Manual,False Positive
2007867,10163705,0,0.696,Manual,False Positive
2007868,10285880,0,0.485,Rule,Open
2007869,10337735,1,0.62,Rule,Open
2007870,10129468,0,0.599,Manual,Closed
2007871,10360772,0,0.084,Manual,Open
2007872,10196947,0,0.691,Rule,Confirmed
2007873,10394933,0,0.686,Manual,Open
2007874,10268780,0,0.662,Manual,Confirmed
2007875,10108466,0,0.9,Rule,Open
2007876,10220529,0,0.787,Manual,False Positive
2007877,10279444,0,0.945,Rule,Closed
2007878,10328408,0,0.517,ML Model,Confirmed
2007879,10189540,0,0.254,Rule,False Positive
2007880,10025963,0,0.899,Rule,Confirmed
2007881,10294324,0,0.07,Manual,Closed
2007882,10315082,0,0.606,Manual,Confirmed
2007883,10090632,0,0.174,ML Model,False Positive
2007884,10368894,0,0.566,ML Model,Open
2007885,10239152,1,0.065,Manual,Confirmed
2007886,10034333,0,0.59,Manual,Confirmed
2007887,10059350,0,0.689,ML Model,Open
2007888,10060662,0,0.875,Rule,Open
2007889,10261523,0,0.327,ML Model,Closed
2007890,10112763,0,0.946,Manual,False Positive
2007891,10269777,0,0.271,Rule,Closed
2007892,10284572,0,0.607,ML Model,Closed
2007893,10359522,0,0.829,Rule,Closed
2007894,10337072,0,0.869,ML Model,Open
2007895,10283531,0,0.547,Manual,Confirmed
2007896,10296253,0,0.604,Rule,Open
2007897,10082511,1,0.743,Rule,Confirmed
2007898,10074991,0,0.789,Rule,Confirmed
2007899,10074095,1,0.904,Rule,Confirmed
2007900,10320443,1,0.971,Manual,Open
2007901,10198262,0,0.292,Rule,Open
2007902,10052914,0,0.25,ML Model,Open
2007903,10234770,0,0.762,ML Model,Confirmed
2007904,10235671,1,0.883,ML Model,Confirmed
2007905,10298111,0,0.792,Rule,Confirmed
2007906,10284062,0,0.628,Manual,False Positive
2007907,10306611,0,0.031,Manual,Confirmed
2007908,10084466,0,0.373,Manual,Open
2007909,10087617,0,0.726,ML Model,Open
2007910,10369616,0,0.546,Manual,Closed
2007911,10102555,0,0.334,Rule,False Positive
2007912,10116475,0,0.456,ML Model,Open
2007913,10194941,0,0.325,Manual,Open
2007914,10373875,0,0.479,ML Model,Closed
2007915,10144310,0,0.219,ML Model,False Positive
2007916,10139169,0,0.262,Rule,Open
2007917,10207682,0,0.037,Rule,Confirmed
2007918,10300438,0,0.664,Rule,Open
2007919,10186993,0,0.937,ML Model,Confirmed
2007920,10017854,0,0.542,ML Model,Closed
2007921,10291569,0,0.752,Rule,Confirmed
2007922,10331740,0,0.727,Manual,Confirmed
2007923,10294480,0,0.609,Rule,Confirmed
2007924,10133950,0,0.116,ML Model,Open
2007925,10318173,0,0.933,Rule,Confirmed
2007926,10380840,0,0.562,Manual,False Positive
2007927,10049387,0,0.864,Manual,Closed
2007928,10198451,0,0.853,ML Model,Closed
2007929,10146761,0,0.052,Rule,False Positive
2007930,10085367,0,0.143,Rule,Confirmed
2007931,10381194,0,0.874,Rule,False Positive
2007932,10178852,0,0.482,Manual,Confirmed
2007933,10380437,0,0.326,Manual,Confirmed
2007934,10257140,0,0.143,Rule,False Positive
2007935,10148917,0,0.61,Manual,Open
2007936,10190973,0,0.497,Rule,Closed
2007937,10098761,0,0.683,ML Model,False Positive
2007938,10145548,0,0.862,Rule,Confirmed
2007939,10365189,0,0.291,ML Model,False Positive
2007940,10083315,0,0.207,Rule,Open
2007941,10007468,0,0.861,Rule,Open
2007942,10390536,0,0.9,Rule,Open
2007943,10208467,0,0.886,Rule,Closed
2007944,10253605,0,0.661,ML Model,Closed
2007945,10307323,0,0.275,ML Model,False Positive
2007946,10032522,1,0.472,Rule,Open
2007947,10291355,0,0.001,ML Model,False Positive
2007948,10391546,0,0.149,ML Model,Closed
2007949,10300119,0,0.741,Rule,Confirmed
2007950,10216744,0,0.799,Rule,False Positive
2007951,10157254,0,0.821,Rule,Open
2007952,10355835,0,0.653,ML Model,Closed
2007953,10218033,0,0.228,ML Model,False Positive
2007954,10130236,0,0.603,ML Model,Open
2007955,10064272,0,0.228,Manual,Open
2007956,10367379,1,0.46,Manual,Open
2007957,10040095,0,0.696,ML Model,False Positive
2007958,10080591,0,0.031,ML Model,Open
2007959,10342560,0,0.684,ML Model,Closed
2007960,10373831,0,0.645,ML Model,Confirmed
2007961,10240501,0,0.859,ML Model,Closed
2007962,10038952,0,0.217,Manual,Open
2007963,10128541,0,0.131,Rule,Open
2007964,10006460,0,0.8,Manual,Closed
2007965,10179356,0,0.66,ML Model,Closed
2007966,10364251,0,0.561,Rule,Confirmed
2007967,10283299,0,0.639,Rule,Confirmed
2007968,10300003,0,0.571,ML Model,False Positive
2007969,10163717,1,0.009,Manual,Confirmed
2007970,10263735,0,0.734,Manual,Open
2007971,10340346,0,0.822,Rule,Closed
2007972,10210051,0,0.403,Manual,Confirmed
2007973,10391842,0,0.503,ML Model,Confirmed
2007974,10073753,0,0.046,ML Model,False Positive
2007975,10068796,0,0.757,ML Model,Closed
2007976,10005511,0,0.875,ML Model,Confirmed
2007977,10061093,0,0.359,Rule,Confirmed
2007978,10288673,0,0.648,Manual,Closed
2007979,10300581,0,0.368,ML Model,Open
2007980,10356537,0,0.451,Manual,Confirmed
2007981,10244673,1,0.204,ML Model,Closed
2007982,10304247,0,0.347,ML Model,False Positive
2007983,10392437,0,0.95,ML Model,Closed
2007984,10291281,0,0.188,Manual,Confirmed
2007985,10126156,0,0.183,ML Model,Confirmed
2007986,10275127,0,0.097,Manual,Closed
2007987,10289276,0,0.108,ML Model,Closed
2007988,10032017,0,0.549,ML Model,Confirmed
2007989,10306558,0,0.698,Manual,Confirmed
2007990,10095558,0,0.589,ML Model,False Positive
2007991,10339945,0,0.655,ML Model,Closed
2007992,10086574,0,0.651,ML Model,Open
2007993,10035290,0,0.997,ML Model,Confirmed
2007994,10389928,0,0.58,Manual,Confirmed
2007995,10022206,0,0.046,Manual,Confirmed
2007996,10329085,0,0.695,Manual,False Positive
2007997,10067006,0,0.998,Manual,Confirmed
2007998,10051806,0,0.507,Rule,Open
2007999,10301632,0,0.775,Rule,Open
2008000,10222788,0,0.864,Manual,False Positive
2008001,10096616,0,0.578,Rule,False Positive
2008002,10248436,0,0.446,ML Model,Closed
2008003,10016909,0,0.754,Manual,Confirmed
2008004,10265816,0,0.876,Rule,False Positive
2008005,10357882,0,0.721,Rule,Closed
2008006,10329427,0,0.651,ML Model,Open
2008007,10381002,1,0.155,Rule,Closed
2008008,10188230,1,0.629,Manual,False Positive
2008009,10015478,0,0.17,Rule,Confirmed
2008010,10114804,0,0.722,Manual,False Positive
2008011,10290606,0,0.798,ML Model,False Positive
2008012,10368133,0,0.017,Manual,Closed
2008013,10035793,0,0.78,Manual,Confirmed
2008014,10079165,0,0.794,ML Model,False Positive
2008015,10398096,0,0.498,Manual,Confirmed
2008016,10036755,0,0.518,Manual,Open
2008017,10279580,0,0.47,Manual,Confirmed
2008018,10109176,0,0.137,ML Model,Confirmed
2008019,10342102,0,0.388,ML Model,Open
2008020,10331304,0,0.24,Manual,Confirmed
2008021,10337776,0,0.277,Manual,False Positive
2008022,10222740,0,0.624,ML Model,False Positive
2008023,10005695,0,0.404,ML Model,Open
2008024,10284966,0,0.221,Rule,Closed
2008025,10228346,0,0.54,Rule,Closed
2008026,10127419,0,0.165,ML Model,False Positive
2008027,10150075,0,0.984,Rule,Closed
2008028,10362626,0,0.084,Rule,Confirmed
2008029,10079046,0,0.461,Manual,Closed
2008030,10256207,0,0.003,ML Model,Confirmed
2008031,10003984,0,0.578,ML Model,Open
2008032,10280126,0,0.722,ML Model,Closed
2008033,10093327,0,0.287,Manual,False Positive
2008034,10039786,0,0.102,ML Model,Closed
2008035,10002911,0,0.419,ML Model,Closed
2008036,10176495,0,0.95,ML Model,Open
2008037,10013335,0,0.623,Rule,Open
2008038,10315659,0,0.029,ML Model,Open
2008039,10183372,0,0.822,Manual,Closed
2008040,10019635,0,0.357,Manual,Confirmed
2008041,10130645,0,0.878,Rule,Closed
2008042,10285498,0,0.946,Manual,Closed
2008043,10142595,0,0.319,ML Model,False Positive
2008044,10331005,0,0.943,Manual,False Positive
2008045,10203785,0,0.187,Rule,Open
2008046,10004859,1,0.194,Manual,Closed
2008047,10050494,0,0.753,Rule,Open
2008048,10352791,0,0.022,ML Model,False Positive
2008049,10212785,0,0.381,Rule,Confirmed
2008050,10162534,0,0.176,ML Model,Closed
2008051,10247699,0,0.085,Manual,Open
2008052,10161816,0,0.79,ML Model,False Positive
2008053,10229269,0,0.08,ML Model,Closed
2008054,10166820,0,0.182,Rule,Closed
2008055,10379765,0,0.814,ML Model,False Positive
2008056,10062322,0,0.005,Manual,False Positive
2008057,10021837,0,0.497,ML Model,Closed
2008058,10251373,0,0.592,Manual,False Positive
2008059,10032221,0,0.09,Rule,Confirmed
2008060,10072150,0,0.184,Rule,False Positive
2008061,10211523,0,0.772,Manual,Closed
2008062,10153640,0,0.672,Rule,Closed
2008063,10268424,0,0.941,ML Model,Open
2008064,10209447,0,0.421,Rule,Confirmed
2008065,10256097,0,0.493,Rule,Confirmed
2008066,10290985,0,0.301,ML Model,False Positive
2008067,10037422,0,0.243,Rule,Open
2008068,10106009,0,0.637,ML Model,Confirmed
2008069,10102050,1,0.681,Rule,False Positive
2008070,10208336,0,0.536,Rule,Confirmed
2008071,10339435,0,0.709,ML Model,False Positive
2008072,10393458,0,0.07,ML Model,Open
2008073,10262441,0,0.679,Manual,False Positive
2008074,10088858,1,0.973,Manual,Open
2008075,10023135,0,0.083,ML Model,False Positive
2008076,10064959,0,0.716,Manual,Closed
2008077,10249650,0,0.563,ML Model,Confirmed
2008078,10254097,0,0.686,Manual,Open
2008079,10124926,0,0.098,Rule,Confirmed
2008080,10168591,0,0.23,ML Model,Confirmed
2008081,10397778,0,0.299,Manual,False Positive
2008082,10128451,0,0.984,Manual,Confirmed
2008083,10354940,0,0.994,Rule,Confirmed
2008084,10113998,0,0.307,Manual,Confirmed
2008085,10223490,0,0.718,Manual,Closed
2008086,10193278,0,0.778,Manual,Closed
2008087,10376802,0,0.027,ML Model,Closed
2008088,10340274,0,0.212,Rule,False Positive
2008089,10319668,0,0.028,Manual,Closed
2008090,10214184,0,0.198,Manual,Confirmed
2008091,10038713,0,0.81,Manual,Open
2008092,10252417,0,0.232,Manual,False Positive
2008093,10327886,0,0.122,Rule,Confirmed
2008094,10055028,0,0.019,Manual,Closed
2008095,10051030,0,0.818,Rule,Open
2008096,10383483,0,0.998,Manual,False Positive
2008097,10239036,1,0.889,Rule,Confirmed
2008098,10032227,0,0.781,Manual,Open
2008099,10371969,0,0.057,Manual,Confirmed
2008100,10126019,0,0.7,Manual,Confirmed
2008101,10393944,0,0.219,Manual,Closed
2008102,10004701,0,0.499,Manual,False Positive
2008103,10323698,0,0.404,ML Model,False Positive
2008104,10081174,0,0.262,Rule,Confirmed
2008105,10136253,1,0.858,Rule,Open
2008106,10111454,0,0.896,Manual,Confirmed
2008107,10368202,0,0.541,Rule,Confirmed
2008108,10310362,0,0.235,ML Model,Closed
2008109,10250544,0,0.455,Rule,Confirmed
2008110,10261875,0,0.83,Manual,Closed
2008111,10270428,0,0.715,Manual,Confirmed
2008112,10014661,0,0.89,Manual,Closed
2008113,10287917,0,0.987,Manual,False Positive
2008114,10357854,0,0.899,Rule,False Positive
2008115,10023233,0,0.003,Rule,False Positive
2008116,10144735,0,0.45,Manual,Closed
2008117,10084713,0,0.152,ML Model,Confirmed
2008118,10324452,0,0.272,Rule,False Positive
2008119,10061667,0,0.237,Manual,False Positive
2008120,10199141,0,0.49,Rule,False Positive
2008121,10369414,0,0.839,Manual,Closed
2008122,10114517,0,0.813,ML Model,Closed
2008123,10044543,0,0.62,Manual,Closed
2008124,10219927,0,0.205,ML Model,Open
2008125,10324978,0,0.284,Rule,Confirmed
2008126,10173129,0,0.268,Manual,False Positive
2008127,10218976,0,0.842,ML Model,Closed
2008128,10372147,1,0.554,ML Model,False Positive
2008129,10340264,0,0.782,ML Model,False Positive
2008130,10338625,0,0.978,Rule,False Positive
2008131,10273963,0,0.501,Rule,Confirmed
2008132,10235055,0,0.701,ML Model,Open
2008133,10396432,0,0.922,ML Model,Closed
2008134,10197923,0,0.587,ML Model,Open
2008135,10241673,0,0.821,Rule,Closed
2008136,10089583,0,0.835,ML Model,False Positive
2008137,10363028,0,0.666,Rule,Closed
2008138,10285250,0,0.068,Manual,Confirmed
2008139,10232396,1,0.357,Manual,False Positive
2008140,10048628,0,0.512,Rule,False Positive
2008141,10152262,0,0.708,ML Model,Confirmed
2008142,10241764,0,0.295,ML Model,Closed
2008143,10118218,1,0.575,Rule,Closed
2008144,10029594,0,0.809,Rule,Closed
2008145,10381388,0,0.697,Rule,False Positive
2008146,10130795,0,0.731,Manual,Confirmed
2008147,10310755,0,0.745,Rule,False Positive
2008148,10093549,0,0.874,Manual,Open
2008149,10109320,0,0.071,Manual,False Positive
2008150,10275008,0,0.477,Rule,Confirmed
2008151,10338235,0,0.007,Rule,Open
2008152,10190671,0,0.589,ML Model,False Positive
2008153,10317630,0,0.188,ML Model,Closed
2008154,10169796,0,0.105,Rule,Confirmed
2008155,10134740,0,0.223,Manual,Closed
2008156,10360625,0,0.2,Rule,Open
2008157,10161210,0,0.442,Rule,False Positive
2008158,10154694,0,0.937,ML Model,Confirmed
2008159,10290916,1,0.3,Rule,False Positive
2008160,10323895,0,0.742,ML Model,Open
2008161,10148121,0,0.846,Manual,Open
2008162,10099600,0,0.756,ML Model,False Positive
2008163,10385531,0,0.482,ML Model,False Positive
2008164,10368774,0,0.503,Manual,False Positive
2008165,10016897,0,0.963,Rule,Confirmed
2008166,10321906,0,0.262,ML Model,Confirmed
2008167,10378721,0,0.433,Manual,Open
2008168,10282843,0,0.921,ML Model,False Positive
2008169,10302228,0,0.978,Rule,Closed
2008170,10336158,0,0.229,Rule,Confirmed
2008171,10093372,0,0.448,ML Model,False Positive
2008172,10134436,1,0.99,ML Model,Open
2008173,10375403,0,0.126,Manual,Confirmed
2008174,10210944,0,0.972,Rule,Open
2008175,10145889,0,0.522,Rule,Open
2008176,10383753,0,0.413,Rule,Closed
2008177,10114380,0,0.402,ML Model,Closed
2008178,10231678,0,0.041,ML Model,Closed
2008179,10074513,0,0.02,Rule,False Positive
2008180,10305375,0,0.831,Rule,Closed
2008181,10353191,0,0.727,ML Model,Open
2008182,10242077,0,0.316,Rule,Confirmed
2008183,10297472,0,0.089,Rule,False Positive
2008184,10075129,0,0.067,Rule,Confirmed
2008185,10001106,0,0.363,ML Model,Open
2008186,10348414,0,0.034,Rule,Closed
2008187,10295556,0,0.297,ML Model,False Positive
2008188,10245935,0,0.343,ML Model,Open
2008189,10186837,0,0.941,Rule,False Positive
2008190,10129363,0,0.646,ML Model,Confirmed
2008191,10158134,0,0.766,Rule,Closed
2008192,10245476,0,0.075,Rule,Closed
2008193,10141273,1,0.92,Manual,Confirmed
2008194,10344845,0,0.725,Rule,Open
2008195,10074483,0,0.94,Manual,Closed
2008196,10024039,0,0.864,Rule,Confirmed
2008197,10251052,0,0.755,Manual,Confirmed
2008198,10366703,0,0.713,ML Model,Confirmed
2008199,10289625,0,0.534,Manual,Open
2008200,10314901,0,0.836,Manual,Confirmed
2008201,10388734,0,0.444,ML Model,Open
2008202,10320623,0,0.96,Rule,Open
2008203,10093487,0,0.323,Manual,False Positive
2008204,10388337,0,0.358,ML Model,Confirmed
2008205,10230202,0,0.038,Rule,False Positive
2008206,10251303,0,0.259,Manual,Open
2008207,10174839,0,0.46,Rule,Open
2008208,10226958,0,0.386,Manual,False Positive
2008209,10348004,0,0.08,Rule,False Positive
2008210,10062577,0,0.389,ML Model,False Positive
2008211,10335490,0,0.312,ML Model,Confirmed
2008212,10145650,0,0.41,Manual,Open
2008213,10221606,0,0.489,Manual,Closed
2008214,10310371,0,0.88,ML Model,Open
2008215,10048692,0,0.347,ML Model,Confirmed
2008216,10319549,0,0.393,ML Model,Closed
2008217,10285404,0,0.76,ML Model,False Positive
2008218,10003814,0,0.282,ML Model,Open
2008219,10259972,0,0.887,Manual,Confirmed
2008220,10152808,0,0.926,ML Model,Open
2008221,10388662,0,0.279,ML Model,Open
2008222,10284548,0,0.469,Manual,Open
2008223,10322037,0,0.875,Manual,Confirmed
2008224,10101834,0,0.164,Manual,False Positive
2008225,10366717,0,0.247,Rule,Open
2008226,10169582,0,0.271,ML Model,Closed
2008227,10374594,0,0.986,ML Model,Closed
2008228,10358074,0,0.406,Rule,Closed
2008229,10201069,1,0.653,Rule,Open
2008230,10331513,0,0.008,ML Model,Closed
2008231,10369464,0,0.86,Manual,Confirmed
2008232,10042269,0,0.782,Manual,Confirmed
2008233,10323061,0,0.534,Manual,Closed
2008234,10263079,0,0.602,Rule,Confirmed
2008235,10318299,0,0.686,Rule,Confirmed
2008236,10184385,1,0.908,Manual,Closed
2008237,10367130,0,0.963,ML Model,Open
2008238,10310897,0,0.093,Manual,Closed
2008239,10326449,0,0.625,Manual,False Positive
2008240,10157360,0,0.485,Manual,False Positive
2008241,10054877,0,0.526,Rule,False Positive
2008242,10212042,0,0.016,Rule,Open
2008243,10342927,0,0.785,ML Model,Closed
2008244,10226437,0,0.194,Manual,False Positive
2008245,10265390,0,0.362,ML Model,Open
2008246,10316512,0,0.266,Rule,Open
2008247,10172624,1,0.496,Manual,Closed
2008248,10107878,0,0.594,ML Model,Confirmed
2008249,10112940,0,0.548,Manual,Confirmed
2008250,10399802,0,0.915,ML Model,Confirmed
2008251,10050360,0,0.065,Rule,False Positive
2008252,10383189,0,0.283,Manual,Open
2008253,10348946,0,0.06,ML Model,Open
2008254,10043037,0,0.474,Rule,Confirmed
2008255,10066150,0,0.66,Rule,False Positive
2008256,10269092,0,0.825,Rule,Confirmed
2008257,10147084,0,0.973,ML Model,Closed
2008258,10047956,0,0.688,Rule,Closed
2008259,10221741,0,0.819,ML Model,False Positive
2008260,10016611,0,0.52,Rule,Confirmed
2008261,10329153,0,0.13,ML Model,False Positive
2008262,10186989,0,0.894,Rule,Confirmed
2008263,10209249,0,0.706,Manual,False Positive
2008264,10093681,0,0.149,Rule,False Positive
2008265,10206829,0,0.732,ML Model,Closed
2008266,10241526,0,0.52,ML Model,Closed
2008267,10146879,0,0.879,Rule,Open
2008268,10389711,0,0.455,Rule,Closed
2008269,10107296,1,0.321,ML Model,Confirmed
2008270,10065757,0,0.265,Manual,False Positive
2008271,10067673,0,0.889,Manual,Confirmed
2008272,10097519,0,0.256,ML Model,Confirmed
2008273,10018994,1,0.258,ML Model,Confirmed
2008274,10358162,0,0.909,Rule,Closed
2008275,10276727,0,0.709,Rule,Confirmed
2008276,10218800,0,0.524,Rule,Open
2008277,10145206,0,0.887,Manual,Closed
2008278,10155913,0,0.292,Manual,False Positive
2008279,10249613,1,0.778,ML Model,Confirmed
2008280,10207235,0,0.181,ML Model,Confirmed
2008281,10092608,0,0.499,Rule,Closed
2008282,10146457,0,0.269,Manual,False Positive
2008283,10393914,0,0.439,Rule,False Positive
2008284,10252199,0,0.264,Rule,Closed
2008285,10175008,0,0.579,Manual,False Positive
2008286,10336828,0,0.848,Rule,False Positive
2008287,10120947,0,0.572,ML Model,Closed
2008288,10252307,0,0.929,Manual,False Positive
2008289,10177985,0,0.807,Manual,Confirmed
2008290,10203803,0,0.792,ML Model,Closed
2008291,10084070,0,0.215,Manual,Open
2008292,10012010,0,0.465,ML Model,Open
2008293,10361239,0,0.375,ML Model,Open
2008294,10122012,0,0.825,ML Model,False Positive
2008295,10022268,0,0.793,ML Model,False Positive
2008296,10313887,0,0.853,Rule,Confirmed
2008297,10086474,0,0.802,ML Model,Closed
2008298,10075611,0,0.057,ML Model,False Positive
2008299,10006489,0,0.817,Manual,Confirmed
2008300,10176988,0,0.979,Manual,False Positive
2008301,10159570,0,0.942,Rule,Confirmed
2008302,10040713,0,0.207,Rule,Confirmed
2008303,10028015,0,0.109,Manual,Closed
2008304,10303915,0,0.057,Rule,Open
2008305,10200403,0,0.602,Rule,Confirmed
2008306,10070530,0,0.46,ML Model,Open
2008307,10295731,0,0.558,Rule,Open
2008308,10167664,0,0.725,Manual,Confirmed
2008309,10218029,0,0.8,ML Model,False Positive
2008310,10275671,0,0.189,Rule,Open
2008311,10013677,0,0.472,Rule,Confirmed
2008312,10356178,0,0.264,Manual,False Positive
2008313,10037004,0,0.424,Rule,Closed
2008314,10350930,1,0.981,ML Model,Closed
2008315,10056557,0,0.752,Rule,Open
2008316,10379177,0,0.379,Rule,False Positive
2008317,10099950,0,0.821,Rule,Closed
2008318,10212307,0,0.386,Manual,Open
2008319,10280836,0,0.012,Manual,False Positive
2008320,10135069,0,0.745,ML Model,Confirmed
2008321,10259789,1,0.5,Manual,Closed
2008322,10091659,0,0.821,ML Model,Confirmed
2008323,10257662,0,0.949,ML Model,Closed
2008324,10227905,0,0.03,Rule,Open
2008325,10041146,0,0.794,Manual,Closed
2008326,10099608,0,0.284,Rule,Confirmed
2008327,10155853,0,0.989,Manual,Confirmed
2008328,10339234,0,0.727,ML Model,Open
2008329,10002793,0,0.346,Rule,Closed
2008330,10393818,0,0.909,Manual,Closed
2008331,10132886,0,0.388,Manual,False Positive
2008332,10376904,0,0.775,Manual,False Positive
2008333,10322781,0,0.266,Rule,False Positive
2008334,10098471,0,0.936,Rule,False Positive
2008335,10162806,0,0.146,ML Model,Closed
2008336,10019298,0,0.01,Manual,Open
2008337,10037747,0,0.714,ML Model,False Positive
2008338,10367906,0,0.756,Rule,Closed
2008339,10070158,0,0.701,Manual,False Positive
2008340,10347869,0,0.302,ML Model,Confirmed
2008341,10378249,0,0.537,ML Model,Open
2008342,10133322,0,0.276,Rule,Open
2008343,10063886,0,0.278,Rule,Confirmed
2008344,10195390,0,0.234,Manual,Open
2008345,10315827,0,0.787,ML Model,Confirmed
2008346,10266895,0,0.258,Manual,False Positive
2008347,10318649,0,0.583,ML Model,Confirmed
2008348,10017466,0,0.552,ML Model,False Positive
2008349,10358541,0,0.453,Manual,False Positive
2008350,10128784,0,0.164,Rule,Closed
2008351,10046035,0,0.228,Manual,Closed
2008352,10331572,0,0.925,ML Model,Confirmed
2008353,10063176,0,0.895,Manual,Confirmed
2008354,10311998,0,0.375,ML Model,Confirmed
2008355,10132003,0,0.621,Rule,False Positive
2008356,10223615,0,0.74,Manual,Confirmed
2008357,10304266,0,0.386,ML Model,False Positive
2008358,10051048,0,0.023,Manual,Closed
2008359,10161972,0,0.815,Rule,Confirmed
2008360,10306220,0,0.098,ML Model,False Positive
2008361,10259695,0,0.723,Rule,False Positive
2008362,10012685,0,0.411,Manual,Open
2008363,10170340,0,0.626,ML Model,Confirmed
2008364,10045902,0,0.496,ML Model,Confirmed
2008365,10194939,0,0.325,Rule,Confirmed
2008366,10058099,0,0.993,Manual,Closed
2008367,10255520,0,0.088,Rule,Open
2008368,10119921,0,0.566,ML Model,Confirmed
2008369,10349203,0,0.744,Rule,Open
2008370,10359268,0,0.038,ML Model,Closed
2008371,10060584,0,0.664,Manual,Confirmed
2008372,10207744,0,0.492,ML Model,False Positive
2008373,10225760,1,0.16,Manual,Confirmed
2008374,10248331,0,0.546,ML Model,Confirmed
2008375,10027672,1,0.617,Rule,Open
2008376,10365698,1,0.78,Rule,Confirmed
2008377,10085447,0,0.119,ML Model,Open
2008378,10150450,0,0.584,ML Model,Closed
2008379,10176250,0,0.947,Rule,Confirmed
2008380,10101197,0,0.74,Manual,Closed
2008381,10169037,0,0.957,Rule,Closed
2008382,10086302,0,0.829,Rule,False Positive
2008383,10117809,0,0.777,Rule,False Positive
2008384,10399416,0,0.29,Rule,Confirmed
2008385,10220297,0,0.138,ML Model,Confirmed
2008386,10023421,0,0.688,ML Model,Confirmed
2008387,10088614,0,0.835,ML Model,Open
2008388,10260860,0,0.53,Rule,Confirmed
2008389,10287396,0,0.661,Rule,Open
2008390,10270341,0,0.715,Manual,False Positive
2008391,10305137,0,0.737,ML Model,Closed
2008392,10193373,0,0.677,Manual,Closed
2008393,10120402,0,0.339,Manual,Closed
2008394,10044079,0,0.735,Rule,Open
2008395,10355253,0,0.683,ML Model,Confirmed
2008396,10134044,0,0.351,Manual,Closed
2008397,10342631,0,0.008,Rule,Open
2008398,10130436,0,0.869,ML Model,Open
2008399,10093439,0,0.42,Rule,Closed
2008400,10043879,0,0.245,Manual,False Positive
2008401,10108033,1,0.447,Manual,Confirmed
2008402,10357388,0,0.987,Rule,Closed
2008403,10395204,0,0.678,Manual,Confirmed
2008404,10303400,0,0.369,Rule,Confirmed
2008405,10109162,0,0.231,Manual,False Positive
2008406,10088634,0,0.27,Rule,False Positive
2008407,10156672,0,0.742,Manual,Closed
2008408,10398705,0,0.722,Manual,Confirmed
2008409,10120344,0,0.276,Manual,Closed
2008410,10305763,0,0.604,Rule,Open
2008411,10173808,0,0.341,Manual,Confirmed
2008412,10008902,0,0.894,Rule,Closed
2008413,10010035,0,0.481,Rule,Closed
2008414,10396659,0,0.937,Rule,False Positive
2008415,10008319,1,0.096,ML Model,Open
2008416,10397687,0,0.006,Rule,False Positive
2008417,10068620,0,0.06,Rule,False Positive
2008418,10223079,0,0.712,Rule,False Positive
2008419,10232655,1,0.73,ML Model,Open
2008420,10008663,0,0.916,Rule,Closed
2008421,10113020,0,0.15,Rule,Confirmed
2008422,10245315,0,0.878,ML Model,Closed
2008423,10302416,0,0.445,ML Model,Open
2008424,10244635,0,0.249,Manual,False Positive
2008425,10207026,0,0.252,Manual,Open
2008426,10178121,0,0.624,ML Model,False Positive
2008427,10310528,0,0.174,ML Model,Closed
2008428,10022008,0,0.179,ML Model,Confirmed
2008429,10137471,0,0.22,ML Model,False Positive
2008430,10228628,0,0.054,ML Model,False Positive
2008431,10118461,1,0.817,Rule,Open
2008432,10009771,0,0.456,Manual,False Positive
2008433,10277870,0,0.694,Manual,False Positive
2008434,10066636,0,0.253,Rule,Confirmed
2008435,10202429,0,0.013,ML Model,False Positive
2008436,10238478,0,0.143,Manual,Open
2008437,10114978,0,0.232,Rule,Open
2008438,10347315,0,0.454,Rule,Open
2008439,10056943,0,0.063,Rule,Confirmed
2008440,10133149,0,0.587,Manual,Closed
2008441,10260493,0,0.618,Rule,Closed
2008442,10245738,0,0.358,Rule,Open
2008443,10381513,0,0.109,Rule,Confirmed
2008444,10367409,0,0.982,ML Model,False Positive
2008445,10206517,0,0.757,ML Model,False Positive
2008446,10003471,0,0.854,Manual,Confirmed
2008447,10235829,0,0.772,Rule,False Positive
2008448,10004015,0,0.039,Manual,Confirmed
2008449,10151737,0,0.102,Manual,Confirmed
2008450,10394583,0,0.049,Manual,False Positive
2008451,10340763,0,0.273,ML Model,Open
2008452,10165506,0,0.996,ML Model,Confirmed
2008453,10250475,0,0.262,Manual,Closed
2008454,10391529,1,0.898,Rule,Closed
2008455,10230854,0,0.039,ML Model,False Positive
2008456,10020200,0,0.265,Rule,Open
2008457,10319890,0,0.722,Manual,False Positive
2008458,10033824,0,0.124,Rule,Open
2008459,10139477,0,0.906,Manual,False Positive
2008460,10026330,0,0.532,ML Model,False Positive
2008461,10233769,0,0.353,Manual,Open
2008462,10010430,0,0.668,ML Model,False Positive
2008463,10143940,0,0.702,ML Model,False Positive
2008464,10367747,0,0.164,Rule,Confirmed
2008465,10347240,0,0.694,ML Model,Confirmed
2008466,10194600,0,0.493,Manual,False Positive
2008467,10068820,0,0.226,Rule,Confirmed
2008468,10322208,0,0.233,Manual,False Positive
2008469,10050281,0,0.031,ML Model,Open
2008470,10111563,0,0.419,Manual,Confirmed
2008471,10073461,0,0.508,ML Model,False Positive
2008472,10317354,0,0.308,Manual,False Positive
2008473,10349047,0,0.577,Manual,Closed
2008474,10268659,0,0.474,ML Model,False Positive
2008475,10307708,0,0.55,Rule,False Positive
2008476,10228077,0,0.929,Rule,Closed
2008477,10041415,0,0.296,Manual,Confirmed
2008478,10075271,0,0.809,ML Model,Confirmed
2008479,10236069,0,0.312,Manual,False Positive
2008480,10113906,0,0.823,Manual,Closed
2008481,10148952,0,0.118,Rule,Open
2008482,10369931,0,0.215,Manual,Open
2008483,10084729,0,0.359,Rule,False Positive
2008484,10181015,0,0.293,ML Model,Confirmed
2008485,10278770,0,0.146,ML Model,False Positive
2008486,10281787,0,0.187,ML Model,Confirmed
2008487,10078887,0,0.623,ML Model,False Positive
2008488,10368265,0,0.7,Rule,False Positive
2008489,10206756,0,0.458,Rule,Confirmed
2008490,10135753,0,0.776,ML Model,Closed
2008491,10372567,0,0.319,ML Model,Open
2008492,10390264,0,0.9,ML Model,Confirmed
2008493,10399330,0,0.235,ML Model,Closed
2008494,10260521,0,0.464,Rule,Closed
2008495,10070969,0,0.296,ML Model,False Positive
2008496,10317650,0,0.849,Manual,Open
2008497,10166822,0,0.725,Manual,Confirmed
2008498,10283742,0,0.101,Rule,False Positive
2008499,10261184,0,0.109,ML Model,Open
2008500,10045762,1,0.665,Rule,Closed
2008501,10164372,0,0.664,Manual,Open
2008502,10129018,0,0.373,Manual,Open
2008503,10375101,0,0.086,ML Model,Confirmed
2008504,10375569,0,0.875,ML Model,Open
2008505,10359096,0,0.88,Manual,Closed
2008506,10354844,0,0.227,ML Model,Open
2008507,10155097,1,0.696,ML Model,Closed
2008508,10304914,0,0.947,Rule,Closed
2008509,10244184,0,0.96,ML Model,Closed
2008510,10320338,0,0.985,Rule,Confirmed
2008511,10164597,0,0.974,Manual,Confirmed
2008512,10333053,0,0.694,Rule,Open
2008513,10302618,0,0.239,ML Model,Confirmed
2008514,10130292,0,0.943,Manual,False Positive
2008515,10063626,0,0.888,ML Model,Confirmed
2008516,10057519,0,0.836,ML Model,False Positive
2008517,10279373,0,0.447,Manual,Confirmed
2008518,10081035,0,0.178,Manual,Open
2008519,10032702,0,0.979,Rule,Open
2008520,10059174,1,0.531,ML Model,False Positive
2008521,10316938,0,0.508,Rule,False Positive
2008522,10093779,0,0.348,Manual,Closed
2008523,10183235,0,0.385,ML Model,False Positive
2008524,10069297,0,0.565,Rule,Closed
2008525,10269367,0,0.162,Rule,Closed
2008526,10164698,0,0.876,ML Model,False Positive
2008527,10088306,0,0.502,Manual,False Positive
2008528,10358969,0,0.776,Manual,False Positive
2008529,10373754,0,0.881,Manual,Closed
2008530,10087946,0,0.273,ML Model,False Positive
2008531,10365695,0,0.575,Rule,False Positive
2008532,10109484,1,0.027,ML Model,False Positive
2008533,10186777,0,0.974,Rule,Open
2008534,10353315,0,0.858,Rule,Open
2008535,10099492,0,0.974,Manual,Confirmed
2008536,10126438,0,0.431,ML Model,Closed
2008537,10261148,0,0.766,Manual,Confirmed
2008538,10350967,0,0.435,Manual,Closed
2008539,10253346,0,0.589,Manual,Open
2008540,10221916,0,0.579,ML Model,False Positive
2008541,10182364,0,0.429,Manual,Open
2008542,10267652,0,0.709,Manual,False Positive
2008543,10116387,0,0.538,Rule,Closed
2008544,10181347,0,0.728,ML Model,False Positive
2008545,10158002,0,0.831,Manual,False Positive
2008546,10118413,0,0.211,Rule,Closed
2008547,10204685,0,0.54,ML Model,Open
2008548,10104785,0,0.193,Rule,Confirmed
2008549,10075525,0,0.479,ML Model,Closed
2008550,10368420,0,0.567,ML Model,Confirmed
2008551,10199411,0,0.638,ML Model,Open
2008552,10280099,0,0.398,Manual,Open
2008553,10354955,0,0.425,Manual,Closed
2008554,10039959,0,0.842,Rule,Closed
2008555,10271387,0,0.538,Rule,Confirmed
2008556,10097717,0,0.086,ML Model,False Positive
2008557,10283438,0,0.539,Rule,False Positive
2008558,10075253,0,0.155,Rule,Confirmed
2008559,10070526,0,0.525,ML Model,Confirmed
2008560,10009407,0,0.406,Manual,Confirmed
2008561,10190903,0,0.488,Rule,False Positive
2008562,10356118,0,0.516,Manual,Confirmed
2008563,10087888,0,0.927,Manual,False Positive
2008564,10150520,0,0.047,Manual,Confirmed
2008565,10114720,0,0.957,Manual,Closed
2008566,10102645,0,0.323,Rule,False Positive
2008567,10142975,0,0.449,Manual,Closed
2008568,10134693,0,0.788,ML Model,Confirmed
2008569,10134313,0,0.847,ML Model,Closed
2008570,10092864,0,0.794,ML Model,Open
2008571,10363966,0,0.672,ML Model,Open
2008572,10319042,0,0.034,Manual,Confirmed
2008573,10087592,1,0.592,Manual,Open
2008574,10344366,0,0.562,ML Model,Open
2008575,10112079,1,0.336,Rule,Open
2008576,10010978,0,0.794,Rule,Open
2008577,10154062,0,0.495,Manual,Open
2008578,10034729,0,0.572,Manual,Open
2008579,10074709,1,0.743,ML Model,Open
2008580,10051078,0,0.998,Manual,Closed
2008581,10358908,1,0.467,Manual,Confirmed
2008582,10115557,0,0.721,Manual,False Positive
2008583,10049494,0,0.119,ML Model,Closed
2008584,10357746,0,0.994,ML Model,Closed
2008585,10313056,0,0.278,Rule,Open
2008586,10212648,0,0.426,Manual,Confirmed
2008587,10185047,0,0.379,ML Model,Closed
2008588,10230247,0,0.891,Rule,False Positive
2008589,10040485,0,0.194,Manual,Open
2008590,10392044,1,0.182,ML Model,Open
2008591,10376905,0,0.493,Manual,Open
2008592,10019489,0,0.929,ML Model,Open
2008593,10150508,0,0.155,Rule,Closed
2008594,10116709,0,0.732,ML Model,Confirmed
2008595,10237003,0,0.912,ML Model,Confirmed
2008596,10154238,0,0.58,Manual,False Positive
2008597,10294870,0,0.212,ML Model,Closed
2008598,10362106,0,0.949,Manual,Confirmed
2008599,10391293,0,0.364,Rule,Closed
2008600,10282937,0,0.038,Rule,Confirmed
2008601,10342700,0,0.863,Manual,Closed
2008602,10045083,0,0.123,Rule,Confirmed
2008603,10090918,0,0.23,Rule,Confirmed
2008604,10086467,0,0.989,Manual,Confirmed
2008605,10050394,0,0.13,Manual,Confirmed
2008606,10278566,0,0.267,ML Model,Open
2008607,10109736,0,0.895,Rule,Confirmed
2008608,10007730,0,0.331,ML Model,Closed
2008609,10387321,0,0.255,Manual,Closed
2008610,10068998,0,0.288,Manual,Open
2008611,10339368,0,0.102,ML Model,Closed
2008612,10181305,0,0.048,Rule,False Positive
2008613,10248228,0,0.277,Rule,Open
2008614,10253292,0,0.285,ML Model,Open
2008615,10309823,1,0.186,ML Model,Confirmed
2008616,10062273,0,0.12,ML Model,Confirmed
2008617,10348537,0,0.628,Manual,False Positive
2008618,10306764,0,0.307,Rule,False Positive
2008619,10034896,1,0.839,Rule,Closed
2008620,10302607,0,0.899,ML Model,Open
2008621,10029400,0,0.752,ML Model,Closed
2008622,10207246,0,0.044,Manual,False Positive
2008623,10226505,0,0.74,ML Model,Confirmed
2008624,10202191,0,0.668,ML Model,Open
2008625,10115588,0,0.429,ML Model,Confirmed
2008626,10083308,0,0.706,ML Model,Confirmed
2008627,10185550,0,0.309,ML Model,Closed
2008628,10301148,0,0.474,Rule,Closed
2008629,10350852,0,0.968,Manual,Closed
2008630,10241057,0,0.75,Manual,Closed
2008631,10179071,0,0.873,ML Model,Closed
2008632,10329286,1,0.785,ML Model,Confirmed
2008633,10114480,0,0.077,Rule,Open
2008634,10152734,0,0.943,Manual,False Positive
2008635,10082102,0,0.756,ML Model,False Positive
2008636,10303634,0,0.402,Manual,False Positive
2008637,10344079,0,0.786,Manual,Open
2008638,10276677,0,0.319,Manual,Closed
2008639,10299251,0,0.009,Manual,Open
2008640,10105775,0,0.49,ML Model,False Positive
2008641,10277252,0,0.186,Manual,Closed
2008642,10071939,0,0.285,Manual,False Positive
2008643,10051238,0,0.05,ML Model,False Positive
2008644,10032019,0,0.74,ML Model,Open
2008645,10242291,0,0.426,Rule,Open
2008646,10197561,0,0.64,Rule,Confirmed
2008647,10070131,0,0.3,Rule,Open
2008648,10263173,0,0.665,Rule,Open
2008649,10066702,0,0.971,Manual,Closed
2008650,10080957,0,0.053,ML Model,False Positive
2008651,10374810,1,0.482,ML Model,Open
2008652,10356538,0,0.547,Rule,Open
2008653,10127859,0,0.567,Manual,Closed
2008654,10044135,0,0.863,ML Model,Confirmed
2008655,10055547,0,0.757,Rule,False Positive
2008656,10346678,0,0.808,Rule,Confirmed
2008657,10214579,0,0.831,ML Model,Confirmed
2008658,10053546,0,0.259,ML Model,Confirmed
2008659,10144378,0,0.542,Rule,False Positive
2008660,10044771,0,0.655,Manual,Open
2008661,10266288,0,0.96,Rule,Open
2008662,10396849,0,0.343,Rule,Closed
2008663,10179121,0,0.273,Manual,Confirmed
2008664,10070847,0,0.236,ML Model,False Positive
2008665,10364882,0,0.862,Manual,Open
2008666,10042781,0,0.755,Rule,Closed
2008667,10262700,1,0.203,Rule,False Positive
2008668,10119467,1,0.413,ML Model,Confirmed
2008669,10253327,0,0.019,ML Model,Closed
2008670,10308854,0,0.632,ML Model,Confirmed
2008671,10221610,0,0.813,Manual,False Positive
2008672,10394435,0,0.629,Rule,Open
2008673,10171408,0,0.868,Manual,Confirmed
2008674,10192970,0,0.799,ML Model,False Positive
2008675,10082013,0,0.635,Manual,False Positive
2008676,10142271,0,0.44,Manual,Confirmed
2008677,10101497,0,0.086,ML Model,Open
2008678,10117109,0,0.724,Rule,False Positive
2008679,10185002,0,0.525,ML Model,Open
2008680,10117031,0,0.088,ML Model,Confirmed
2008681,10050441,0,0.899,ML Model,False Positive
2008682,10037957,0,0.594,Rule,Closed
2008683,10235354,0,0.921,ML Model,False Positive
2008684,10090120,0,0.793,Rule,False Positive
2008685,10260014,0,0.106,ML Model,Open
2008686,10150785,0,0.867,Rule,Closed
2008687,10317087,0,0.159,Manual,Open
2008688,10230585,0,0.714,ML Model,Open
2008689,10022364,0,0.706,Manual,Closed
2008690,10130507,0,0.493,ML Model,False Positive
2008691,10122651,0,0.814,Rule,Closed
2008692,10036258,0,0.549,Manual,Confirmed
2008693,10307902,0,0.072,ML Model,Confirmed
2008694,10110454,0,0.05,Rule,Open
2008695,10057483,0,0.543,Manual,Confirmed
2008696,10031320,0,0.822,Rule,False Positive
2008697,10022842,0,0.095,ML Model,False Positive
2008698,10096669,0,0.53,Rule,False Positive
2008699,10160429,0,0.579,ML Model,False Positive
2008700,10009924,0,0.887,Rule,Closed
2008701,10188329,0,0.003,Manual,Closed
2008702,10232309,0,0.077,Manual,Closed
2008703,10310742,0,0.666,Manual,Open
2008704,10190349,0,0.021,ML Model,Confirmed
2008705,10313210,0,0.724,Manual,False Positive
2008706,10391273,0,0.403,ML Model,False Positive
2008707,10029482,0,0.463,Rule,Open
2008708,10293161,0,0.614,ML Model,Open
2008709,10398692,0,0.719,ML Model,False Positive
2008710,10167175,0,0.339,ML Model,Closed
2008711,10356664,1,0.05,Rule,Open
2008712,10138114,0,0.659,Rule,Closed
2008713,10130958,1,0.687,ML Model,False Positive
2008714,10140505,0,0.398,Manual,Confirmed
2008715,10249202,0,0.052,ML Model,False Positive
2008716,10112023,0,0.847,ML Model,Confirmed
2008717,10311910,1,0.227,ML Model,Open
2008718,10068927,0,0.451,Manual,Open
2008719,10251964,0,0.719,Manual,False Positive
2008720,10372546,0,0.658,Rule,False Positive
2008721,10172276,0,0.294,ML Model,Closed
2008722,10280849,1,0.342,Manual,False Positive
2008723,10193060,1,0.96,Manual,False Positive
2008724,10211336,0,0.181,Rule,Confirmed
2008725,10216489,1,0.698,ML Model,False Positive
2008726,10239510,0,0.427,ML Model,False Positive
2008727,10367955,0,0.782,ML Model,Confirmed
2008728,10041302,0,0.688,Rule,Confirmed
2008729,10218233,1,0.654,Rule,Confirmed
2008730,10235982,0,0.974,ML Model,False Positive
2008731,10339669,0,0.991,Rule,Confirmed
2008732,10247820,1,0.015,Rule,False Positive
2008733,10046798,0,0.042,ML Model,False Positive
2008734,10267037,0,0.708,ML Model,Closed
2008735,10351869,0,0.225,Rule,Confirmed
2008736,10090407,0,0.415,Rule,Open
2008737,10131153,0,0.693,Manual,Open
2008738,10237167,0,0.996,ML Model,Open
2008739,10163780,0,0.942,Manual,Closed
2008740,10061903,0,0.706,Manual,Confirmed
2008741,10258042,0,0.95,Manual,Confirmed
2008742,10096438,0,0.455,Rule,Closed
2008743,10215637,0,0.349,ML Model,False Positive
2008744,10321430,0,0.638,Manual,False Positive
2008745,10171465,0,0.042,Rule,False Positive
2008746,10088770,0,0.069,ML Model,Confirmed
2008747,10291011,0,0.729,ML Model,Closed
2008748,10055909,0,0.423,Rule,Confirmed
2008749,10196530,0,0.979,Rule,Closed
2008750,10152538,0,0.974,ML Model,Open
2008751,10085705,1,0.345,Manual,Closed
2008752,10310273,0,0.702,Rule,Closed
2008753,10289134,0,0.245,Rule,Closed
2008754,10130182,0,0.808,ML Model,False Positive
2008755,10006466,0,0.243,Rule,Confirmed
2008756,10126491,0,0.452,ML Model,False Positive
2008757,10361463,0,0.762,Manual,Open
2008758,10132562,0,0.831,ML Model,Confirmed
2008759,10020345,0,0.049,Rule,False Positive
2008760,10316003,0,0.437,ML Model,False Positive
2008761,10342976,0,0.916,Rule,Closed
2008762,10138504,0,0.946,ML Model,Closed
2008763,10150443,0,0.125,ML Model,Confirmed
2008764,10366860,0,0.601,Rule,Confirmed
2008765,10072674,0,0.965,ML Model,Confirmed
2008766,10379304,0,0.219,Manual,Closed
2008767,10109658,1,0.08,Manual,False Positive
2008768,10278273,1,0.821,Manual,Open
2008769,10351608,0,0.059,Manual,Confirmed
2008770,10024568,0,0.498,ML Model,Open
2008771,10070548,0,0.958,Rule,Confirmed
2008772,10090116,0,0.783,Rule,False Positive
2008773,10380240,0,0.415,ML Model,Open
2008774,10319847,0,0.913,ML Model,False Positive
2008775,10327041,0,0.518,Rule,Closed
2008776,10389860,0,0.562,ML Model,Closed
2008777,10148276,0,0.978,Manual,Closed
2008778,10221596,0,0.042,Rule,False Positive
2008779,10185485,0,0.552,Manual,Open
2008780,10275389,1,0.982,Rule,False Positive
2008781,10103533,0,0.156,Rule,Confirmed
2008782,10319992,1,0.526,Rule,Confirmed
2008783,10342292,1,0.13,Manual,Closed
2008784,10370918,0,0.843,Rule,False Positive
2008785,10160898,0,0.358,Rule,Open
2008786,10191867,0,0.194,Manual,Open
2008787,10366815,0,0.32,Manual,Closed
2008788,10209526,1,0.204,Manual,Confirmed
2008789,10236920,0,0.255,Rule,Open
2008790,10047215,0,0.32,Manual,Confirmed
2008791,10025022,0,0.858,ML Model,Closed
2008792,10146995,0,0.969,ML Model,False Positive
2008793,10254841,0,0.504,ML Model,Closed
2008794,10150344,0,0.568,Manual,False Positive
2008795,10157919,0,0.866,Rule,Confirmed
2008796,10178489,0,0.854,Rule,False Positive
2008797,10213763,0,0.967,Rule,Closed
2008798,10245914,0,0.663,Rule,Open
2008799,10003830,0,0.164,Rule,Open
2008800,10377233,0,0.993,Manual,Confirmed
2008801,10103589,0,0.547,Manual,Open
2008802,10384157,0,0.53,Manual,False Positive
2008803,10344730,0,0.122,Manual,Closed
2008804,10036781,0,0.235,Rule,Open
2008805,10263134,0,0.808,ML Model,Open
2008806,10365419,0,0.983,ML Model,Open
2008807,10162048,0,0.527,ML Model,Open
2008808,10245192,1,0.809,ML Model,False Positive
2008809,10033741,0,0.543,ML Model,Closed
2008810,10145798,1,0.56,Manual,Confirmed
2008811,10301950,0,0.651,ML Model,Confirmed
2008812,10141186,0,0.067,ML Model,Confirmed
2008813,10151279,0,0.352,Manual,Open
2008814,10276618,0,0.585,Rule,False Positive
2008815,10234034,0,0.488,Rule,False Positive
2008816,10141289,0,0.628,ML Model,Confirmed
2008817,10181236,0,0.244,ML Model,Closed
2008818,10265581,0,0.905,ML Model,Closed
2008819,10010182,0,0.363,Manual,Confirmed
2008820,10050195,0,0.833,Manual,Closed
2008821,10173303,0,0.799,Manual,Confirmed
2008822,10277313,0,0.799,Rule,Confirmed
2008823,10168988,0,0.204,Manual,Confirmed
2008824,10218487,0,0.167,Manual,Open
2008825,10114000,0,0.587,Manual,Closed
2008826,10329977,0,0.942,ML Model,Closed
2008827,10157665,1,0.011,Manual,Open
2008828,10117896,0,0.711,Rule,Closed
2008829,10309418,0,0.533,ML Model,Open
2008830,10058339,0,0.281,Rule,Open
2008831,10344919,0,0.324,Rule,False Positive
2008832,10255462,0,0.178,Manual,Confirmed
2008833,10172607,0,0.53,ML Model,Open
2008834,10249117,0,0.802,ML Model,False Positive
2008835,10255775,0,0.459,ML Model,False Positive
2008836,10178000,1,0.022,Rule,Closed
2008837,10007324,0,0.848,ML Model,Closed
2008838,10365071,0,0.568,Rule,Closed
2008839,10309748,0,0.352,ML Model,Open
2008840,10304207,0,0.363,ML Model,Confirmed
2008841,10358182,0,0.393,Rule,Confirmed
2008842,10386691,0,0.877,Manual,Confirmed
2008843,10220043,0,0.124,Rule,Open
2008844,10022913,0,0.369,ML Model,Open
2008845,10028375,0,0.869,Manual,Closed
2008846,10250873,0,0.57,ML Model,Confirmed
2008847,10334917,0,0.047,ML Model,Open
2008848,10338963,0,0.188,Rule,False Positive
2008849,10012465,0,0.556,Manual,False Positive
2008850,10297292,0,0.293,Rule,Closed
2008851,10114228,0,0.026,ML Model,Confirmed
2008852,10282138,1,0.895,Manual,Open
2008853,10271831,0,0.008,Rule,False Positive
2008854,10078584,0,0.872,Manual,False Positive
2008855,10199194,0,0.026,Manual,False Positive
2008856,10084326,0,0.958,ML Model,Closed
2008857,10121638,0,0.692,Manual,Closed
2008858,10150005,1,0.551,ML Model,Closed
2008859,10249818,0,0.972,Manual,False Positive
2008860,10157831,0,0.393,Rule,False Positive
2008861,10082367,0,0.636,ML Model,Closed
2008862,10112177,0,0.499,ML Model,Open
2008863,10003119,0,0.246,Manual,Closed
2008864,10035120,0,0.658,Rule,Closed
2008865,10351468,0,0.945,ML Model,Open
2008866,10281013,0,0.258,Rule,False Positive
2008867,10073575,0,0.665,ML Model,Open
2008868,10148565,0,0.649,ML Model,False Positive
2008869,10332945,0,0.732,ML Model,Closed
2008870,10191483,1,0.172,Rule,Confirmed
2008871,10025567,0,0.627,Manual,Closed
2008872,10232559,0,0.56,Manual,Open
2008873,10271273,0,0.349,Rule,Open
2008874,10061074,0,0.3,ML Model,Closed
2008875,10153418,0,0.825,Manual,False Positive
2008876,10394616,0,0.134,Manual,Closed
2008877,10040660,0,0.687,ML Model,Confirmed
2008878,10126873,0,0.255,Manual,False Positive
2008879,10061864,0,0.14,ML Model,Open
2008880,10095593,0,0.764,ML Model,Closed
2008881,10344768,0,0.779,ML Model,Closed
2008882,10196283,0,0.197,Rule,False Positive
2008883,10366716,0,0.354,Rule,Confirmed
2008884,10106007,0,0.716,ML Model,Closed
2008885,10267481,0,0.006,ML Model,False Positive
2008886,10020017,0,0.478,ML Model,Confirmed
2008887,10030233,0,0.594,Manual,Open
2008888,10294586,0,0.446,Manual,Confirmed
2008889,10070591,0,0.614,ML Model,Confirmed
2008890,10298422,0,0.361,ML Model,Closed
2008891,10280515,0,0.006,Manual,False Positive
2008892,10325967,0,0.835,Manual,Confirmed
2008893,10107805,0,0.741,Rule,False Positive
2008894,10350321,1,0.802,Manual,Confirmed
2008895,10070696,0,0.303,ML Model,False Positive
2008896,10011804,0,0.801,Manual,Confirmed
2008897,10377829,0,0.878,Rule,Open
2008898,10396988,0,0.522,ML Model,Confirmed
2008899,10352146,0,0.152,Rule,Confirmed
2008900,10086800,0,0.702,ML Model,False Positive
2008901,10151397,0,0.202,ML Model,Closed
2008902,10277714,0,0.934,Manual,Confirmed
2008903,10329505,0,0.001,ML Model,Closed
2008904,10039194,0,0.946,ML Model,Confirmed
2008905,10065697,0,0.233,ML Model,Open
2008906,10258293,0,0.53,Manual,Closed
2008907,10203947,0,0.839,Manual,False Positive
2008908,10000420,0,0.113,Rule,Open
2008909,10129726,0,0.176,Manual,Closed
2008910,10240715,0,0.324,Manual,Closed
2008911,10168382,0,0.64,ML Model,False Positive
2008912,10025977,0,0.088,ML Model,Closed
2008913,10174757,0,0.181,Rule,Confirmed
2008914,10165089,0,0.829,ML Model,Confirmed
2008915,10113996,0,0.505,ML Model,Closed
2008916,10231915,0,0.78,ML Model,Closed
2008917,10273034,0,0.6,Manual,Open
2008918,10098074,0,0.645,ML Model,Open
2008919,10061945,0,0.32,Rule,Closed
2008920,10241704,1,0.463,Manual,Confirmed
2008921,10206360,1,0.356,Manual,Open
2008922,10327482,0,0.058,Rule,Open
2008923,10260970,1,0.531,Rule,Closed
2008924,10234683,0,0.578,Rule,Closed
2008925,10236887,0,0.134,Rule,Open
2008926,10392398,0,0.961,Manual,Open
2008927,10001389,0,0.541,Rule,Confirmed
2008928,10151442,0,0.913,Manual,Confirmed
2008929,10298776,0,0.954,Rule,False Positive
2008930,10300065,0,0.43,Rule,Confirmed
2008931,10029627,0,0.597,Manual,Confirmed
2008932,10168278,0,0.189,Manual,False Positive
2008933,10188025,0,0.275,ML Model,Confirmed
2008934,10190004,0,0.574,Rule,Open
2008935,10167571,0,0.462,Manual,Open
2008936,10002880,0,0.524,Rule,Closed
2008937,10325662,0,0.574,Manual,Open
2008938,10098343,0,0.728,ML Model,Closed
2008939,10324912,0,0.628,Rule,Open
2008940,10013555,0,0.355,Rule,Confirmed
2008941,10143125,0,0.896,Manual,Open
2008942,10243418,0,0.379,Manual,False Positive
2008943,10057251,0,0.595,Rule,False Positive
2008944,10015995,0,0.087,ML Model,Confirmed
2008945,10286745,0,0.944,Manual,Open
2008946,10245766,0,0.076,Rule,Closed
2008947,10206946,0,0.409,ML Model,Open
2008948,10074180,0,0.503,ML Model,Closed
2008949,10125075,0,0.933,Rule,Confirmed
2008950,10342986,0,0.16,Manual,Closed
2008951,10166341,1,0.448,ML Model,Open
2008952,10044836,0,0.919,ML Model,False Positive
2008953,10385323,0,0.823,ML Model,Closed
2008954,10323444,0,0.706,Rule,Open
2008955,10135341,0,0.928,Rule,Closed
2008956,10106778,1,0.588,Rule,Closed
2008957,10270979,0,0.1,Manual,Confirmed
2008958,10218161,0,0.259,Manual,Closed
2008959,10029349,0,0.928,Rule,Confirmed
2008960,10075044,0,0.825,Manual,Open
2008961,10119026,0,0.002,Manual,Open
2008962,10192185,0,0.259,ML Model,False Positive
2008963,10262027,0,0.068,ML Model,False Positive
2008964,10015367,0,0.804,Manual,Confirmed
2008965,10395198,0,0.417,ML Model,False Positive
2008966,10068445,0,0.57,Manual,False Positive
2008967,10251399,0,0.598,Manual,False Positive
2008968,10174507,0,0.172,Manual,Open
2008969,10153667,0,0.854,ML Model,Open
2008970,10133668,0,0.948,Manual,Confirmed
2008971,10136836,0,0.962,ML Model,Open
2008972,10088039,0,0.84,Rule,False Positive
2008973,10374831,0,0.494,ML Model,False Positive
2008974,10111513,0,0.582,Manual,Confirmed
2008975,10276854,0,0.952,Manual,Open
2008976,10194750,0,0.96,Rule,Closed
2008977,10167404,0,0.556,ML Model,Open
2008978,10382206,0,0.988,Rule,False Positive
2008979,10228061,0,0.049,Rule,Closed
2008980,10114319,0,0.306,Rule,Confirmed
2008981,10263511,0,0.174,Rule,Closed
2008982,10309175,0,0.507,ML Model,Open
2008983,10322235,0,0.72,Manual,False Positive
2008984,10388264,0,0.925,Manual,Open
2008985,10179260,0,0.114,ML Model,False Positive
2008986,10384656,0,0.501,Rule,Open
2008987,10006497,0,0.374,ML Model,Closed
2008988,10279883,0,0.771,ML Model,Open
2008989,10262987,0,0.201,Manual,False Positive
2008990,10139197,0,0.478,Rule,Confirmed
2008991,10165995,0,0.047,Manual,Confirmed
2008992,10103898,0,0.753,Rule,Open
2008993,10333527,0,0.417,Manual,Closed
2008994,10090298,0,0.651,Manual,Confirmed
2008995,10248615,0,0.769,Manual,False Positive
2008996,10178005,0,0.952,ML Model,Open
2008997,10186570,0,0.012,ML Model,False Positive
2008998,10223400,0,0.749,Rule,Open
2008999,10173893,0,0.494,Rule,False Positive
2009000,10084539,0,0.366,ML Model,Confirmed
2009001,10239070,0,0.003,Manual,Confirmed
2009002,10296342,0,0.966,ML Model,Closed
2009003,10018824,0,0.37,Rule,Open
2009004,10281155,0,0.203,Rule,False Positive
2009005,10239531,0,0.958,Manual,False Positive
2009006,10223524,0,0.336,Rule,Confirmed
2009007,10122300,0,0.828,ML Model,Confirmed
2009008,10180568,0,0.889,Rule,False Positive
2009009,10334741,0,0.974,Manual,Confirmed
2009010,10275683,0,0.52,Rule,Open
2009011,10394935,0,0.45,Manual,False Positive
2009012,10373629,0,0.19,ML Model,Open
2009013,10269559,0,0.872,Rule,False Positive
2009014,10154761,0,0.033,ML Model,Confirmed
2009015,10399460,0,0.899,ML Model,Open
2009016,10015388,0,0.459,Rule,Open
2009017,10190271,0,0.859,Manual,Closed
2009018,10112094,0,0.677,Rule,False Positive
2009019,10019971,0,0.695,ML Model,Confirmed
2009020,10268950,0,0.365,Rule,Confirmed
2009021,10351410,0,0.678,Manual,False Positive
2009022,10058462,0,0.067,Manual,Open
2009023,10353052,1,0.564,Rule,Confirmed
2009024,10003296,0,0.884,Rule,Closed
2009025,10071279,0,0.362,ML Model,Open
2009026,10184645,0,0.365,Manual,Confirmed
2009027,10355202,0,0.334,Rule,Confirmed
2009028,10198638,0,0.574,ML Model,False Positive
2009029,10079764,0,0.639,ML Model,Closed
2009030,10215342,0,0.83,ML Model,Closed
2009031,10068552,0,0.463,Rule,Confirmed
2009032,10176538,0,0.918,Manual,Open
2009033,10068996,0,0.868,ML Model,Confirmed
2009034,10237381,0,0.961,ML Model,Confirmed
2009035,10056894,0,0.946,Manual,Open
2009036,10044454,0,0.135,Rule,Closed
2009037,10028617,0,0.279,Rule,Closed
2009038,10140185,1,0.262,ML Model,Open
2009039,10115107,0,0.278,Rule,Open
2009040,10159519,0,0.396,Rule,False Positive
2009041,10398367,0,0.178,Manual,False Positive
2009042,10254128,0,0.011,Rule,Closed
2009043,10098781,0,0.961,Manual,False Positive
2009044,10030182,0,0.97,ML Model,Closed
2009045,10338516,0,0.506,ML Model,False Positive
2009046,10242021,0,0.443,ML Model,False Positive
2009047,10324990,0,0.48,Manual,False Positive
2009048,10204649,1,0.293,Rule,Confirmed
2009049,10171314,0,0.512,ML Model,Open
2009050,10328590,0,0.748,Rule,Open
2009051,10006310,0,0.752,Rule,Confirmed
2009052,10061618,0,0.378,Manual,Closed
2009053,10346749,0,0.716,Rule,False Positive
2009054,10099499,0,0.117,Rule,Confirmed
2009055,10398286,0,0.279,Manual,Open
2009056,10284651,0,0.69,ML Model,False Positive
2009057,10388796,0,0.602,ML Model,Closed
2009058,10257272,0,0.536,Manual,Closed
2009059,10398033,0,0.019,ML Model,Open
2009060,10087120,0,0.397,ML Model,Open
2009061,10249491,1,0.289,Manual,Open
2009062,10209921,0,0.73,ML Model,Open
2009063,10211677,0,0.622,ML Model,Confirmed
2009064,10198891,0,0.233,ML Model,Closed
2009065,10377240,0,0.594,Rule,Closed
2009066,10312605,0,0.364,ML Model,Closed
2009067,10173025,0,0.669,Manual,Open
2009068,10366101,0,0.572,Manual,False Positive
2009069,10316786,0,0.345,Rule,Open
2009070,10278363,0,0.404,ML Model,Confirmed
2009071,10265464,0,0.999,ML Model,Confirmed
2009072,10025262,0,0.905,Rule,False Positive
2009073,10008372,1,0.831,ML Model,Open
2009074,10334965,0,0.54,Rule,Closed
2009075,10269536,0,0.826,ML Model,Open
2009076,10109346,0,0.633,Rule,Confirmed
2009077,10305982,0,0.645,ML Model,Open
2009078,10315556,0,0.901,ML Model,Confirmed
2009079,10271960,0,0.432,Manual,Closed
2009080,10317073,0,0.388,Rule,Confirmed
2009081,10014576,0,0.262,Rule,Open
2009082,10036833,0,0.341,ML Model,False Positive
2009083,10061265,0,0.516,ML Model,Closed
2009084,10266219,1,0.606,ML Model,Confirmed
2009085,10055889,0,0.657,Rule,Open
2009086,10053544,0,0.065,Manual,False Positive
2009087,10209789,0,0.887,ML Model,Closed
2009088,10285514,0,0.57,ML Model,Open
2009089,10128263,0,0.512,ML Model,False Positive
2009090,10034547,0,0.798,Manual,Closed
2009091,10097511,0,0.472,Manual,Open
2009092,10096999,0,0.662,ML Model,Confirmed
2009093,10137992,1,0.728,ML Model,Confirmed
2009094,10252497,0,0.483,ML Model,Confirmed
2009095,10184933,0,0.872,Manual,False Positive
2009096,10287711,0,0.169,Manual,Closed
2009097,10207539,0,0.338,ML Model,Confirmed
2009098,10258834,0,0.193,Manual,Confirmed
2009099,10289342,0,0.201,Rule,False Positive
2009100,10137405,0,0.051,Manual,Closed
2009101,10113096,0,0.378,Manual,False Positive
2009102,10285652,1,0.527,Rule,Open
2009103,10078879,0,0.597,Manual,Confirmed
2009104,10211202,0,0.206,Rule,Confirmed
2009105,10211604,0,0.733,ML Model,False Positive
2009106,10099059,0,0.349,ML Model,Confirmed
2009107,10236323,0,0.55,ML Model,False Positive
2009108,10094099,0,0.197,Manual,Open
2009109,10004143,0,0.268,ML Model,Open
2009110,10196522,0,0.767,Rule,False Positive
2009111,10270541,0,0.284,ML Model,False Positive
2009112,10246649,1,0.606,ML Model,False Positive
2009113,10263172,0,0.149,Manual,Open
2009114,10295585,0,0.655,Manual,False Positive
2009115,10247836,0,0.256,Manual,Closed
2009116,10233799,0,0.535,Rule,False Positive
2009117,10308944,0,0.166,Rule,Open
2009118,10263075,1,0.806,Manual,False Positive
2009119,10060178,0,0.974,ML Model,Confirmed
2009120,10283980,0,0.363,ML Model,Closed
2009121,10112684,0,0.626,ML Model,Confirmed
2009122,10062658,0,0.953,Rule,Open
2009123,10043292,0,0.596,Manual,Closed
2009124,10136917,0,0.797,Manual,Open
2009125,10378012,0,0.332,Manual,False Positive
2009126,10087961,0,0.554,ML Model,False Positive
2009127,10236346,0,0.561,ML Model,False Positive
2009128,10291299,0,0.15,ML Model,Closed
2009129,10345227,0,0.022,Rule,Closed
2009130,10222556,0,0.76,ML Model,False Positive
2009131,10143854,0,0.211,Manual,False Positive
2009132,10023857,0,0.882,Rule,False Positive
2009133,10363440,0,0.169,Manual,False Positive
2009134,10199583,0,0.275,ML Model,Confirmed
2009135,10060041,0,0.752,Manual,Open
2009136,10356026,0,0.583,Manual,False Positive
2009137,10191225,1,0.582,Manual,False Positive
2009138,10359911,0,0.209,Rule,Open
2009139,10041496,1,0.38,ML Model,False Positive
2009140,10169571,0,0.63,Rule,Open
2009141,10135274,0,0.865,Rule,Closed
2009142,10302860,0,0.883,ML Model,Closed
2009143,10332045,0,0.439,Rule,Confirmed
2009144,10230171,0,0.822,Manual,Closed
2009145,10125063,0,0.953,Manual,Closed
2009146,10266899,1,0.635,Manual,Confirmed
2009147,10274421,0,0.652,Manual,Open
2009148,10271736,0,0.162,ML Model,Confirmed
2009149,10028924,0,0.521,ML Model,Confirmed
2009150,10395458,0,0.792,Manual,Open
2009151,10005750,0,0.293,Manual,Closed
2009152,10074356,0,0.08,Rule,False Positive
2009153,10036411,0,0.651,ML Model,Closed
2009154,10037155,0,0.436,Rule,False Positive
2009155,10198962,1,0.01,Rule,False Positive
2009156,10155652,0,0.282,Rule,Closed
2009157,10380258,0,0.061,Rule,False Positive
2009158,10287694,0,0.473,ML Model,Closed
2009159,10036794,0,0.459,ML Model,Open
2009160,10336413,0,0.575,ML Model,Confirmed
2009161,10094168,0,0.332,Manual,False Positive
2009162,10272001,0,0.701,Rule,False Positive
2009163,10200388,0,0.106,Manual,Closed
2009164,10178077,0,0.631,Manual,Closed
2009165,10232984,0,0.633,Rule,Confirmed
2009166,10186977,0,0.018,Rule,Open
2009167,10358557,0,0.332,Manual,Closed
2009168,10282153,0,0.116,Manual,Closed
2009169,10340629,0,0.331,Rule,Open
2009170,10045090,0,0.275,Rule,Closed
2009171,10171001,0,0.989,Rule,Open
2009172,10341399,0,0.857,ML Model,False Positive
2009173,10022057,0,0.927,Rule,Open
2009174,10296999,0,0.164,ML Model,Open
2009175,10126355,0,0.39,Rule,False Positive
2009176,10225121,0,0.21,Manual,False Positive
2009177,10285134,0,0.781,Rule,Open
2009178,10110492,0,0.359,ML Model,Confirmed
2009179,10095782,0,0.727,ML Model,False Positive
2009180,10059263,0,0.256,Rule,False Positive
2009181,10101291,0,0.605,ML Model,Closed
2009182,10324190,0,0.878,Rule,Open
2009183,10214022,0,0.961,ML Model,Open
2009184,10226175,0,0.712,Rule,Closed
2009185,10245676,0,0.638,ML Model,Confirmed
2009186,10345714,0,0.965,Manual,False Positive
2009187,10043960,0,0.393,Manual,Confirmed
2009188,10175628,0,0.427,Rule,Open
2009189,10076893,0,0.043,ML Model,Confirmed
2009190,10014940,0,0.957,Rule,Confirmed
2009191,10159605,0,0.844,Manual,Open
2009192,10108745,0,0.089,Rule,Closed
2009193,10345986,0,0.675,Rule,Closed
2009194,10228581,0,0.038,Manual,Closed
2009195,10162366,0,0.028,Manual,Open
2009196,10134743,0,0.739,ML Model,Open
2009197,10086034,0,0.913,Manual,Closed
2009198,10144421,0,0.599,ML Model,Confirmed
2009199,10018160,0,0.711,ML Model,False Positive
2009200,10120130,0,0.879,Rule,Closed
2009201,10315329,0,0.516,ML Model,False Positive
2009202,10207567,0,0.159,ML Model,Closed
2009203,10306071,0,0.123,Rule,Confirmed
2009204,10094994,0,0.726,ML Model,False Positive
2009205,10241385,0,0.394,ML Model,Open
2009206,10058627,0,0.705,ML Model,Open
2009207,10172005,0,0.537,Rule,False Positive
2009208,10037216,0,0.281,Manual,Confirmed
2009209,10182488,0,0.384,Rule,Closed
2009210,10185127,0,0.624,Rule,Open
2009211,10189801,0,0.471,Rule,False Positive
2009212,10239979,0,0.855,Rule,Closed
2009213,10010037,0,0.4,Rule,Closed
2009214,10326922,0,0.033,Manual,Closed
2009215,10217912,0,0.63,Manual,Closed
2009216,10142119,1,0.427,Manual,False Positive
2009217,10187980,0,0.451,ML Model,False Positive
2009218,10209913,0,0.31,Manual,Open
2009219,10180155,0,0.23,Rule,False Positive
2009220,10118273,0,0.413,Rule,Confirmed
2009221,10108096,0,0.065,ML Model,Open
2009222,10094934,0,0.034,Manual,False Positive
2009223,10061119,0,0.856,ML Model,Open
2009224,10058791,0,0.855,Rule,Open
2009225,10102048,0,0.278,ML Model,Closed
2009226,10366309,0,0.912,ML Model,Confirmed
2009227,10340401,0,0.106,ML Model,Closed
2009228,10152244,0,0.029,Rule,False Positive
2009229,10126822,0,0.66,Rule,Confirmed
2009230,10311168,0,0.567,Rule,Confirmed
2009231,10139001,0,0.028,Manual,Open
2009232,10016872,0,0.768,ML Model,Confirmed
2009233,10359599,0,0.79,Rule,False Positive
2009234,10061765,0,0.772,ML Model,Closed
2009235,10004202,0,0.729,ML Model,Confirmed
2009236,10066612,0,0.591,ML Model,False Positive
2009237,10038348,0,0.752,ML Model,False Positive
2009238,10111679,0,0.922,ML Model,False Positive
2009239,10160144,1,0.995,ML Model,Confirmed
2009240,10189452,0,0.178,ML Model,Confirmed
2009241,10267817,0,0.673,ML Model,False Positive
2009242,10181482,0,0.161,Manual,False Positive
2009243,10141540,0,0.647,Rule,False Positive
2009244,10392553,0,0.319,Rule,Closed
2009245,10057870,0,0.61,Rule,Confirmed
2009246,10357661,0,0.392,ML Model,False Positive
2009247,10354735,0,0.349,Manual,Closed
2009248,10071812,0,0.102,ML Model,Open
2009249,10215653,0,0.144,Manual,Confirmed
2009250,10382714,0,0.085,Rule,Open
2009251,10065025,0,0.873,Manual,Open
2009252,10327094,0,0.255,ML Model,Closed
2009253,10276490,0,0.017,ML Model,Confirmed
2009254,10242198,0,0.649,Rule,Confirmed
2009255,10386488,0,0.311,Manual,Open
2009256,10354380,0,0.018,Manual,False Positive
2009257,10231883,0,0.32,Rule,Open
2009258,10003923,0,0.443,Manual,Closed
2009259,10325001,0,0.319,Manual,False Positive
2009260,10199497,0,0.114,ML Model,Confirmed
2009261,10171735,0,0.341,Rule,Closed
2009262,10387281,0,0.511,ML Model,Confirmed
2009263,10260992,0,0.063,ML Model,False Positive
2009264,10319397,0,0.091,Manual,Confirmed
2009265,10295838,0,0.13,ML Model,Open
2009266,10399452,0,0.418,ML Model,Open
2009267,10170692,0,0.569,Manual,Open
2009268,10031288,0,0.993,Manual,Confirmed
2009269,10174353,0,0.61,Rule,Confirmed
2009270,10391479,0,0.025,Manual,Closed
2009271,10298057,1,0.185,ML Model,Closed
2009272,10399783,0,0.908,ML Model,Open
2009273,10094790,0,0.568,Rule,Open
2009274,10394192,0,0.874,Rule,Closed
2009275,10306663,1,0.584,Manual,Confirmed
2009276,10088807,0,0.227,ML Model,Open
2009277,10395185,0,0.266,Manual,False Positive
2009278,10235301,0,0.843,ML Model,Open
2009279,10142430,0,0.685,Rule,Open
2009280,10102396,0,0.605,Rule,False Positive
2009281,10342535,0,0.914,Rule,Open
2009282,10100022,0,0.765,ML Model,Open
2009283,10289320,0,0.608,Rule,Open
2009284,10138361,0,0.735,Rule,Closed
2009285,10059265,0,0.117,ML Model,Open
2009286,10006609,0,0.066,ML Model,Closed
2009287,10024817,0,0.456,Manual,False Positive
2009288,10007560,0,0.642,Rule,Confirmed
2009289,10061228,0,0.118,Manual,Confirmed
2009290,10360738,0,0.596,Rule,Confirmed
2009291,10391304,0,0.884,Rule,Closed
2009292,10018289,0,0.449,Manual,Confirmed
2009293,10391342,0,0.092,Manual,Open
2009294,10342396,0,0.899,ML Model,False Positive
2009295,10055034,0,0.465,ML Model,False Positive
2009296,10113947,0,0.588,ML Model,Confirmed
2009297,10337406,0,0.99,Manual,False Positive
2009298,10079970,0,0.807,Manual,Confirmed
2009299,10221710,0,0.354,Manual,Open
2009300,10200761,0,0.409,Manual,False Positive
2009301,10080845,0,0.246,ML Model,Closed
2009302,10211782,0,0.273,Manual,False Positive
2009303,10028852,0,0.96,Manual,Open
2009304,10201989,0,0.619,ML Model,False Positive
2009305,10197790,0,0.63,Manual,Closed
2009306,10222235,0,0.969,Manual,Closed
2009307,10108504,0,0.827,Rule,Closed
2009308,10111583,1,0.098,Rule,Open
2009309,10176114,0,0.866,Rule,Open
2009310,10335026,1,0.813,Rule,Open
2009311,10028824,0,0.458,ML Model,Confirmed
2009312,10081567,0,0.894,Rule,Closed
2009313,10203568,0,0.087,Rule,Confirmed
2009314,10231772,0,0.901,Manual,False Positive
2009315,10184980,0,0.51,ML Model,Closed
2009316,10104776,0,0.93,ML Model,False Positive
2009317,10112823,0,0.603,Rule,Confirmed
2009318,10118881,0,0.031,Manual,Closed
2009319,10125008,1,0.061,Rule,Open
2009320,10374523,0,0.346,ML Model,False Positive
2009321,10131686,0,0.861,Rule,Closed
2009322,10257678,0,0.424,Manual,Open
2009323,10354444,0,0.926,ML Model,Confirmed
2009324,10204648,0,0.012,ML Model,Confirmed
2009325,10312496,0,0.634,Manual,Confirmed
2009326,10183240,0,0.435,Rule,Open
2009327,10314730,0,0.622,Manual,Confirmed
2009328,10335938,0,0.014,Rule,Confirmed
2009329,10287350,0,0.632,Rule,Confirmed
2009330,10172015,0,0.433,ML Model,Closed
2009331,10027781,0,0.796,Rule,False Positive
2009332,10194213,0,0.565,ML Model,Closed
2009333,10270589,1,0.68,Rule,Open
2009334,10003808,0,0.302,ML Model,Confirmed
2009335,10085091,1,0.295,Rule,Closed
2009336,10246755,0,0.34,ML Model,False Positive
2009337,10035709,0,0.4,Rule,Open
2009338,10112261,0,0.414,ML Model,Open
2009339,10312652,0,0.244,Manual,False Positive
2009340,10003413,0,0.698,Rule,Confirmed
2009341,10045501,0,0.683,Rule,Closed
2009342,10249783,0,0.227,Manual,False Positive
2009343,10091200,0,0.335,ML Model,Closed
2009344,10046151,0,0.058,Manual,Confirmed
2009345,10070773,0,0.216,ML Model,Open
2009346,10092449,0,0.616,ML Model,Confirmed
2009347,10004717,0,0.262,Rule,Open
2009348,10126002,0,0.076,ML Model,Closed
2009349,10116206,0,0.789,Manual,Confirmed
2009350,10149485,0,0.894,Rule,Open
2009351,10026271,0,0.905,Rule,False Positive
2009352,10143108,0,0.381,Rule,Closed
2009353,10166530,0,0.519,Rule,False Positive
2009354,10307837,0,0.591,ML Model,Open
2009355,10026798,0,0.739,Manual,Open
2009356,10297530,0,0.164,Manual,Confirmed
2009357,10367317,0,0.502,Manual,Open
2009358,10298123,0,0.44,Rule,Closed
2009359,10036995,0,0.646,Rule,Closed
2009360,10259705,0,0.559,Manual,Open
2009361,10302125,0,0.644,Rule,Confirmed
2009362,10164948,0,0.517,ML Model,False Positive
2009363,10172155,0,0.254,ML Model,Closed
2009364,10004842,0,0.068,ML Model,Open
2009365,10326519,0,0.016,ML Model,False Positive
2009366,10216087,0,0.364,ML Model,False Positive
2009367,10206262,0,0.109,ML Model,Confirmed
2009368,10054159,0,0.203,Rule,False Positive
2009369,10306175,0,0.378,Rule,Open
2009370,10090411,0,0.722,ML Model,Confirmed
2009371,10213649,0,0.304,Rule,Open
2009372,10012491,0,0.133,Rule,Closed
2009373,10073242,0,0.317,Rule,Confirmed
2009374,10008462,0,0.173,ML Model,Closed
2009375,10271672,0,0.868,Manual,Open
2009376,10392610,0,0.185,ML Model,Open
2009377,10097377,0,0.967,Manual,Open
2009378,10354692,0,0.98,Rule,Open
2009379,10044911,0,0.179,ML Model,Open
2009380,10354192,0,0.731,Rule,False Positive
2009381,10372522,1,0.021,Rule,Confirmed
2009382,10368653,0,0.682,ML Model,Confirmed
2009383,10264582,0,0.854,ML Model,Confirmed
2009384,10344900,1,0.521,ML Model,Closed
2009385,10177888,0,0.928,Rule,False Positive
2009386,10384965,1,0.432,Rule,False Positive
2009387,10372550,0,0.969,Rule,Open
2009388,10352565,0,0.598,ML Model,Open
2009389,10332411,0,0.309,ML Model,Confirmed
2009390,10228603,0,0.229,ML Model,Closed
2009391,10272576,0,0.863,Manual,Open
2009392,10295243,0,0.462,Rule,False Positive
2009393,10319350,0,0.252,Manual,Open
2009394,10388362,0,0.839,ML Model,Open
2009395,10188057,1,0.334,ML Model,False Positive
2009396,10247664,0,0.527,ML Model,Confirmed
2009397,10072128,0,0.072,Manual,False Positive
2009398,10385538,0,0.015,Rule,False Positive
2009399,10227371,0,0.857,ML Model,Confirmed
2009400,10173086,0,0.382,Rule,Closed
2009401,10171338,0,0.078,ML Model,Confirmed
2009402,10092908,0,0.953,ML Model,Open
2009403,10322291,0,0.926,Manual,Closed
2009404,10243591,0,0.468,ML Model,False Positive
2009405,10227636,0,0.786,Manual,Open
2009406,10322714,0,0.644,ML Model,False Positive
2009407,10096847,0,0.274,ML Model,False Positive
2009408,10261313,0,0.241,Rule,Open
2009409,10331805,0,0.296,ML Model,False Positive
2009410,10187760,0,0.946,ML Model,Closed
2009411,10166900,0,0.143,ML Model,Closed
2009412,10364318,0,0.813,Manual,Confirmed
2009413,10023506,0,0.033,ML Model,False Positive
2009414,10104148,0,0.151,Rule,False Positive
2009415,10276658,0,0.729,Rule,Closed
2009416,10211142,0,0.153,Rule,False Positive
2009417,10365263,0,0.524,ML Model,Closed
2009418,10016213,0,0.784,Rule,Confirmed
2009419,10084632,0,0.817,ML Model,False Positive
2009420,10212923,0,0.678,Rule,False Positive
2009421,10341461,0,0.895,Manual,False Positive
2009422,10032822,0,0.405,ML Model,Confirmed
2009423,10313649,0,0.324,Rule,Confirmed
2009424,10351745,0,0.665,Manual,Open
2009425,10028349,0,0.367,Manual,Open
2009426,10108566,0,0.485,Manual,Closed
2009427,10025708,0,0.129,ML Model,False Positive
2009428,10338552,0,0.905,ML Model,Closed
2009429,10152884,0,0.723,Rule,Confirmed
2009430,10279037,0,0.553,Rule,Confirmed
2009431,10006965,0,0.839,Manual,Confirmed
2009432,10042967,1,0.494,ML Model,Open
2009433,10027314,0,0.189,Manual,Confirmed
2009434,10212161,0,0.558,Manual,Confirmed
2009435,10000766,0,0.134,Rule,Open
2009436,10340465,0,0.181,Manual,False Positive
2009437,10052395,0,0.023,Manual,False Positive
2009438,10081355,0,0.491,Manual,Confirmed
2009439,10328409,0,0.925,Rule,Open
2009440,10321070,0,0.016,ML Model,Confirmed
2009441,10394707,0,0.072,ML Model,Closed
2009442,10111765,1,0.998,Manual,Closed
2009443,10317330,0,0.512,Rule,Closed
2009444,10372081,0,0.718,Manual,Confirmed
2009445,10006167,0,0.064,Rule,Open
2009446,10093537,0,0.973,ML Model,Open
2009447,10296278,0,0.484,ML Model,False Positive
2009448,10289404,0,0.767,Manual,Open
2009449,10359882,0,0.277,Rule,False Positive
2009450,10001685,0,0.015,Manual,False Positive
2009451,10105421,1,0.923,Rule,Closed
2009452,10247883,0,0.87,Rule,Confirmed
2009453,10066430,0,0.999,Manual,Confirmed
2009454,10305227,0,0.698,Rule,Closed
2009455,10020778,0,0.807,ML Model,False Positive
2009456,10068765,0,0.742,Rule,Open
2009457,10389411,0,0.491,Manual,Closed
2009458,10291548,0,0.731,ML Model,False Positive
2009459,10239730,0,0.686,Rule,Confirmed
2009460,10371399,0,0.004,Manual,Open
2009461,10127814,0,0.347,Manual,False Positive
2009462,10071615,0,0.774,Rule,Open
2009463,10282640,0,0.505,ML Model,Closed
2009464,10229212,0,0.639,Manual,False Positive
2009465,10370469,1,0.984,Rule,Confirmed
2009466,10353236,0,0.337,Rule,Open
2009467,10017709,0,0.53,ML Model,Confirmed
2009468,10374023,0,0.016,ML Model,Confirmed
2009469,10108995,0,0.18,Manual,Confirmed
2009470,10172882,1,0.085,ML Model,Confirmed
2009471,10216245,0,0.338,ML Model,Open
2009472,10034642,0,0.239,Manual,Closed
2009473,10320323,0,0.846,Rule,False Positive
2009474,10251472,1,0.648,Rule,Confirmed
2009475,10133342,0,0.137,Rule,Closed
2009476,10149989,0,0.969,ML Model,Closed
2009477,10226222,1,0.915,Manual,Confirmed
2009478,10132309,0,0.378,Rule,Open
2009479,10111360,0,0.735,Manual,Confirmed
2009480,10268769,0,0.312,Manual,False Positive
2009481,10233108,0,0.263,Manual,Confirmed
2009482,10199761,0,0.001,Manual,Closed
2009483,10365379,0,0.304,ML Model,Open
2009484,10192411,0,0.645,Manual,False Positive
2009485,10311547,0,0.582,ML Model,Confirmed
2009486,10314122,0,0.81,Manual,Confirmed
2009487,10123975,0,0.404,Manual,Confirmed
2009488,10177599,0,0.854,Manual,Open
2009489,10252291,0,0.273,ML Model,Open
2009490,10235245,0,0.807,Manual,Confirmed
2009491,10212466,0,0.652,Manual,False Positive
2009492,10015403,0,0.602,ML Model,Confirmed
2009493,10010324,0,0.31,Rule,Confirmed
2009494,10115093,0,0.472,ML Model,Closed
2009495,10158980,0,0.149,ML Model,Confirmed
2009496,10124446,0,0.649,ML Model,Open
2009497,10132521,0,0.428,ML Model,Closed
2009498,10022115,1,0.422,Rule,False Positive
2009499,10220027,0,0.075,Manual,Open
2009500,10158615,0,0.717,Manual,Confirmed
2009501,10384390,0,0.758,ML Model,Confirmed
2009502,10120460,0,0.48,Manual,Confirmed
2009503,10370764,0,0.604,Rule,Confirmed
2009504,10288136,0,0.352,Rule,Closed
2009505,10092777,0,0.673,Manual,False Positive
2009506,10324390,0,0.65,Rule,Closed
2009507,10074157,0,0.602,Rule,False Positive
2009508,10245938,0,0.843,Manual,Closed
2009509,10164352,0,0.898,Rule,Open
2009510,10128920,0,0.354,Manual,False Positive
2009511,10071464,1,0.861,ML Model,Open
2009512,10381187,0,0.833,Rule,False Positive
2009513,10249393,0,0.927,Manual,False Positive
2009514,10112376,0,0.27,Manual,Closed
2009515,10078726,0,0.283,ML Model,Closed
2009516,10079291,0,0.203,Manual,False Positive
2009517,10261913,1,0.628,Manual,Open
2009518,10037141,0,0.391,Rule,Closed
2009519,10233265,0,0.185,Rule,False Positive
2009520,10008590,0,0.943,Rule,False Positive
2009521,10272383,0,0.494,Rule,Open
2009522,10091995,0,0.534,Manual,Open
2009523,10045839,0,0.166,Rule,Closed
2009524,10320620,0,0.994,Manual,Open
2009525,10054294,0,0.502,Rule,Open
2009526,10198844,0,0.542,ML Model,Open
2009527,10325902,0,0.576,Manual,Open
2009528,10339323,0,0.04,Rule,Open
2009529,10284474,0,0.953,ML Model,False Positive
2009530,10386394,1,0.296,Manual,Open
2009531,10055496,0,0.432,Rule,Closed
2009532,10192383,0,0.14,ML Model,Closed
2009533,10347838,1,0.054,Manual,Open
2009534,10139995,0,0.65,ML Model,Closed
2009535,10292443,0,0.258,ML Model,Confirmed
2009536,10258102,0,0.11,Rule,Closed
2009537,10107214,1,0.2,Rule,Confirmed
2009538,10172020,0,0.342,ML Model,Open
2009539,10036069,0,0.368,Manual,Closed
2009540,10176894,0,0.896,Rule,False Positive
2009541,10035481,0,0.841,Rule,Open
2009542,10065244,0,0.815,Manual,Confirmed
2009543,10044325,1,0.718,Rule,Open
2009544,10306330,0,0.088,Rule,False Positive
2009545,10084106,0,0.276,Rule,Open
2009546,10266268,0,0.932,ML Model,False Positive
2009547,10021874,0,0.319,Rule,Closed
2009548,10089330,0,0.335,Manual,Confirmed
2009549,10295161,0,0.007,Rule,Closed
2009550,10256156,0,0.63,Rule,False Positive
2009551,10387845,0,0.847,Rule,Closed
2009552,10235956,0,0.767,ML Model,Open
2009553,10150816,0,0.599,Manual,False Positive
2009554,10007983,0,0.19,Manual,Closed
2009555,10324024,0,0.796,Manual,Open
2009556,10004476,0,0.078,Rule,False Positive
2009557,10351928,0,0.513,ML Model,Closed
2009558,10370173,0,0.169,Manual,Open
2009559,10141706,0,0.141,Manual,Closed
2009560,10104524,0,0.81,ML Model,Confirmed
2009561,10305792,0,0.362,ML Model,Closed
2009562,10102502,0,0.053,ML Model,Confirmed
2009563,10337866,0,0.094,Rule,Confirmed
2009564,10312947,0,0.04,Rule,Confirmed
2009565,10271780,0,0.405,ML Model,Closed
2009566,10072959,0,0.983,ML Model,Confirmed
2009567,10174563,0,0.337,Manual,Open
2009568,10060460,0,0.314,Rule,Closed
2009569,10211898,0,0.076,Manual,Open
2009570,10037335,0,0.819,Rule,False Positive
2009571,10330439,0,0.841,ML Model,Open
2009572,10207125,0,0.676,Manual,False Positive
2009573,10030892,1,0.82,ML Model,False Positive
2009574,10262869,1,0.279,ML Model,Closed
2009575,10263625,0,0.544,Manual,False Positive
2009576,10155878,0,0.5,Rule,Closed
2009577,10283885,0,0.855,Manual,Closed
2009578,10360127,1,0.901,Rule,Open
2009579,10162256,0,0.826,Rule,Closed
2009580,10196490,0,0.506,Manual,Closed
2009581,10162831,0,0.669,Manual,Open
2009582,10034184,0,0.007,ML Model,Confirmed
2009583,10044320,0,0.229,ML Model,Confirmed
2009584,10367539,0,0.77,Rule,False Positive
2009585,10263234,0,0.3,Manual,Confirmed
2009586,10168252,0,0.502,ML Model,False Positive
2009587,10240416,0,0.978,ML Model,Confirmed
2009588,10138257,0,0.841,Rule,False Positive
2009589,10195081,0,0.568,ML Model,Open
2009590,10248462,0,0.466,Rule,False Positive
2009591,10060939,0,0.384,ML Model,False Positive
2009592,10197063,0,0.812,ML Model,Closed
2009593,10366009,0,0.286,ML Model,Confirmed
2009594,10335597,0,0.977,ML Model,False Positive
2009595,10138615,0,0.029,Rule,Open
2009596,10202414,1,0.971,Rule,Closed
2009597,10085229,0,0.887,Manual,Open
2009598,10157726,0,0.785,Manual,False Positive
2009599,10091519,0,0.856,ML Model,Closed
2009600,10099001,0,0.129,ML Model,Closed
2009601,10069900,0,0.222,Rule,Open
2009602,10219865,0,0.2,ML Model,Open
2009603,10124643,0,0.07,ML Model,Open
2009604,10390027,0,0.341,Rule,False Positive
2009605,10366670,0,0.091,ML Model,False Positive
2009606,10008664,0,0.43,Rule,Closed
2009607,10261439,0,0.061,Rule,Closed
2009608,10108112,1,0.149,ML Model,Confirmed
2009609,10224378,1,0.69,Manual,Confirmed
2009610,10212450,0,0.341,ML Model,False Positive
2009611,10121503,0,0.246,Manual,Confirmed
2009612,10218747,0,0.698,Rule,False Positive
2009613,10227166,1,0.714,Manual,Closed
2009614,10355233,0,0.634,ML Model,Open
2009615,10092900,0,0.206,Manual,Open
2009616,10077473,0,0.778,ML Model,Closed
2009617,10268302,0,0.991,Rule,Closed
2009618,10253714,0,0.981,ML Model,Closed
2009619,10240915,0,0.743,Manual,Confirmed
2009620,10036019,0,0.261,ML Model,Confirmed
2009621,10147871,0,0.159,Rule,Closed
2009622,10249144,1,0.977,ML Model,Closed
2009623,10334205,0,0.189,Rule,Open
2009624,10080760,0,0.119,Rule,Open
2009625,10099011,0,0.325,Rule,False Positive
2009626,10377735,0,0.561,Rule,Closed
2009627,10289660,0,0.224,Rule,False Positive
2009628,10146684,0,0.789,Manual,Confirmed
2009629,10102227,0,0.71,Rule,False Positive
2009630,10027554,0,0.997,Manual,Open
2009631,10339598,0,0.371,Rule,Open
2009632,10060766,0,0.311,Rule,False Positive
2009633,10030085,0,0.279,Rule,Open
2009634,10208576,0,0.071,Manual,Open
2009635,10390959,0,0.855,ML Model,Confirmed
2009636,10150465,0,0.004,Rule,Open
2009637,10397617,0,0.161,Rule,Closed
2009638,10081134,0,0.288,Manual,Open
2009639,10140890,0,0.29,Manual,False Positive
2009640,10347206,0,0.88,ML Model,Closed
2009641,10235577,0,0.952,Rule,Closed
2009642,10001387,0,0.053,Manual,Closed
2009643,10246850,0,0.256,Rule,False Positive
2009644,10293288,0,0.142,Rule,Confirmed
2009645,10307886,0,0.132,ML Model,Open
2009646,10277946,0,0.172,ML Model,Open
2009647,10129670,0,0.597,Manual,False Positive
2009648,10119233,0,0.099,Manual,Confirmed
2009649,10009239,0,0.108,Manual,Closed
2009650,10256712,0,0.955,Rule,Open
2009651,10375205,0,0.776,Manual,Confirmed
2009652,10208205,0,0.774,ML Model,Confirmed
2009653,10272585,0,0.09,Manual,Confirmed
2009654,10006069,0,0.122,ML Model,Confirmed
2009655,10211787,0,0.307,Rule,False Positive
2009656,10311241,0,0.48,Rule,False Positive
2009657,10202204,0,0.807,Manual,Open
2009658,10113066,0,0.529,Manual,Open
2009659,10108410,0,0.885,Rule,False Positive
2009660,10210861,0,0.309,Manual,Confirmed
2009661,10352985,0,0.57,ML Model,False Positive
2009662,10368042,0,0.858,Rule,Confirmed
2009663,10231988,0,0.562,Rule,Closed
2009664,10361602,0,0.538,ML Model,False Positive
2009665,10109913,0,0.468,ML Model,Closed
2009666,10226862,0,0.568,Rule,False Positive
2009667,10393530,0,0.141,Manual,Closed
2009668,10136261,0,0.369,ML Model,Open
2009669,10165120,0,0.664,ML Model,Closed
2009670,10227795,0,0.996,Manual,Confirmed
2009671,10050761,0,0.63,Rule,Open
2009672,10129809,0,0.901,ML Model,Closed
2009673,10363536,0,0.106,ML Model,Confirmed
2009674,10131480,0,0.582,Rule,Closed
2009675,10308927,0,0.665,ML Model,Closed
2009676,10101021,0,0.731,ML Model,Open
2009677,10151274,0,0.689,Manual,Open
2009678,10310246,0,0.378,Manual,Confirmed
2009679,10344636,0,0.803,Rule,Confirmed
2009680,10282274,0,0.706,Rule,Open
2009681,10073172,0,0.511,ML Model,Closed
2009682,10101696,0,0.792,Rule,False Positive
2009683,10323397,0,0.569,Rule,Open
2009684,10266588,0,0.516,ML Model,Open
2009685,10096768,0,0.434,Rule,False Positive
2009686,10050918,1,0.487,ML Model,False Positive
2009687,10112268,0,0.984,Rule,False Positive
2009688,10052488,0,0.196,ML Model,Closed
2009689,10190666,0,0.709,Rule,Open
2009690,10270568,0,0.726,ML Model,Confirmed
2009691,10249127,0,0.581,Manual,Open
2009692,10217989,0,0.981,Rule,False Positive
2009693,10011750,0,0.051,ML Model,Confirmed
2009694,10309513,0,0.325,Rule,Confirmed
2009695,10048356,0,0.922,Rule,Closed
2009696,10314726,0,0.664,Manual,False Positive
2009697,10134138,0,0.284,ML Model,Confirmed
2009698,10078401,0,0.433,Rule,False Positive
2009699,10034174,0,0.261,Manual,Confirmed
2009700,10248670,0,0.877,Rule,Confirmed
2009701,10149693,0,0.399,Rule,False Positive
2009702,10219775,0,0.561,Rule,False Positive
2009703,10113369,0,0.183,Rule,False Positive
2009704,10141506,0,0.828,ML Model,Open
2009705,10378953,0,0.81,Rule,Confirmed
2009706,10027729,1,0.996,ML Model,False Positive
2009707,10004968,0,0.491,ML Model,Closed
2009708,10396342,1,0.405,ML Model,Closed
2009709,10190705,0,0.905,ML Model,Confirmed
2009710,10350947,0,0.336,Manual,Closed
2009711,10386708,0,0.452,ML Model,False Positive
2009712,10228930,0,0.4,Rule,False Positive
2009713,10209308,0,0.528,Rule,False Positive
2009714,10066595,0,0.36,Manual,Open
2009715,10181685,0,0.363,Rule,Open
2009716,10304552,0,0.219,Rule,Confirmed
2009717,10166293,0,0.606,Manual,Open
2009718,10092876,1,0.554,Rule,Confirmed
2009719,10337047,0,0.048,Manual,Closed
2009720,10349127,0,0.617,Rule,Confirmed
2009721,10318556,0,0.762,Rule,Closed
2009722,10035188,0,0.78,Rule,Closed
2009723,10396765,0,0.758,ML Model,False Positive
2009724,10253368,0,0.191,ML Model,Closed
2009725,10015134,0,0.401,Rule,Confirmed
2009726,10111903,0,0.34,Rule,Open
2009727,10161242,0,0.061,ML Model,Closed
2009728,10119471,0,0.692,Rule,Closed
2009729,10108655,0,0.796,Manual,Confirmed
2009730,10042179,0,0.07,Manual,False Positive
2009731,10249044,0,0.038,Rule,Open
2009732,10020900,0,0.99,Rule,Open
2009733,10024931,0,0.409,Rule,Closed
2009734,10145434,0,0.531,Rule,Confirmed
2009735,10285401,0,0.88,Manual,Confirmed
2009736,10026105,0,0.219,ML Model,False Positive
2009737,10298335,0,0.701,Rule,Closed
2009738,10332232,0,0.854,Manual,Closed
2009739,10113455,0,0.961,Manual,Closed
2009740,10044688,0,0.011,ML Model,False Positive
2009741,10370984,0,0.948,Rule,False Positive
2009742,10183361,0,0.901,Manual,False Positive
2009743,10317221,0,0.914,ML Model,False Positive
2009744,10315387,0,0.26,Manual,Closed
2009745,10217125,0,0.07,ML Model,Confirmed
2009746,10263943,0,0.459,ML Model,Confirmed
2009747,10279383,0,0.921,Manual,Open
2009748,10190836,0,0.651,Manual,False Positive
2009749,10012954,0,0.71,ML Model,Closed
2009750,10021363,0,0.467,Manual,Open
2009751,10269644,0,0.07,ML Model,Open
2009752,10079212,0,0.242,Manual,Open
2009753,10327281,0,0.317,ML Model,Closed
2009754,10321797,0,0.173,Rule,Closed
2009755,10280821,0,0.375,Rule,Closed
2009756,10087956,1,0.688,ML Model,Confirmed
2009757,10331001,0,0.215,ML Model,Closed
2009758,10099806,0,0.644,ML Model,Confirmed
2009759,10330912,0,0.89,Manual,Open
2009760,10061871,0,0.248,ML Model,Closed
2009761,10334392,0,0.255,ML Model,Confirmed
2009762,10209470,1,0.45,Manual,False Positive
2009763,10164961,1,0.206,Rule,False Positive
2009764,10323849,1,0.044,Manual,Confirmed
2009765,10372151,0,0.502,Rule,Closed
2009766,10216432,0,0.892,Rule,False Positive
2009767,10065496,0,0.113,ML Model,False Positive
2009768,10023793,0,0.991,Rule,False Positive
2009769,10366510,0,0.178,ML Model,Confirmed
2009770,10010288,0,0.571,Manual,False Positive
2009771,10013956,0,0.588,Manual,Open
2009772,10325304,0,0.164,Rule,Confirmed
2009773,10159049,0,0.167,Manual,Open
2009774,10045973,0,0.268,Manual,Open
2009775,10193840,0,0.815,Manual,Open
2009776,10107588,0,0.88,Manual,Confirmed
2009777,10048323,0,0.827,Rule,Confirmed
2009778,10001164,0,0.015,ML Model,Confirmed
2009779,10110407,0,0.914,Manual,Closed
2009780,10119653,0,0.486,Rule,Open
2009781,10138838,0,0.752,ML Model,Open
2009782,10009630,0,0.555,Rule,Closed
2009783,10336415,0,0.014,Rule,Confirmed
2009784,10202341,0,0.382,Rule,Closed
2009785,10141077,0,0.692,Manual,Closed
2009786,10169503,1,0.907,ML Model,Open
2009787,10350127,0,0.656,Manual,Closed
2009788,10248237,0,0.7,ML Model,Confirmed
2009789,10188793,0,0.824,Manual,Open
2009790,10061135,0,0.786,Manual,Open
2009791,10392356,0,0.965,Rule,Open
2009792,10163511,0,0.828,Manual,False Positive
2009793,10388328,0,0.957,Rule,Open
2009794,10084021,0,0.873,Manual,Open
2009795,10148460,0,0.158,Rule,False Positive
2009796,10245033,0,0.914,ML Model,False Positive
2009797,10261423,0,0.59,ML Model,Closed
2009798,10264075,0,0.453,Manual,False Positive
2009799,10044940,0,0.896,ML Model,Open
2009800,10057009,0,0.011,Manual,Confirmed
2009801,10037600,0,0.407,ML Model,False Positive
2009802,10390247,0,0.011,ML Model,Confirmed
2009803,10330771,0,0.761,ML Model,Closed
2009804,10208445,0,0.406,ML Model,False Positive
2009805,10084223,0,0.305,ML Model,Closed
2009806,10368802,0,0.988,ML Model,Closed
2009807,10160867,0,0.232,Manual,Closed
2009808,10280485,0,0.018,Rule,Open
2009809,10187219,0,0.623,Rule,Open
2009810,10184989,0,0.382,Manual,False Positive
2009811,10040289,0,0.429,ML Model,Closed
2009812,10062129,0,0.901,ML Model,False Positive
2009813,10064447,0,0.884,Rule,Open
2009814,10270159,0,0.25,ML Model,Confirmed
2009815,10397711,0,0.471,Manual,Closed
2009816,10314811,0,0.533,Rule,False Positive
2009817,10232398,0,0.329,Manual,Closed
2009818,10101140,0,0.998,ML Model,False Positive
2009819,10205463,1,0.108,Manual,False Positive
2009820,10361801,0,0.945,Rule,Confirmed
2009821,10054563,0,0.373,Manual,Confirmed
2009822,10348504,0,0.161,Manual,False Positive
2009823,10222491,0,0.377,Rule,False Positive
2009824,10321493,1,0.853,ML Model,Confirmed
2009825,10168006,0,0.931,Rule,Open
2009826,10010097,0,0.904,Manual,Open
2009827,10343457,0,0.817,Manual,Open
2009828,10334352,0,0.112,Rule,Confirmed
2009829,10378155,0,0.511,Rule,False Positive
2009830,10283399,0,0.72,ML Model,Open
2009831,10135392,0,0.128,ML Model,Closed
2009832,10372798,0,0.082,ML Model,False Positive
2009833,10108988,0,0.126,Rule,Closed
2009834,10167619,0,0.084,Rule,False Positive
2009835,10035037,0,0.35,ML Model,Open
2009836,10205127,1,0.311,Rule,Confirmed
2009837,10312768,1,0.592,ML Model,Closed
2009838,10157205,0,0.468,Rule,Open
2009839,10024644,0,0.236,Rule,False Positive
2009840,10063383,0,0.316,Rule,Closed
2009841,10355607,0,0.845,Manual,Closed
2009842,10307836,0,0.338,Rule,Closed
2009843,10347672,0,0.986,ML Model,Confirmed
2009844,10180596,0,0.669,ML Model,Open
2009845,10225008,0,0.838,Manual,Open
2009846,10296649,0,0.616,Rule,Confirmed
2009847,10059750,0,0.018,Manual,Closed
2009848,10141000,0,0.608,Manual,Open
2009849,10295412,0,0.954,ML Model,False Positive
2009850,10013173,0,0.428,Rule,False Positive
2009851,10278772,0,0.444,Rule,Open
2009852,10020826,0,0.551,Manual,Closed
2009853,10082810,0,0.277,Manual,False Positive
2009854,10128760,0,0.033,Manual,Open
2009855,10144799,0,0.769,Rule,Confirmed
2009856,10103121,0,0.347,ML Model,False Positive
2009857,10192273,0,0.987,Manual,Open
2009858,10064699,0,0.142,Rule,Open
2009859,10172493,0,0.152,Manual,False Positive
2009860,10394561,0,0.872,Manual,False Positive
2009861,10177996,0,0.196,Rule,False Positive
2009862,10252809,0,0.935,ML Model,Confirmed
2009863,10211198,0,0.561,Rule,Closed
2009864,10266903,0,0.612,Manual,False Positive
2009865,10049282,0,0.392,Rule,False Positive
2009866,10172408,0,0.907,Rule,Closed
2009867,10193321,0,0.404,Rule,Confirmed
2009868,10178668,0,0.749,Manual,Closed
2009869,10133782,0,0.275,Manual,Open
2009870,10167959,0,0.068,Manual,Confirmed
2009871,10180490,0,0.265,Rule,Confirmed
2009872,10191818,0,0.539,ML Model,Open
2009873,10327603,0,0.56,Manual,Confirmed
2009874,10006536,0,0.99,ML Model,Confirmed
2009875,10165756,0,0.221,ML Model,Closed
2009876,10137577,0,0.5,ML Model,False Positive
2009877,10385969,0,0.303,Rule,Confirmed
2009878,10207519,0,0.999,ML Model,Confirmed
2009879,10258648,0,0.087,ML Model,False Positive
2009880,10070959,0,0.988,ML Model,Closed
2009881,10011888,0,0.777,Manual,False Positive
2009882,10193742,0,0.812,Rule,Open
2009883,10292466,0,0.802,Rule,False Positive
2009884,10378339,0,0.386,ML Model,False Positive
2009885,10123623,0,0.446,Rule,Closed
2009886,10112050,0,0.158,Rule,False Positive
2009887,10322036,0,0.553,ML Model,Open
2009888,10189538,0,0.624,ML Model,False Positive
2009889,10358451,0,0.724,ML Model,False Positive
2009890,10241800,0,0.65,Manual,Closed
2009891,10272600,0,0.795,Rule,Confirmed
2009892,10380655,0,0.764,Manual,Open
2009893,10184251,1,0.59,ML Model,Open
2009894,10257478,0,0.149,Rule,Open
2009895,10262250,0,0.545,Rule,False Positive
2009896,10026884,0,0.004,Rule,False Positive
2009897,10054400,0,0.52,Rule,Closed
2009898,10386799,0,0.294,Rule,Confirmed
2009899,10233364,0,0.748,ML Model,Confirmed
2009900,10397631,0,0.679,ML Model,Closed
2009901,10088061,0,0.931,Manual,Closed
2009902,10241142,0,0.246,Rule,Closed
2009903,10242992,0,0.397,ML Model,False Positive
2009904,10162635,0,0.783,Manual,False Positive
2009905,10212252,0,0.056,ML Model,Closed
2009906,10237891,0,0.589,Manual,Open
2009907,10218352,0,0.424,Rule,False Positive
2009908,10190034,0,0.119,Manual,False Positive
2009909,10083227,0,0.794,Rule,Open
2009910,10071922,0,0.793,Manual,Closed
2009911,10313766,0,0.786,ML Model,False Positive
2009912,10097340,0,0.637,ML Model,Closed
2009913,10113123,0,0.909,Manual,False Positive
2009914,10026019,0,0.139,Manual,Open
2009915,10390128,0,0.032,Rule,False Positive
2009916,10256703,0,0.227,Rule,Confirmed
2009917,10382833,0,0.499,Rule,False Positive
2009918,10097960,0,0.611,ML Model,Confirmed
2009919,10355157,0,0.857,Manual,False Positive
2009920,10122373,0,0.674,Rule,Open
2009921,10039942,0,0.363,Manual,Confirmed
2009922,10039654,0,0.106,Rule,Confirmed
2009923,10364417,0,0.266,Rule,False Positive
2009924,10231442,0,0.624,ML Model,Open
2009925,10375121,0,0.454,Manual,Closed
2009926,10348276,0,0.93,Manual,False Positive
2009927,10321515,0,0.254,Rule,Closed
2009928,10362397,0,0.632,Manual,Open
2009929,10055659,0,0.392,Rule,Open
2009930,10373424,0,0.446,Manual,Closed
2009931,10073276,0,0.377,Manual,False Positive
2009932,10276084,0,0.482,Rule,False Positive
2009933,10181792,0,0.263,Manual,False Positive
2009934,10241610,0,0.076,Rule,False Positive
2009935,10339099,0,0.325,Manual,Closed
2009936,10384512,0,0.254,Manual,Confirmed
2009937,10192909,0,0.497,Manual,Closed
2009938,10392034,0,0.492,Rule,Confirmed
2009939,10308325,0,0.891,Manual,Confirmed
2009940,10190079,0,0.331,ML Model,Closed
2009941,10175331,0,0.574,ML Model,False Positive
2009942,10065690,0,0.473,Manual,Open
2009943,10331530,0,0.869,ML Model,Confirmed
2009944,10121230,0,0.322,ML Model,Confirmed
2009945,10308634,0,0.977,ML Model,Confirmed
2009946,10293284,0,0.347,Rule,False Positive
2009947,10091907,0,0.456,Rule,Open
2009948,10311285,0,0.434,Rule,Confirmed
2009949,10313601,0,0.927,ML Model,Confirmed
2009950,10271625,0,0.575,Manual,Confirmed
2009951,10084515,0,0.994,Manual,Open
2009952,10044409,1,0.49,Manual,Closed
2009953,10154673,0,0.371,Manual,Open
2009954,10287571,0,0.725,ML Model,Open
2009955,10249473,0,0.967,Rule,Open
2009956,10296943,0,0.061,Manual,False Positive
2009957,10040010,0,0.142,Rule,False Positive
2009958,10104675,0,0.122,Rule,Closed
2009959,10154994,1,0.657,ML Model,Open
2009960,10375166,0,0.717,Manual,False Positive
2009961,10178920,0,0.959,ML Model,Open
2009962,10003419,0,0.338,Manual,Confirmed
2009963,10213234,0,0.337,Manual,Confirmed
2009964,10249628,0,0.578,Rule,False Positive
2009965,10162478,0,0.145,ML Model,Confirmed
2009966,10249531,0,0.023,Manual,Open
2009967,10037602,0,0.713,ML Model,Open
2009968,10044559,0,0.29,Manual,Closed
2009969,10159612,0,0.636,Manual,Open
2009970,10190330,0,0.49,Rule,False Positive
2009971,10249248,0,0.995,ML Model,Closed
2009972,10094508,0,0.38,ML Model,Open
2009973,10385600,0,0.172,ML Model,Open
2009974,10105713,0,0.61,Rule,False Positive
2009975,10031089,0,0.086,Rule,False Positive
2009976,10147645,0,0.842,Manual,Confirmed
2009977,10147026,0,0.034,Manual,Open
2009978,10245623,0,0.601,Rule,Closed
2009979,10045668,1,0.211,Rule,Open
2009980,10017685,0,0.703,Manual,Open
2009981,10124899,0,0.109,ML Model,Open
2009982,10209022,0,0.541,ML Model,Confirmed
2009983,10335764,0,0.358,Rule,False Positive
2009984,10176361,0,0.985,ML Model,Closed
2009985,10038845,1,0.7,Manual,Open
2009986,10123546,0,0.433,Manual,Open
2009987,10286419,0,0.939,ML Model,Confirmed
2009988,10206630,0,0.483,ML Model,Open
2009989,10395714,0,0.038,Manual,Confirmed
2009990,10193012,0,0.621,ML Model,Closed
2009991,10102119,0,0.014,Rule,False Positive
2009992,10123294,0,0.832,Rule,False Positive
2009993,10250064,0,0.593,Manual,False Positive
2009994,10038246,0,0.894,Rule,Closed
2009995,10270074,0,0.382,ML Model,Open
2009996,10151419,0,0.995,ML Model,False Positive
2009997,10055197,1,0.173,ML Model,Confirmed
2009998,10091223,0,0.082,Manual,Open
2009999,10010877,1,0.351,ML Model,Closed
2010000,10096526,0,0.531,Rule,Open
